Income,HousingExpense,TransportationExpense,FoodExpense,UtilitiesExpense,EntertainmentExpense,Savings,HousingBudget,TransportationBudget,FoodBudget,UtilitiesBudget,EntertainmentBudget,SavingsBudget
33925.0,7933.0,2382.0,5321.0,2410.0,2587.0,5023.0,30.9206423448706,9.284377923292798,20.739787963829123,9.393514187714375,10.08341128780792,19.57826629248519
,6992.0,2536.0,5694.0,3216.0,1060.0,-6054.0,27.363807138384477,9.924859110832813,22.283969943644333,12.58609893550407,4.148403256105198,23.69286161552912
,7655.0,2249.0,5402.0,3555.0,1836.0,1777.0,34.061582272848625,10.007119337901576,24.036664590193112,,8.169440242057489,7.906914656936904
28831.0,9429.0,1028.0,6110.0,3377.0,1979.0,,37.5911972252123,4.0983933341306855,,13.46330183789818,7.889805844595942,12.59817406211378
33537.0,10555.0,1922.0,7197.0,3542.0,2007.0,4703.0,35.27033348927354,6.422508855176101,24.0493216600949,11.835861792421303,6.706542805587115,15.715431397447036
33884.0,9140.0,1422.0,,2894.0,2090.0,3226.0,38.083333333333336,5.925,21.78333333333333,12.058333333333334,8.708333333333334,13.441666666666666
38039.0,8203.0,1898.0,,2766.0,,3368.0,32.11824588880188,7.431480031323415,27.4079874706343,10.830070477682067,9.025058731401725,13.187157400156618
36767.0,10996.0,2490.0,5218.0,2631.0,1982.0,4300.0,,9.01618568273165,18.894159394575805,9.526740775609223,7.176738965130173,
36732.0,7374.0,2152.0,5152.0,2972.0,1815.0,6299.0,28.62133209129017,8.352740257723957,19.9968948920975,11.535475857786055,7.044713553795995,24.44884334730632
,10061.0,2574.0,6818.0,2960.0,1796.0,4314.0,35.2732882235389,9.024296182028538,23.90351646040038,10.377590015075551,6.296672860498545,15.124636258458086
31456.0,7423.0,2170.0,6921.0,3103.0,1694.0,7156.0,26.07580707485861,7.622861558998138,,,5.950749991217901,
30160.0,8862.0,1350.0,6851.0,2935.0,2393.0,3004.0,34.89663319551093,5.316007088009451,26.977751525890923,11.557393187635364,9.42311478637527,11.829100216578066
34364.0,7772.0,739.0,4684.0,2933.0,1676.0,2496.0,38.285714285714285,3.640394088669951,23.073891625615765,14.448275862068966,8.25615763546798,12.295566502463052
33660.0,7888.0,2074.0,5534.0,2611.0,2423.0,8852.0,26.846368524947245,7.05874344836975,18.834660676604724,8.886393029746104,8.246545504050099,30.12728881628208
28454.0,7245.0,,6822.0,3470.0,2009.0,3684.0,28.838116466982445,7.534928153484854,27.154400350276635,13.812044739879791,,14.663853839111573
32024.0,10689.0,1511.0,6041.0,3038.0,1739.0,2378.0,42.08930540242558,5.949755867065679,23.787210584343992,11.962513781697904,6.847535044888958,9.363679319577884
,6534.0,1149.0,4926.0,2912.0,2309.0,1515.0,33.77616955285603,5.939519255621608,25.46394417162057,15.052985267510984,11.935900749547686,7.831481002843112
25730.0,56238.0,1632.0,6458.0,2626.0,1636.0,7150.0,,6.271857345989777,24.818415894854155,10.09184889128012,6.287229545367204,27.47780638714884
36452.0,12241.0,1902.0,5285.0,2334.0,2319.0,4317.0,43.10514824987675,6.69765476442003,18.610465525741247,8.218888654130572,8.166068032960068,15.20177477287133
30275.0,9955.0,2332.0,7794.0,,2106.0,4492.0,32.82012396149281,7.688250032968483,25.69563497296585,12.043386522484504,6.943162336806013,14.809442173282342
40243.0,3229.0,2094.0,7544.0,3277.0,1701.0,,14.33454674598242,9.295924709224897,33.49018911480067,14.547633845334278,7.551274083281541,20.78043150137619
21872.0,,2804.0,6604.0,2188.0,2264.0,7025.0,24.74958564531239,10.103048209267133,23.79476832168336,7.88354831735966,,25.311666786769475
27216.0,4376.0,1482.0,7361.0,3381.0,2273.0,4640.0,18.61098115935865,,31.306085994981498,,9.66699272742738,19.733764300599667
30163.0,6098.0,,6064.0,,2578.0,9688.0,20.106169013155725,8.045105344719575,19.99406508622111,,8.500115401101256,31.943024827722645
,1722.0,2023.0,6765.0,3062.0,2483.0,5267.0,8.076165462902168,9.48785292186474,31.7277928899728,,11.64524903855173,24.70218553606604
,7726.0,2347.0,7477.0,3799.0,2245.0,7123.0,25.152195852459556,,24.341569814760557,12.367744245857343,7.308656444314224,23.18911352020054
31552.0,5716.0,1781.0,6245.0,,1436.0,6610.0,22.9595115681234,7.153759640102828,25.08435089974293,12.483933161953727,,26.550449871465297
24363.0,8119.0,2535.0,5744.0,2291.0,3224.0,4927.0,30.249627421758568,9.444858420268258,21.40089418777944,8.535767511177347,12.01192250372578,18.35692995529061
24215.0,4749.0,2147.0,4295.0,3182.0,1298.0,3826.0,24.357593475919373,11.01195055649587,22.02903010719598,16.3204595578807,6.657434477099041,19.62353182540904
31612.0,8165.0,1660.0,5916.0,3122.0,2474.0,5663.0,,6.148148148148149,21.91111111111111,11.562962962962962,9.162962962962965,20.97407407407407
23179.0,7170.0,1993.0,6823.0,2698.0,2215.0,6020.0,26.635461941379692,7.403692559158959,25.346409599167878,10.02266057431554,8.228388870314648,22.363386455663285
150330.0,,1880.0,6945.0,3286.0,1412.0,3854.0,,6.624383368569416,24.47145877378436,11.578576462297391,,13.579985905567302
32504.0,10822.0,2244.0,6504.0,2166.0,1937.0,5332.0,37.31080848129633,7.73659713842441,22.42372004826754,7.467677986554043,6.678158938114118,18.38303740734356
25088.0,9570.0,1410.0,5458.0,3495.0,1960.0,7472.0,,,18.5867529371701,11.901924059254211,6.6746126340882,25.44525796015665
38026.0 USD,7346.0,1985.0,4023.0,2560.0,2652.0,9139.0,,7.16477170185887,14.52084461288576,9.240209348493051,9.57227937195452,
,11970.0,2197.0,5504.0,2507.0,1643.0,25802.5,39.20862131088473,7.196436175439745,18.028759540109405,8.21186412918864,5.381768154869141,21.97255068950833
22142.0,56238.0,2016.0,5695.0,2943.0,1869.0,8725.0,18.71772311694273,,21.78570062354156,11.258176810374508,7.149688229218469,33.376687961439885
25338.0,5192.0,2673.0,5687.0,3216.0,831.0,3741.0,24.329896907216494,12.525773195876289,26.649484536082475,,3.8940955951265233,
18571.0,7832.0,2387.0,,3081.0,2867.0,6403.0,26.83294504590928,8.178018363711114,22.673701521173083,10.555707825133616,9.822529806769904,21.937097437303
26087.0,12508.0,1996.0,7985.0,2628.0,1464.0,7677.0,36.51117987039524,5.826376320859361,,7.67120088738397,4.273454375620293,22.40936423609084
33831.0,7595.0,2108.0,6123.0,2746.0,2163.0,3207.0,31.72249603207752,8.804611143597025,25.574304569375997,11.469384345501629,9.034332971347425,13.394870938100407
27930.0,7633.0,2147.0,5783.0,2433.0,1949.0,4028.0,31.83998665164977,8.95590873065532,24.12297167646936,10.148917532223752,8.129979560338715,
32303.0,5116.0,2201.0,,2887.0,1950.0,8475.0,19.401570025408624,8.346922522659185,21.767985134058936,10.948462209412568,7.395047214532216,32.14001289392848
22388.0,9891.0,1087.0,6124.0,3537.0,,3049.0,37.90817108692319,4.166027901272421,23.470795646175077,13.55587919668864,9.213552046604324,11.685574122336348
,9906.0,1849.0,5171.0,,2835.0,2317.0,39.50548354935194,7.373878364905284,,11.952143569292122,11.306081754735793,9.240279162512463
27224.0,9578.0,1257.0,6120.0,3429.0,2125.0,8055.0,31.337521266849887,4.11268158617982,,11.219081272084804,6.952624002093967,26.35453474676089
30060.0,6741.0,2639.0,6450.0,3727.0,2327.0,7393.0,23.024900092222563,9.013901697578303,22.0309457936264,12.730129453154357,7.948218738258701,25.251904225159684
29535.0,6586.0,1969.0,6209.0,2705.0,2164.0,5864.0,,7.722477154175,24.35188453543554,10.609091265639096,8.487273012511276,
23642.0,,1903.0,,,2508.0,,22.465241751400704,7.897904129487446,26.798090890226188,12.060593484125338,10.40879850591409,20.369371238846234
24234.0,8167.0,2448.0,6433.0,4085.0,1768.0,4122.0,30.222403138067573,9.058949783517743,23.80564704140917,15.11675239610702,6.542574843651703,15.25367279724679
34838.0,5839.0,2211.0,4228.0,3722.0,2537.0,5563.0,24.228215767634858,9.17427385892116,17.543568464730292,15.443983402489629,10.526970954356846,23.08298755186722
31994.0,5645.0,1435.0,6636.0,,2555.0,8159.0,21.227390666716804,5.396156883390366,24.9539352461174,8.133719399842064,9.607791524085286,
35250.0,56238.0,1964.0,5328.0,3193.0,2541.0,5477.0,27.87760670434613,7.65542779185344,,12.44591697524849,9.90450204638472,21.348664977587216
31623.0,7021.0,1832.0,4904.0,3000.0,1669.0,9333.0,25.292697863755897,6.599661371086854,17.666342447494507,10.807305738679348,,33.62152815303145
,6924.0,1127.0,4895.0,3413.0,1915.0,3204.0,32.2376385138281,5.247229723437936,22.79076264084179,15.89067883415588,8.916100195548934,14.917590092187355
21369.0,8932.0,,6433.0,2627.0,2119.0,4960.0,33.421889616463986,6.188961646398504,24.0710944808232,9.82974742750234,7.9289055191768,18.559401309635174
28648.0,8158.0,1908.0,5777.0,2580.0,1314.0,4253.0,34.005835764902045,7.953313880783659,24.080867027928303,,5.477282200917049,17.728220091704877
29863.0,7423.0,1942.0,4318.0,2661.0,2797.0,,33.78698224852071,8.839326354119253,19.654073736913976,12.11197086936732,12.73099681383705,
39765.0,8366.0,1258.0,6478.0,2714.0,1993.0,4693.0,32.80527017488824,4.9329464355736805,25.401929260450164,10.642302564504744,7.815073327582151,18.40247823700102
33434.0,6016.0,2575.0,4560.0,3407.0,2141.0,5834.0,24.522072310765093,10.49606652264297,18.587209065340563,13.887416948599846,8.727020747564506,23.780214405087023
37680.0,8210.0,1948.0,6139.0,2409.0,1711.0,6048.0,31.022104666540717,7.360665029283959,23.1966748535802,9.102588324201776,6.465142641224259,22.85282448516909
32987.0,8301.0,2018.0,6238.0,2688.0,1336.0,9340.0,27.74305671601885,6.744426991076502,20.848233682029345,8.983656963336786,4.465091407372748,31.21553424016577
26443.0,4993.0,2200.0,,2105.0,1697.0,,20.97194220430108,9.240591397849462,28.91885080645161,8.841565860215054,7.127856182795698,24.899193548387096
30585.0,9991.0,1605.0,7781.0,3503.0,2109.0,7300.0,30.94242621326148,4.970733066988758,24.09799002756357,10.848895908823438,,22.60831862244108
31181.0,6237.0,2228.0,4635.0,3635.0,,5132.0,25.76953270255753,9.205470396231872,19.15051853076065,15.01879932239805,9.651696070735031,21.203982977316866
25304.0,8180.0,1816.0,5947.0,2836.0,2080.0,,27.99931542016088,6.21598493924354,20.355981516344343,9.7073421187746,7.119630326886874,28.60174567858976
28078.0,10328.0,1551.0,5723.0,2851.0,2173.0,9796.0,31.854913330454632,4.783788785392635,17.651594596261795,,6.702239220282524,30.21405218678675
28971.0,9851.0,2286.0,,3226.0,1831.0,6062.0,33.18063929401462,7.699821482704032,21.66795782949914,,6.16726733807134,20.418336757721715
38028.0,8068.0,2745.0,6215.0,3737.0,,,30.998578399354518,10.546739923925156,23.879048680216695,14.358166519383715,8.637184462289161,11.580282014830754
19596.0,7275.0,2362.0,5647.0,3204.0,2741.0,3902.0,28.948310851140025,9.398750547133025,22.47025585929728,12.749194222275278,10.906848115872826,15.526640404281563
36029.0,9895.0,2461.0,5559.0,2651.0,2352.0,5563.0,34.74245988553773,8.64084828482146,19.518275341455706,9.30795969242653,8.258137003616445,
,9349.0,1739.0,4883.0,,2404.0,5912.0,35.30989160403369,6.567964648562903,18.44242172451562,8.271329833440344,9.079578502096158,22.328813687351285
23139.0,6763.0,1201.0,6987.0,2442.0,2147.0,6396.0,26.075724861196797,4.630629241209131,26.939389265885254,9.415484268969772,8.278069093152375,24.66070326958668
35899.0,6410.0,2745.0,6459.0,3036.0,1248.0,5920.0,24.827639631265008,10.632117127585406,25.017429700209156,11.759237741110852,4.833836858006042,
33659.0,3855.0,3027.0,6917.0,2672.0,1477.0,5013.0,16.789338443447583,13.183223727189583,30.12499455598624,11.637123818649012,,21.83267279299682
36272.0,8308.0,2771.0,5689.0,3097.0,2227.0,3727.0,32.177853518726515,10.73240636740385,,11.995042410627832,8.625430884232541,
34003.0,7834.0,1832.0,5343.0,2723.0,1994.0,5802.0,30.687872140394862,7.176433719837042,20.92995926041993,10.666718896897525,7.8110310247571295,22.72798495769351
40299.0,10272.0,1422.0,4921.0,2470.0,,8709.0,34.225169093392864,4.7379468896811385,16.396228301069538,8.229767100922933,7.393462832772466,29.017425782161062
32793.0,8718.0,1467.0,6358.0,2411.0,2838.0,7039.0,30.238285179147447,5.088273039436717,22.05265165967188,8.362526447226944,9.843571156047313,24.414692518469703
29217.0,10668.0,1158.0,4960.0,,2363.0,6069.0,36.78747543018725,3.993241146246422,17.104038070278285,13.038380633814958,8.14855684678782,20.928307872685263
31714.0,6605.0,1946.0,7848.0,,2629.0,7059.0,22.366326910704007,6.589685415326267,,11.662320950865194,8.902509227591345,23.903694422809927
36217.0,10276.0,2802.0,4692.0,3865.0,2047.0,4257.0,36.78012813629693,10.028991731987544,16.79372919574788,13.83370915208132,7.326675972654711,15.236765811231612
,6942.0,1929.0,6273.0,3269.0,1596.0,3983.0,28.934644881627207,,26.14621540513504,13.62537512504168,6.652217405801935,16.601367122374125
,9555.0,2151.0,7566.0,2785.0,1971.0,3504.0,,7.812727008571843,27.480749673107656,10.11550196135406,7.1589423216620665,12.727008571843673
,5082.0,2687.0,6599.0,3661.0,1597.0,4749.0,,11.023589743589744,27.07282051282051,15.01948717948718,6.551794871794872,19.48307692307692
19477.0,8470.0,1797.0,6175.0,2983.0,2779.0,4155.0,32.133237224477405,6.8174058196441445,23.42653363177662,11.316817785196708,10.542888576956637,15.763116961948482
150330.0,4030.0,3017.0,5031.0,3110.0,2395.0,7416.0,,12.068482739309571,20.12480499219969,12.440497619904797,9.580383215328611,29.6651866074643
150330.0,7465.0,2996.0,4618.0,2978.0,2260.0,4049.0,30.636953131412625,12.295822047114832,18.952638923089552,12.221948616925223,9.27521956825084,16.617417713206926
30265.0,8880.0,1934.0,6770.0,1526.0,2617.0,3394.0,35.34891126945583,7.698738107559413,26.949564109709005,6.074598941124956,10.417578918036702,13.510608654114089
34326.0,6958.0,,7506.0,3802.0,989.0,8885.0,23.309101872634084,5.7318012796891225,25.14488626846672,12.73659173897022,3.313121838464373,
27615.0,5899.0,2348.0,5561.0,3245.0,2294.0,4097.0,25.162088380822382,10.015355741341068,23.720354888244326,13.84149462549053,9.785019621225048,17.475686742876643
38385.0,9692.0,1826.0,4860.0,3164.0,1344.0,5307.0,37.00225251021265,6.971328217462681,18.55457564998282,12.07956324208758,5.131141908143396,20.261138472110872
22697.0,7793.0,1421.0,3541.0,2969.0,1996.0,5902.0,32.99043264753196,6.015578697824062,14.99026331385996,12.568791804250276,8.449750232833798,24.98518330369994
35956.0,7020.0,2640.0,5019.0,3081.0,1844.0,2726.0,,11.822660098522167,22.47648902821317,13.797581728616212,8.25794894760412,12.207792207792208
33375.0,8083.0,2608.0,,,2330.0,7470.0,27.797647706169613,8.968979984868284,20.24210743517436,9.288809409175322,8.012930738014994,25.68952472659743
21419.0,13273.0,2077.0,7599.0,3308.0,2114.0,6274.0,38.31144465290807,5.995093087025545,21.93390099581469,9.548275364410449,6.101890604704863,18.109395295136384
43553.0,10307.0,1368.0,6673.0,2346.0,2672.0,8116.0,,,21.196239120767423,7.451877263198018,8.487389619465091,
29681.0,10325.0,1385.0,6305.0,3093.0,1699.0,3641.0,39.03886872353297,5.236690865093769,,11.69464609800363,6.423926194797339,13.766636418632787
25612.0,8871.0,2053.0,5599.0,3280.0,2354.0,5198.0,32.42917199780662,7.505026503381466,20.467921769329187,11.9904953390605,8.60537378906964,19.002010601352588
22964.0,8332.0,,5416.0,2900.0,2081.0,5078.0,,6.847439057792386,21.19184567828775,11.347184724341668,8.14258324529483,19.86931173455413
28899.0,3207.0,,7405.0,3185.0,1182.0,,14.358629952988585,8.188941123796733,,14.260129841056637,5.29214237743452,24.74591448399373
29362.0,6642.0,2510.0,6200.0,2504.0,1540.0,2090.0,30.913152750628317,11.682025504979986,28.855999255329053,11.654100344410312,7.167457879549474,9.727264265102855
30513.0,7038.0,,,2517.0,,5221.0,30.64797073680544,10.303083086570282,16.970040062706847,10.96063403588225,8.382685943215467,22.73558613481972
28511.0,4250.0,2689.0,5326.0,3118.0,2556.0,2147.0,21.159016230210096,,26.51598128049388,15.52325002489296,12.72528129045106,10.689037140296724
33166.0,5685.0,1504.0,5141.0,3339.0,2231.0,5716.0,24.07266260162601,6.368563685636857,21.769139566395665,14.138719512195122,9.446985094850948,24.203929539295395
28061.0,4038.0,,5453.0,2062.0,,742.0,25.986228200012874,11.763948774052384,35.09234828496042,13.269837183859964,9.112555505502284,4.775082051612073
20325.0,7923.0,2379.0,6562.0,3261.0,1929.0,1296.0,33.93147751605996,10.188436830835116,28.102783725910065,,8.261241970021413,5.550321199143469
29253.0,9637.0,2224.0,5892.0,2728.0,3008.0,6637.0,,7.382327557591449,19.55785700059749,9.055301068844187,9.984730797317932,22.030803956715133
18162.0,10213.0,,5923.0,2903.0,2055.0,3906.0,36.78239573579198,9.96182381329684,21.331844702153717,10.455233018799971,7.401138082547,
31768.0,8829.0,2210.0,7313.0,2330.0,,3024.0,34.56659619450317,8.652415629159815,28.63127398011119,9.122230052462612,7.188160676532769,11.839323467230445
25103.0,6073.0,2924.0,5303.0,2574.0,2245.0,7541.0,22.779444861215303,10.967741935483872,19.891222805701425,9.654913728432108,8.420855213803451,28.28582145536384
30816.0,4135.0,2270.0,7864.0,3483.0,2381.0,5655.0,16.034589731658137,8.802543818830463,30.494803784706065,13.50628199162401,9.232976578253451,21.928804094927877
36570.0,4486.0,2531.0,5328.0,3016.0,1771.0,6744.0,18.788741832802813,10.60060311609985,22.31529569442117,,7.417490366895628,28.245937342938515
150330.0,5462.0,,6089.0,2808.0,,4667.0,23.629677698464203,7.951546614752325,26.3422020333117,12.147955872809865,9.738265195760327,20.19035258490158
35306.0,,,5718.0,2941.0,1835.0,10359.0,21.39467711986796,6.901175985145451,19.66164637920363,10.112784540265457,6.30974485936318,35.61997111615432
27833.0,7680.0,2455.0,,3244.0,2359.0,3790.0,29.940353202604182,9.570776967759542,23.87041440879498,12.64668044130833,9.19652255272699,14.775252426805974
,5971.0,2806.0,6444.0,3220.0,2084.0,8488.0,,9.671526557060629,,11.098473098266297,7.18298693689036,29.25585082549202
28174.0,8677.0,2364.0,6433.0,2962.0,2240.0,4877.0,31.4920335353682,8.57982796791638,23.3477298297826,10.75019054186477,8.129786230174572,17.70043189489348
25797.0,7535.0,1958.0,5246.0,,1620.0,1690.0,34.892336188932624,,24.29266033804121,,7.501736513081732,7.825885621671683
,8021.0,2688.0,4877.0,3485.0,1589.0,5965.0,30.12582159624413,10.095774647887325,,13.089201877934272,5.968075117370892,22.4037558685446
27821.0,10280.0,904.0,8503.0,3206.0,2472.0,5629.0,33.16770987933148,2.916693553591017,27.43434213073498,10.343937536297348,7.975737239465704,18.161579660579463
25792.0,5639.0,1288.0,5516.0,3027.0,1960.0,2897.0,27.74142765779505,6.336399862252177,27.136321149210406,,9.642347616470705,14.251980124956953
,8837.0,,6699.0,3328.0,2142.0,3155.0,33.34591147503868,8.829855477151806,25.278291385230744,12.558016678615902,8.082713859854346,11.905211124108524
29776.0,7972.0,2007.0,4392.0,3157.0,1846.0,4950.0,32.77421476730801,8.251110014800197,18.056240749876665,12.97895083045552,7.589212300608453,20.35027133695116
36710.0,,2302.0,5720.0,3530.0,2449.0,5699.0,27.1261051307661,8.515518070506419,21.15932378944253,13.058114156771351,9.059297895165168,21.081640957348423
,,2032.0,,,1696.0,58.0,42.70664859902959,8.882283516195304,25.66770118459588,,7.413559470210254,0.2535297460331337
30115.0,9758.0,2285.0,6472.0,2490.0,1932.0,7106.0,32.480111839696434,7.605765070066238,21.54245581333422,8.288120360816164,6.430782545018807,23.652764371068137
33124.0,6107.0,1592.0,3277.0,2457.0,2392.0,4011.0,30.787457148618675,8.02581165557572,16.52046783625731,12.386569872958257,12.058882839282113,20.220810647307925
30967.0,7635.0,2285.0,6166.0,2649.0,2586.0,2336.0,32.27374561440588,9.658874751659129,26.06416705414888,,10.931225430105254,9.874455763621762
36549.0,8562.0,2497.0,4850.0,3488.0,1738.0,6882.0,30.560017132455297,8.912446014919514,17.310918370989043,12.449584181032945,6.203376521397723,24.563657779205485
29628.0,7453.0,2610.0,6324.0,2211.0,2979.0,4952.0,28.09378416072977,9.838290173018208,23.838064005428024,8.334275698292434,11.229220852651816,18.666365109879752
29077.0,9170.0,3006.0,4963.0,3197.0,2156.0,7432.0,30.64429889052266,10.045448469455955,16.585349552198906,10.683732121374147,7.204919128458761,24.83625183798957
,8562.0,2122.0,5144.0,3181.0,1478.0,,32.47856763523253,8.049465139215538,19.51293528563842,12.066611031029511,5.606554889613838,22.285866019270163
30496.0,11665.0,2136.0,5726.0,3581.0,2184.0,4996.0,38.51360274696249,7.052297939778129,18.90517696777601,11.823164289487584,7.210776545166403,16.49498151082937
28047.0,4939.0,1238.0,4947.0,,1808.0,,23.841475188260283,5.976057153890713,23.880092681984937,14.91600695114887,8.727553581772543,22.658814442942653
,7755.0,1734.0,5524.0,2328.0,2217.0,5965.0,30.38435920542256,6.793872193707637,21.643223758962503,9.12118481369745,8.68628296046703,23.37107706774282
26737.0,6182.0,1903.0,4806.0,2520.0,1978.0,4172.0,28.6721395111544,8.826121237419414,22.29024627800195,11.687769583971058,9.173971522656649,
26944.0,9208.0,2525.0,4166.0,2409.0,2037.0,3294.0,38.95257836625915,,17.623418926350524,10.190786412284783,8.617115783239562,13.934599602352046
27360.0,4765.0,1694.0,7017.0,2731.0,1544.0,6219.0,19.87901543596162,,29.274092615769717,11.393408427200669,,25.944931163954944
36765.0,8692.0,2398.0,4703.0,2908.0,2495.0,4711.0,33.55077778206662,9.256185586907014,18.15339483537268,11.224765507391824,9.630601767861968,18.18427452039989
13894.0,6739.0,1999.0,5821.0,2417.0,1421.0,5067.0,28.720593249232863,8.519434026593931,24.808216842823047,10.30088646437095,6.056085918854415,21.594783498124787
31977.0,6531.0,1911.0,6752.0,3735.0,1445.0,7178.0,23.70426829268293,6.935975609756098,,13.556184668989546,,26.052555168408823
30171.0,5107.0,2124.0,5385.0,2337.0,2183.0,4772.0,,9.695088552127077,24.580062077779807,10.667336132919482,9.96439656746394,
21595.0,7069.0,1804.0,5174.0,3673.0,2801.0,5030.0,27.6662361551407,7.060389025869829,20.24969668506125,14.375171226175102,10.962388947595006,19.686117960158118
31548.0,10169.0,1785.0,6226.0,3592.0,1823.0,3800.0,37.119912392772406,6.515787552473079,22.72677495893411,13.111881730242745,6.654498996167184,13.871144369410477
32378.0,7949.0,1147.0,7117.0,3449.0,2350.0,5861.0,28.51863810856384,4.115093459620421,25.533670577261148,12.373981989739177,8.431098195386216,21.0275176694292
32948.0,9255.0,1876.0,,2653.0,2536.0,,34.47055756266528,,17.989496815523857,9.881187381280494,9.445416961525568,21.22611642891728
16740.0,,1760.0,5849.0,,2407.0,6801.0,36.17524028482932,5.619950825430277,18.67675703292142,,7.685921384551521,21.716639524858703
36831.0,8527.0,1742.0,4267.0,2361.0,1844.0,3841.0,37.76016296165087,7.714108582056506,18.895580550881235,10.4552298290674,8.165795766539722,17.00912230980427
26311.0,6882.0,2208.0,5606.0,3455.0,1454.0,,29.051458482840136,9.320781797458736,23.66499219046815,14.584828401367725,6.137869897420744,17.24006923044451
33432.0,8934.0,2329.0,6034.0,2963.0,896.0,6584.0,32.206200432588325,8.395818312905552,21.751982696467195,10.681326604181688,3.229992790194665,23.73467916366258
33705.0,6911.0,,5145.0,2795.0,,5504.0,28.394757385266445,8.693865812071161,21.138912855910267,11.48362710053823,7.674925017461687,22.613911828752208
25616.0,6991.0,2497.0,5543.0,2388.0,2589.0,3187.0,30.1401164043975,10.76525113170942,23.897391679241213,10.295322267730114,11.16188833800388,13.74003017891787
33302.0,4960.0,2287.0,,1761.0,1437.0,7613.0,21.899421608018013,10.097576051922823,,7.775177712040267,6.344650977968122,33.61296304472604
,9852.0,1852.0,6077.0,2480.0,2350.0,1603.0,40.6872057487404,7.6484678285289505,25.09705129264062,10.242008755265548,9.705129264062112,6.620137110762368
19643.0,7227.0,1768.0,7055.0,3556.0,1524.0,6568.0,26.092136616362197,6.383132356126795,25.47115315185212,12.838472091847786,5.502202325077623,23.71290345873348
35838.0,8364.0,2156.0,4902.0,2798.0,2053.0,,36.7777680063319,,21.55483246856037,12.303227508574444,9.02735027702049,10.856564945915046
26124.0,,2286.0,5377.0,2915.0,2353.0,8771.0,21.454940282301845,8.273615635179153,19.460731089395583,10.550126673905176,,31.744480636988783
25727.0,8871.0,2698.0,6502.0,3327.0,1670.0,1910.0,35.51525342301225,10.801505324685722,26.030907198334532,13.319721354792216,6.685883577548242,7.646729121627032
27984.0,6476.0,2595.0,7212.0,3902.0,2085.0,7304.0,21.897612767971868,8.77459931020491,24.38628525055792,13.194021775884224,7.050111584499899,
31361.0,7716.0,1729.0,4506.0,3662.0,1792.0,4836.0,31.830370034239515,7.132544036962171,18.588342065096324,15.106637514954002,7.392434305515449,19.94967204323254
29713.0,9755.0,1948.0,5831.0,2513.0,2352.0,4266.0,36.58353647102944,7.305456591036939,21.867616726045377,9.424339021188825,8.820551284455279,15.99849990624414
32740.0,9581.0,2335.0,,2028.0,2117.0,5370.0,34.57097495850473,8.425344591181352,22.6708522768276,7.317601212383633,7.638738543696327,19.376488417406364
23302.0,7955.0,2533.0,5897.0,4179.0,2028.0,6263.0,27.568878877144343,,,14.482758620689657,7.028244671634032,21.705077109686364
,4463.0,2469.0,3523.0,4134.0,2779.0,3191.0,21.708254292523957,12.00933897563111,17.136047473126126,20.107981905734714,13.517194416070822,15.521182936913275
29420.0,13985.0,1968.0,6501.0,3094.0,,3368.0,44.75629660447403,6.298204627644253,20.805197298940698,9.901750568054531,,10.778634748935897
39489.0,11491.0,1372.0,7519.0,2364.0,1654.0,6299.0,37.431186683605326,4.469200951171048,,7.700576566011922,5.387797648131861,20.51858366722043
29430.0,9445.0,,6116.0,3481.0,1957.0,1585.0,39.21690749045009,6.22820129546587,25.39445274871284,14.453579139677794,8.125726623484471,6.581132702208935
35426.0,6493.0,2136.0,4968.0,2946.0,,3831.0,29.06966332378224,9.563037249283669,22.24212034383954,13.189469914040114,8.784025787965616,17.151683381088827
30192.0,7772.0,2171.0,5486.0,2943.0,2040.0,11081.0,24.67849998412345,6.893595402152859,17.419744070110816,,6.47762994951259,35.18559679928873
27581.0,6913.0,1450.0,7769.0,3447.0,3262.0,3063.0,26.686998147004324,5.5975911056207535,29.99150710315009,13.306825200741198,12.59264978381717,11.82442865966646
28766.0,10527.0,2022.0,6909.0,3167.0,2185.0,7295.0,32.78928515807507,,21.52001245911852,9.864507086123655,6.805793490110575,22.722317396044232
29157.0,8525.0,2315.0,6640.0,2407.0,982.0,3828.0,34.518362554156376,9.373608130542172,26.885856581771066,9.74612301089201,3.9761914402559015,15.499858282382476
33018.0,6431.0,1424.0,,2837.0,1728.0,6018.0,25.93772686940389,5.743324997983383,25.635234330886504,11.442284423650884,,24.272001290634837
36873.0,7058.0,2552.0,5338.0,3330.0,,6308.0,27.54986533432218,9.96135680549592,20.83609820836098,12.9981654240993,4.032163628556931,24.622350599164683
31798.0,,1811.0,5799.0,3255.0,1835.0,7257.0,33.91503029901652,5.996887314149475,19.20262260339746,10.778502599423822,6.076360144375641,24.03059703963708
35935.0,11200.0,2628.0,5922.0,3131.0,1006.0,4599.0,39.31755950291371,9.225584497647969,20.789159587165624,10.991364178894896,3.5315593624938564,16.14477287088394
25176.0,11056.0,1733.0,6549.0,3466.0,1564.0,8977.0,33.156395261658425,5.197180986654671,,10.394361973309342,4.690358374568901,26.921577447893235
27926.0,9514.0,1486.0,7508.0,2819.0,1239.0,3821.0,36.05563345586842,5.631560995944973,28.453405085837723,10.683291014514722,4.695493993254254,14.480615454579906
26378.0,7494.0,1770.0,7118.0,3089.0,2192.0,5468.0,,6.523902546902067,26.235671372231028,11.385499981570897,8.079318860344257,20.154067303085032
31572.0,1516.0,1952.0,4580.0,1312.0,2000.0,,8.997032640949556,11.584569732937686,27.181008902077156,7.786350148367953,11.869436201780417,32.58160237388724
28205.0,8594.0,1805.0,6223.0,2775.0,2151.0,2756.0,35.36043449637919,7.426761026991442,25.60483870967742,11.417873601053325,8.85039499670836,
33648.0,7996.0,1891.0,6736.0,,1947.0,4428.0,30.31199059858221,7.168581068274007,,,7.380871147503696,
25344.0,8279.0,2166.0,,2804.0,1302.0,5323.0,31.25094368111128,8.176053148120186,24.981126377774423,10.58432734410388,4.91469122754039,20.09285822134984
30215.0,8107.0,1914.0,5370.0,,2256.0,4135.0,,7.796969203193743,21.875509206452666,11.267720384552712,9.190158057682908,16.844549454130682
33434.0,5347.0,1966.0,8914.0,2479.0,2961.0,9881.0,16.94877646760492,,28.255356916444786,7.857867376695829,9.385697984024343,31.320527450234565
19673.0,9114.0,1145.0,4722.0,3501.0,,3322.0,37.9623458847051,,19.66844385204932,14.582639120293235,9.180273242252582,13.837054315228256
40608.0,9264.0,2195.0,4916.0,3274.0,1787.0,7358.0,32.17336945196916,7.623115926929222,17.073001319719385,11.370424393970966,6.206154059873585,25.55393484753768
28584.0,,1955.0,6233.0,3412.0,1285.0,-6712.0,32.33313766789821,6.75045751182625,21.52204689064604,,4.437001484755361,23.17599530402956
19874.0,9893.0,2805.0,8116.0,2136.0,1545.0,4972.0,33.57314962500424,9.51912308684291,27.54267485661927,7.248786778430108,5.243153357993688,16.873112295109784
30790.0,9208.0,1530.0,5163.0,2919.0,,3269.0,37.86962780176846,6.292412091301666,21.23380629241209,12.004935225169648,9.154842689697718,13.44437589965042
30167.0,7179.0,1095.0,5734.0,2859.0,2536.0,3463.0,31.395959065861977,4.788769351876148,25.076532843523136,12.503279979008134,11.090702352838274,15.144756406892329
,7858.0,2309.0,7077.0,,2130.0,3964.0,29.99580104592129,8.813986334313089,27.014543650036263,10.91346337366874,8.130701988777341,15.131503607283276
34955.0,56238.0,2173.0,5982.0,2691.0,2399.0,1428.0,35.79960621308248,9.507766353095604,26.173703784729817,,10.496609057099104,6.248085758039816
33737.0,8215.0,1495.0,5665.0,,2353.0,2993.0,34.88767146557948,6.349004119420733,24.05826644583174,12.001528857179258,,
31489.0,9996.0,1235.0,6565.0,3424.0,2253.0,2035.0,39.18770581778266,4.841618315822487,25.73702367884585,13.423239767915948,8.832523129998432,7.977889289634625
32250.0,9287.0,2768.0,6272.0,2043.0,1670.0,7691.0,31.2367562476876,,21.0958259056204,6.871615485520165,5.617032726783492,25.86862197706098
29478.0,12154.0,2707.0,7030.0,3888.0,2086.0,,35.64118354300461,7.938183630978564,20.615231224890763,11.401425178147267,6.117122665024486,18.28685375795431
38877.0,12412.0,756.0,,3241.0,1575.0,6571.0,38.97506751240344,2.373924511712617,22.89455504615964,10.177102304842052,4.945676066067952,20.633674558814292
22604.0,8159.0,1770.0,6307.0,2978.0,2008.0,6177.0,29.778459067849187,6.460089784298698,23.01908828789372,10.869009817876565,,
30698.0,326.0,,6291.0,3453.0,2165.0,5333.0,1.5980392156862744,13.882352941176473,30.83823529411765,16.926470588235293,10.612745098039216,26.142156862745097
30325.0,10473.0,,,2274.0,2839.0,7921.0,33.26662854964742,5.59367257480465,19.73826313448955,7.223175147703449,9.01785147068166,25.160409122673272
34066.0,6919.0,1754.0,,,1345.0,3778.0,30.14552108748693,7.642035552457302,28.27204600906239,11.619902405019172,5.860055768560474,16.460439177413733
25780.0,6397.0,1858.0,6055.0,2939.0,2240.0,5213.0,25.89668852724476,7.521658165330742,24.512185248158044,,9.068091652497772,21.10355436806736
21281.0,7203.0,1439.0,5999.0,,2740.0,6494.0,26.138549188953803,5.221903690532352,,13.361396378415646,9.943027180026853,23.565700185070945
30784.0,7106.0,1147.0,7196.0,2976.0,2379.0,2357.0,30.680885972108285,4.952290488320885,31.069470230128232,12.849186131859591,10.271577220327272,10.17658995725573
31406.0,9224.0,2526.0,7516.0,3225.0,2416.0,11193.0,25.55124653739612,6.997229916897507,20.81994459833795,8.933518005540165,6.692520775623269,31.005540166204987
37447.0,4881.0,,4492.0,2705.0,2293.0,5057.0,23.80278942748464,5.25699795181898,21.905783673071294,13.19126109431386,11.182093045937776,24.661074807373453
23648.0,5844.0,2123.0,6010.0,3243.0,2649.0,5283.0,,8.440680661577609,23.894720101781168,12.893606870229007,10.531965648854962,21.004293893129773
35773.0,8686.0,2443.0,5311.0,3838.0,1456.0,7513.0,29.69877252367764,8.352993469415667,18.159127431873355,13.122713440694772,4.978288371456902,25.688104762881665
41837.0,9245.0,1274.0,5689.0,3497.0,,6829.0,33.20642218311124,4.575985058007974,,12.56061204698107,4.694515283215401,24.528572967925
28111.0,9283.0,1537.0,6402.0,,1996.0,5076.0,,5.639746083000037,23.4909918174146,10.85752027299747,7.323964334201739,18.625472425054124
23545.0,6425.0,2606.0,6669.0,3337.0,919.0,5260.0,25.479854060913706,10.334708121827411,26.44749365482233,13.23366116751269,3.644511421319797,20.85977157360406
27965.0,6043.0,2266.0,5887.0,3288.0,2615.0,1991.0,27.356269805341785,10.258035310095066,,14.884563150746944,11.83793571751924,9.013128112267994
30070.0,6986.0,1691.0,4086.0,3253.0,2610.0,3887.0,31.030959889841427,7.511215742015724,18.14951361435615,,11.593301647936748,17.2655798871763
32818.0,8479.0,2601.0,5034.0,3555.0,1783.0,6034.0,30.848431928982027,9.462999345121151,18.314778432656624,12.933857236411264,6.486938805209926,21.952994251619007
27043.0,10970.0,2603.0,6896.0,3552.0,1814.0,5887.0,34.58167833049618,8.205661685896223,,11.197276338188008,5.718428850639935,18.558098480549777
37775.0,3905.0,2134.0,3259.0,2936.0,1963.0,7442.0,18.046120430703823,9.8618235593142,15.060769906187902,,,34.39160774527474
24427.0,7558.0,1549.0,7187.0,3320.0,2026.0,4758.0,28.630956890673534,5.867868777937722,27.225547389953785,12.576710356845217,7.674823850291689,18.02409273429805
21303.0,,1793.0,6521.0,2808.0,2063.0,,25.713459313536447,8.643463170073275,31.435595834940223,,9.945044350173545,10.725993058233705
35533.0,4695.0,2143.0,7316.0,2538.0,2279.0,7113.0,17.999539947860757,8.215764453304708,28.047845422481217,9.730102744977764,8.737156877779482,
18626.0,9933.0,1905.0,,2865.0,1913.0,7872.0,32.79408366073492,6.289411997754961,19.152167453530986,9.45887946119053,6.315824226616924,25.98963320017168
28979.0,9089.0,2469.0,3938.0,2961.0,2471.0,6796.0,,8.905641321598615,14.204299523878229,10.680277016303563,8.912855287837253,24.51305727889193
45588.0,8898.0,1235.0,,2169.0,2222.0,4672.0,34.7225474127839,4.819324123936627,25.0917037383907,,8.670881136345898,18.23148364941856
29939.0,9842.0,1252.0,7274.0,3430.0,1696.0,7088.0,32.182329474854484,4.093911451180433,23.78523314367929,11.215747825518278,5.545745863579884,23.177032241187625
24396.0,7040.0,2090.0,6924.0,1616.0,2667.0,11857.0,21.86742871342486,6.491892899298006,21.50711312666957,5.019568863763435,,
29713.0,7134.0,1754.0,5337.0,4357.0,1320.0,5230.0,,6.9791500875378,21.235874582205952,17.33646347286328,5.252268024828903,20.81012255292058
,,1686.0,,,1953.0,2376.0,43.83459712281199,5.974062787895967,21.564736730210477,13.287506200836226,6.920133229395507,8.418963928849834
30803.0,7506.0,1115.0,5467.0,,,3827.0,,4.792194954227017,,,10.671766880130658,16.448188421369323
33311.0,,2009.0,5180.0,3004.0,1638.0,6250.0,34.37261805379115,7.291931327356539,18.80149540851512,10.90341548401147,5.945337737287213,22.68520198903851
24804.0,8012.0,1973.0,6955.0,3151.0,2154.0,1790.0,33.334720199708755,8.208862076138965,,13.110047846889952,8.961930517994592,7.447472436030789
38437.0,4303.0,2326.0,4802.0,2705.0,2271.0,5338.0,19.788457116578524,10.696711887790295,22.08323752586801,,,24.548171993561738
31225.0,3910.0,2034.0,5106.0,3096.0,1569.0,5760.0,18.207217694994178,9.471478463329452,23.77648428405122,14.41676367869616,7.306169965075669,26.821885913853315
33633.0,6842.0,1933.0,4895.0,2928.0,1963.0,8070.0,25.69186286658406,7.258458187826218,,10.99470541849724,7.371108858097705,30.303030303030305
26859.0,,2588.0,,2952.0,1921.0,7620.0,34.044845464951855,8.713217965120194,15.180795905999595,9.938724665005722,6.467577940879401,25.65483805804323
36431.0,9576.0,1343.0,6146.0,3090.0,1724.0,,33.47315436241611,4.694491051454139,21.48350111856823,10.801174496644297,6.026286353467562,23.521392617449667
,9828.0,2268.0,7161.0,2343.0,,674.0,38.65638766519824,,28.16629955947136,9.215701699181876,12.389867841409693,2.651038388923852
31387.0,6025.0,1164.0,5815.0,3019.0,,,24.608912306498382,4.754319323612302,23.7511742841972,12.3310051872728,,27.945921659927297
25334.0,,1580.0,4494.0,3081.0,2502.0,6411.0,38.33236629236493,5.392675517935766,15.338407454179324,,8.539540598655245,21.88129287689
25015.0,6070.0,1393.0,6839.0,3064.0,1803.0,5511.0,24.594813614262563,5.644246353322528,27.710696920583462,12.414910858995135,7.30551053484603,22.329821717990274
33441.0,8425.0,2390.0,7685.0,2892.0,1456.0,1539.0,34.54709476360356,9.800303440357569,,11.85877721736991,,6.310739328330668
27781.0,7979.0,1967.0,5353.0,3568.0,2051.0,3446.0,32.74913807256608,8.073386964373666,21.97094073222788,14.644557543917257,8.418157937941224,14.143818748973896
25730.0,7652.0,1993.0,5521.0,2823.0,2324.0,2666.0,33.29996953740372,8.673136341877367,24.026284868793248,,10.113581966143,11.601897384568518
26784.0,10677.0,1446.0,6515.0,3113.0,2460.0,969.0,42.40270055599682,5.742652899126291,25.873709293089757,,9.76965845909452,3.848292295472597
33494.0,6589.0,1850.0,,3648.0,2781.0,,23.974820798311683,6.731433977367828,27.729869373794703,13.273660080777208,10.118982643816176,18.1712331259324
26854.0,5300.0,1618.0,5480.0,2960.0,3472.0,3404.0,23.837366195916164,7.277143114149501,24.64693712332464,13.312944139606008,15.615723666456775,15.30988576054691
29411.0,8039.0,2191.0,4667.0,3107.0,2125.0,10250.0,26.46235886632213,7.212218967049607,15.362585996905755,10.227459758385727,6.994963626189144,33.74041278514763
30075.0,7200.0,1504.0,,,1668.0,4662.0,29.2492687682808,6.109847253818654,26.9377640558986,11.988137796555083,,18.93890152746181
20413.0,14754.0,2664.0,6799.0,3618.0,,7587.0,39.18933276668084,7.076073098172546,18.05939226519337,9.610072248193797,5.912664683382916,20.15246493837654
22644.0,,,6006.0,2871.0,1866.0,1861.0,40.45590207188892,5.026168951944288,25.978632293784333,12.418357195380423,8.07128336000692,8.049656126995112
31681.0,7181.0,1596.0,5441.0,3641.0,2462.0,3939.0,29.600164880461666,6.578730420445177,22.427864798021435,15.008244023083265,10.148392415498764,16.236603462489697
26314.0,5887.0,2838.0,6994.0,2948.0,,5193.0,,11.256990995993812,27.741858712466783,11.69330847645869,5.358771964618619,20.59815160049185
35283.0,4239.0,1782.0,6528.0,2570.0,3184.0,25802.5,,8.293772689192963,30.382574699804525,11.96127711067672,14.818951875639952,14.814297682211672
34834.0,5949.0,1342.0,5231.0,3339.0,2428.0,4155.0,26.505970415255742,5.97932632329353,23.30689716628052,14.87702726786669,10.818036000712883,
33595.0,8229.0,2109.0,6049.0,2847.0,1157.0,4564.0,32.97535564015227,8.45121218192747,24.23963133640553,11.40853536365458,4.636345421759167,18.28892005610098
39098.0,10854.0,1762.0,4648.0,3310.0,1645.0,4532.0,40.57418414264888,6.586669657209077,17.375051399947665,12.37336921984225,6.149302829800756,16.941422750551382
29584.0,,1582.0,6685.0,1635.0,2408.0,,32.76397018840163,5.060294917314398,21.383104628474555,5.22982439305249,7.702395803345809,27.860410069411124
33244.0,8458.0,1452.0,5737.0,3002.0,2588.0,5756.0,,5.379172378023933,21.25365835587004,11.121401844922758,9.587670877634942,21.3240469751417
27077.0,7353.0,3384.0,5564.0,2770.0,1363.0,5959.0,27.85965975826924,12.821581479937864,21.08134732694275,10.495207062478688,5.164248096086084,22.57795627628538
42261.0,8537.0,1874.0,5967.0,,2356.0,6079.0,31.29284117151131,6.869249660936183,21.872365382500643,9.046589201275614,8.636047065723398,22.28290751805286
39918.0,6962.0,1037.0,6040.0,,1026.0,6225.0,28.992628992628998,4.318494149002623,25.153042102194647,11.33969100070795,4.272685628617832,25.92345812684796
30059.0,11436.0,2746.0,6894.0,2713.0,,4834.0,37.39943750408791,8.980312643076722,22.545621034730853,8.872391915756426,6.393485512459939,15.808751389888156
31932.0,7621.0,2305.0,6591.0,2976.0,2556.0,4358.0,28.85977203014352,8.728746165789374,24.9592910970576,11.2697390843337,9.679251713560795,16.503199909115008
36796.0,7827.0,1616.0,5843.0,2316.0,1724.0,5333.0,31.74094651040188,6.553388215256094,23.69520256295876,9.392108358003163,6.99136218013707,21.626992173243035
29264.0,3568.0,1533.0,6763.0,3158.0,1246.0,25802.5,15.13082566473008,6.500996565031169,28.67986938637038,13.392137738009414,5.283915016326704,31.01225562953225
26716.0,7609.0,,6400.0,3683.0,2073.0,7252.0,25.922392941096312,7.958300684768167,21.803563519912785,12.547269444349812,7.06231049637175,24.70616291350117
34369.0,9672.0,1876.0,5573.0,3140.0,1697.0,4519.0,36.5298183328927,7.08539487102013,21.04845715148997,11.85934962420214,6.409336405181857,17.067643615213203
30392.0,5864.0,1037.0,5875.0,3404.0,,6535.0,23.428822565823644,4.143193895081705,23.472771584961443,13.600223740461065,9.245275480442688,26.109712733229458
30914.0,6498.0,2893.0,5851.0,3547.0,,4610.0,26.0378265747716,11.59240262862638,23.445263664048728,14.213014906234974,6.238980605866325,18.472511620452
25828.0,9585.0,1783.0,6505.0,3618.0,1613.0,5067.0,34.02435128323453,6.329203791132724,23.09112207589365,12.842994568882894,5.72574633488339,17.98658194597281
21411.0,5046.0,2747.0,5632.0,3935.0,989.0,4052.0,22.52578009910272,12.262845408687111,25.14173474398465,17.566180081246372,4.414981474041337,18.088478192937814
,10115.0,2639.0,5609.0,2750.0,2084.0,4636.0,36.34175259583947,9.48155067725362,20.15233715373837,,7.487514820536773,16.65648690403478
34524.0,6935.0,1499.0,7968.0,2640.0,1919.0,7682.0,24.21184931745976,5.233390357155326,,9.21691163635094,6.699717208392976,26.819816360018155
28870.0,7222.0,2516.0,6939.0,3391.0,1405.0,5184.0,27.092320966350304,9.438421427767564,26.03068612371985,12.72086131222568,5.270660614472746,19.447049555463856
37182.0,5752.0,1674.0,5239.0,3354.0,2096.0,5270.0,24.596963865725893,7.158434894162926,22.40324994654693,,8.963010476801369,22.5358135556981
,8756.0,1066.0,6570.0,3387.0,2513.0,2105.0,35.889658564577616,4.369389679058901,26.929540517276717,13.882854449317538,10.30044677624298,8.628110013526253
24726.0,12919.0,1787.0,6118.0,3944.0,1892.0,,41.61914886762669,5.756902161657163,19.70941657807416,,6.095164459907864,14.113591701298285
,9562.0,2198.0,6391.0,3005.0,2134.0,4517.0,34.38702484985795,7.904484482324594,22.98342144064444,10.806631423742225,7.674326608407956,16.244111195022835
29587.0,6271.0,1768.0,6137.0,3213.0,2136.0,3341.0,27.42499781334733,7.732003848508703,26.838974897227324,14.051430070847545,9.341380215166623,14.611213154902474
33849.0,10271.0,1846.0,7189.0,2509.0,1397.0,5043.0,36.35108830295523,6.533356927977349,25.443284374447,8.879844275349495,4.944257653512653,17.848168465758274
26125.0,7366.0,2571.0,6345.0,4067.0,3028.0,4141.0,26.76793371611309,9.342975506940912,23.05763500254379,14.779417108801512,11.00370666472854,15.048332000872156
36840.0,10748.0,2053.0,5937.0,2831.0,1764.0,5159.0,37.72286957742524,,20.837428049978943,,6.191211568159483,18.10683700687912
39834.0,9613.0,1578.0,7042.0,2845.0,2328.0,5243.0,33.554399804530696,5.508045656043841,,9.9305385877343,8.12593807811791,18.30081329191246
29804.0,2113.0,2351.0,6233.0,2826.0,2384.0,25802.5,11.123979994735455,12.376941300342196,32.81389839431429,14.877599368254804,12.55067122927086,16.25690971308239
36248.0,5991.0,2098.0,6121.0,2677.0,,4202.0,26.02632607845693,9.114210000434424,26.59107693644381,11.629523437160609,8.384378122420609,18.254485425083622
24717.0,9888.0,739.0,6314.0,2635.0,2303.0,,36.57751636888248,2.733695853216439,,9.747345836570116,8.51921725298709,19.06558650538231
35376.0,,2214.0,5906.0,2738.0,2122.0,7368.0,28.97979128128163,7.727478971065582,20.613591148651008,9.556385466475865,7.406373250497365,25.71637988202855
35236.0,5952.0,2195.0,6009.0,2317.0,1291.0,5513.0,25.57030545173347,9.4299093525798,25.815182368861965,,5.546247368647163,23.684323581217512
34317.0,6732.0,2010.0,,2607.0,1833.0,3676.0,30.227650307574876,9.025189708589645,24.30515019532127,11.70580575636478,,
29922.0,4187.0,2445.0,5248.0,3974.0,1693.0,5798.0,17.935318055258083,10.473334761190834,22.480188477189976,17.022917112872136,,24.836153351895483
,7823.0,1663.0,5001.0,3367.0,1769.0,25802.5,27.90141950210429,5.931236179470719,17.83650759683287,12.008702475212212,6.309294528853698,30.01283971752621
26791.0,12421.0,2168.0,4608.0,3462.0,1347.0,6833.0,40.27692207918545,,14.942118745744024,11.22604494309154,4.367845909400434,22.15700898213301
26870.0,9609.0,1216.0,5120.0,3588.0,2563.0,6095.0,34.08534638714483,4.313433365258415,18.161824695824908,12.72746621262105,9.091554042070165,21.620375297080628
25108.0,12380.0,2203.0,,3917.0,2800.0,6451.0,36.87157493447701,6.561234214915415,17.348701453419107,11.66607100309745,8.339289969025494,19.213128425065523
,9764.0,2976.0,6103.0,2114.0,2489.0,7879.0,31.16999201915403,9.500399042298485,19.4828411811652,6.748603351955307,7.9457302474062255,
27905.0,10054.0,1502.0,5728.0,2385.0,2635.0,7151.0,34.133423866915635,5.099304023086063,19.446613478187064,8.097097267017485,8.945849601086403,24.277711763707348
25876.0,11948.0,,3644.0,2598.0,1827.0,6133.0,43.024846957148,5.83363341735686,13.122074180770616,9.35541951746489,6.579042131796903,22.08498379546273
24705.0,8754.0,1644.0,7574.0,,,7137.0,,5.562510573507021,25.626797496193536,9.355439012011503,5.687700896633396,24.14819827440365
26422.0,7625.0,2064.0,7086.0,2849.0,1610.0,2836.0,31.678437889488997,8.57498961362692,29.43913585375987,11.836310760282508,6.688824262567511,11.7823016202742
,10065.0,1468.0,6445.0,2776.0,2322.0,1995.0,40.14598540145985,5.855370747078298,25.70699214231582,11.072553946791114,9.261696781141556,7.957400981213354
26694.0,10907.0,2210.0,7907.0,3109.0,2113.0,5314.0,34.5595690747782,7.002534854245882,25.05386565272497,9.851077313054498,6.695183776932827,16.837769328263626
27425.0,7040.0,2423.0,5022.0,3017.0,1961.0,5137.0,28.61788617886179,,20.414634146341463,12.264227642276422,7.971544715447154,20.88211382113821
27716.0,,2267.0,7887.0,2638.0,2647.0,,25.305901879800825,8.750530744586406,30.443509476203342,10.182576137723396,,15.10016597830702
31694.0,8277.0,1115.0,5034.0,1912.0,2202.0,6651.0,32.856972728355366,,19.98332737882577,7.590012305982295,8.741217101345718,26.402286530903897
32281.0,9662.0,,6238.0,2503.0,1580.0,1274.0,,10.51191378294182,26.260840279531863,10.537172686705397,6.651511324408521,5.363307232466111
14776.0,9596.0,2468.0,4726.0,2725.0,1659.0,,38.22498406628426,,18.825685149776927,10.854843849585723,6.6085086042065,15.654875717017209
150330.0,5151.0,2415.0,6014.0,2876.0,2340.0,4030.0,22.566371681415927,10.580040304915448,,12.599667046350651,10.25146762463857,17.655305353544204
37181.0,11823.0,2186.0,6386.0,2435.0,2520.0,1727.0,43.66436458987332,8.07327251911216,23.58459208922702,8.9928721793404,9.306791742068915,6.37810688037818
24749.0,6717.0,2110.0,5845.0,2754.0,2275.0,-7989.0,24.257854821235103,7.620079451065366,21.1087035030697,9.945828819068256,8.215962441314554,28.85157096424702
25138.0,7469.0,2516.0,6713.0,2434.0,,2281.0,30.65966093345921,10.32798325191905,27.556340051722017,9.991379664217396,12.101309470054597,9.363326628627725
27748.0,6194.0,2961.0,6099.0,2937.0,2817.0,3823.0,24.944625669526,11.924610366074663,24.562039386251055,11.827956989247312,11.344690105110548,15.396077483790425
,13396.0,1523.0,,2463.0,2220.0,6815.0,42.001630400702325,4.77519282623691,17.172508935850004,7.72245563428858,6.960556844547564,21.367655358374616
31119.0,,2539.0,5433.0,,1580.0,6292.0,31.53551648515036,9.43760918856633,20.19477381704643,9.571423261346318,5.872950972010557,
20267.0,6298.0,1956.0,6810.0,2345.0,1345.0,2783.0,29.24269861169151,9.0820448530436,31.620002785903328,,6.245066629521289,12.921948275061524
24410.0,9727.0,,5346.0,2923.0,1806.0,6364.0,34.614426532863604,6.885875947475179,19.024234013024447,10.401765061741576,6.426817550976834,22.646880893918368
37695.0,9538.0,1231.0,6915.0,2566.0,2376.0,5579.0,33.816699166814395,4.364474383974472,24.51692962240737,9.097677716716897,8.424038291083141,19.780180819003725
25358.0,7624.0,1857.0,7222.0,3453.0,2913.0,9666.0,23.29005651443409,5.672827249121736,22.062013135787385,10.54834275240568,8.898732243775775,29.528028104475336
36217.0,9681.0,1501.0,4331.0,3202.0,2208.0,,36.21773288439955,5.6154133931911705,16.202768424990648,11.979049756827534,8.260381593714927,21.724653946876167
31776.0,6349.0,1768.0,7132.0,2965.0,2584.0,4717.0,24.88340192043896,6.92925729962767,27.95218498922203,11.620615324319028,10.127376053301978,18.48716441309034
20953.0,7014.0,1450.0,8060.0,2601.0,1877.0,3286.0,28.87845849802372,,33.18511198945981,10.70899209486166,7.728096179183136,
33176.0,3979.0,1775.0,6252.0,3190.0,2311.0,3511.0,,8.445142259016082,29.7459320582358,15.177466933104958,10.9953373299077,16.70472927966505
29411.0,5352.0,1796.0,6599.0,3345.0,,3348.0,23.42129447288959,7.859612270797776,28.878386066255302,14.638309045555994,10.550960570653364,14.651437573847971
27722.0,11615.0,2048.0,7037.0,3071.0,1010.0,7742.0,35.71318759032069,6.297082065000153,21.636995357131877,9.442548350398178,,23.804692064077727
31224.0,11282.0,1192.0,5724.0,3801.0,1793.0,5035.0,39.13692024837825,4.135012314843723,19.856384639400563,13.18555520865855,6.219863322579526,17.466264266139383
,8131.0,1277.0,6182.0,3229.0,2474.0,6130.0,29.65029354921052,4.656675053786967,22.543120738066584,11.774787587061954,9.02162418407906,22.35349888779492
,11325.0,,4685.0,3456.0,2137.0,8028.0,35.60089277294018,6.852975385872812,14.72760994624501,10.864166483291942,6.717802018169817,25.236553393480243
35891.0,7679.0,1601.0,6138.0,3066.0,1401.0,283.0,38.07516858389528,7.938318127727093,30.43435144783816,15.20230067433558,,1.4032130107100356
32040.0,7513.0,2537.0,6498.0,,784.0,,26.617303195635227,8.988166938283852,23.02132785375186,11.822433217600793,2.7775809537306038,26.773187840997664
23121.0,8113.0,2112.0,6516.0,2601.0,1817.0,5110.0,30.884312307282347,8.039894933191214,24.80490311774335,9.901404697552248,6.916898245079752,19.45258669915109
27631.0,7750.0,,7065.0,2770.0,1964.0,5870.0,,8.307481422696775,25.48517422985355,9.9920640646418,7.084625928865161,21.174518433013493
44715.0,,2705.0,5225.0,3174.0,1558.0,3343.0,32.1074064647493,11.474505811487232,,13.463985747009415,6.608975990498006,14.180877237634682
33622.0,10286.0,,,3171.0,2071.0,3489.0,39.06718827148772,7.007482243913556,20.764176383455503,12.043754035474192,7.8658513426260015,13.251547723043034
41846.0,,1712.0,7895.0,3253.0,2253.0,25802.5,28.24089826471589,5.825110581830555,26.862878530112283,11.068390609050695,7.665872745831916,20.33684926845866
36977.0,,2435.0,5849.0,3550.0,2335.0,9769.0,28.24770697200408,7.2987230981356035,17.531922546609916,10.640848869971824,6.998980876446256,29.28181763683233
31209.0,10062.0,2254.0,6200.0,2287.0,822.0,7006.0,35.14372533268136,7.87258565890119,21.65484963850372,7.987845342460968,2.871013935943558,24.469980091509203
31507.0,8776.0,1906.0,5932.0,2512.0,1342.0,-7531.0,31.34397657059181,6.807385978070646,21.186470945390905,8.971748991035394,4.793028322440087,26.89738919247116
29817.0,6059.0,2695.0,5178.0,3114.0,1847.0,4615.0,25.77420452611877,11.464182405989453,22.026544155181217,13.246554364471669,7.856899778798707,19.63161476944019
21310.0,5294.0,,7623.0,2637.0,2286.0,3799.0,22.497025327214008,8.044365119836817,32.39418663946966,11.20601733809281,,16.14397416284209
30090.0,8297.0,2016.0,5472.0,4688.0,,3438.0,31.722424010705407,7.707895239915887,20.92142993691455,17.923915121391705,8.579621487287326,13.144714203785126
36053.0,7657.0,2010.0,,3257.0,2235.0,,31.83254344391785,8.356198553255176,20.25442753803941,13.540367506443834,9.291593913694188,16.724869044649537
27001.0,8174.0,1532.0,,2960.0,1808.0,25802.5,39.07826170100875,7.324186068747908,26.5286608978343,14.15116890567481,8.643686953195965,4.27403547353827
32059.0,7967.0,2038.0,3998.0,2742.0,1836.0,3550.0,35.99927703221725,9.20880213275496,18.06515747142018,12.389860376846956,8.29605530703538,
34257.0,13167.0,2698.0,5348.0,2759.0,1635.0,3879.0,44.65509055144815,9.15010513464017,18.137421149019875,9.356982974971173,5.545004408872007,13.155395781048634
25451.0,5339.0,2222.0,5031.0,3015.0,2384.0,,23.5821554770318,9.814487632508834,22.22173144876325,13.31713780918728,10.530035335689046,20.53445229681979
27743.0,4020.0,2015.0,6617.0,3055.0,1539.0,,17.859522857523658,8.951974765649295,29.39713003687414,13.572348838242482,6.837265093962415,23.381758407748013
24910.0,8664.0,1919.0,5326.0,2771.0,2425.0,5724.0,32.29341384322934,7.152707890715271,19.851653061985168,10.328376011032836,9.038726750903871,21.33512244213351
25889.0,7247.0,2165.0,6887.0,2863.0,2103.0,4970.0,27.623403849818946,8.252334667429007,26.251191156851533,10.91290261101582,8.01600914808462,18.94415856680008
23561.0,8632.0,2374.0,7398.0,3672.0,1977.0,3837.0,30.95016134815346,8.512011473646467,26.525636428827536,13.166009322337754,7.088562208676945,13.757619218357831
25497.0,9167.0,2304.0,6781.0,3692.0,1671.0,1073.0,37.13139987038237,9.33246921581335,27.466785482825664,14.954633830200908,6.76847051198963,4.346241088788076
37097.0,,1834.0,5784.0,3126.0,1322.0,3849.0,39.90484461730166,6.925197296378808,21.840425933617794,11.803798663293437,4.991881584412642,14.533851904995656
25422.0,,2162.0,,2329.0,1676.0,3055.0,24.498722233143305,10.625122862197758,30.17987025751917,11.445842343227836,8.236681737762925,15.013760566149006
30632.0,6886.0,2239.0,4475.0,3269.0,,5932.0,27.95210066977877,9.088694946214735,18.165212096610517,,7.444692510655572,24.07956159935052
27485.0,8857.0,1496.0,5866.0,3777.0,815.0,6818.0,32.05689673893373,5.414600600817981,21.23131492272612,,2.9497991241087265,24.67696985051938
35894.0,9540.0,2084.0,5139.0,3684.0,1901.0,6877.0,32.64328485885372,7.130881094952951,17.58426005132592,12.605645851154836,6.504704875962361,
36555.0,,919.0,6694.0,3367.0,2462.0,6513.0,38.29813549364584,2.8415942611545715,20.69818496645125,10.410933489997218,7.612627933582759,20.13852385516836
34320.0,9911.0,2241.0,8572.0,3711.0,2283.0,4732.0,31.513513513513512,7.125596184419713,27.25596184419714,,7.259141494435611,15.04610492845787
31530.0,7886.0,2330.0,6499.0,3026.0,1751.0,3956.0,,,25.53835271927067,11.89091480666457,6.880697893744106,15.545425966677143
28844.0,6219.0,2373.0,4008.0,3314.0,2023.0,3505.0,29.003824270124056,,18.692286167335137,15.455647794049062,9.434754220688369,16.346422908310792
24040.0,6871.0,1802.0,,2659.0,1721.0,1985.0,33.23176629909073,8.715418843103114,27.268330431418068,12.860321145289223,8.323660282453085,9.600502998645773
39717.0,6814.0,2154.0,6122.0,,2074.0,6983.0,24.96610852599568,7.892133514087861,22.430659876158725,11.526765104605577,7.599018063239658,25.585314915912505
26201.0,9310.0,2711.0,6087.0,3664.0,2770.0,4650.0,31.89229926007125,9.286790901616882,20.851603178953138,12.5513839408057,9.488901068785967,
33318.0,8513.0,,5269.0,2705.0,2484.0,2507.0,,11.189216010585511,21.7871319880913,,10.27125372146874,10.36635792259345
35297.0,5352.0,1985.0,6245.0,2569.0,2260.0,3347.0,24.59784906700984,9.123081165548305,28.702086588840885,11.80715139259123,10.386984097803106,15.382847688206637
27223.0,7128.0,2069.0,4757.0,3048.0,1753.0,3266.0,32.3691022206076,9.395576949275693,21.60210707960583,13.84133327278507,7.960583079787476,14.83129739793833
35190.0,9755.0,2555.0,5055.0,2886.0,,5086.0,,9.220165277326693,,10.414636786835551,8.5669950561149,
33821.0,8703.0,1249.0,6645.0,3324.0,1156.0,,30.849668568997902,4.427351033284889,23.55464180638758,11.782637978093652,4.09769238949346,25.28800822374252
,9137.0,1838.0,4984.0,2773.0,1873.0,4304.0,,7.378859046930828,20.00883214902244,11.132522381468544,7.519370508651492,17.278895178449556
27653.0,8765.0,2667.0,6538.0,3859.0,2291.0,494.0,35.60981555212481,10.835296985455432,26.562119119200457,15.678069391403266,9.307711058747056,2.006987893068985
23570.0,11252.0,2487.0,4630.0,,2370.0,4621.0,40.59895363521559,8.97348006494678,16.70575500631427,8.497203680317519,8.551325996752661,
27472.0,8472.0,,7764.0,3626.0,2334.0,4687.0,29.146454742491485,7.513675301888739,,12.474627584546049,8.029724429765714,16.124815082395845
31044.0,7227.0,1247.0,5225.0,2617.0,2147.0,4550.0,31.40398904966758,5.418676400295485,22.70455829313866,11.371833311606483,9.329509407726068,19.771433537565724
30291.0,,1975.0,5776.0,2102.0,1902.0,3745.0,28.465940557504155,9.114823703156729,26.656821118700385,9.700941480524277,8.777921358685619,17.283551781428834
,,1705.0,6330.0,,2268.0,5434.0,31.070410177670546,6.233092052350662,23.141039701688968,11.398698545002558,,19.86546757329824
20454.0,3118.0,2165.0,5434.0,2872.0,1523.0,5132.0,15.402094447737602,10.694526773364949,26.84252124086149,14.186919581110452,7.523216755581901,25.350721201343607
32352.0,7631.0,1595.0,6143.0,,,4950.0,31.350396450433426,6.55272996179286,25.237254015858017,10.044780411651123,6.4787806581488026,20.33605850211577
39861.0,7588.0,1487.0,6575.0,2159.0,,5825.0,29.566708229426435,5.794108478802992,25.61954488778055,8.412562344139651,7.909912718204488,22.697163341645883
32321.0,5271.0,,6960.0,2995.0,2086.0,4140.0,23.511307373210222,,31.045095677773315,13.359204246398145,9.304607698826889,18.46647932557206
33045.0,6143.0,2610.0,6791.0,,1087.0,4026.0,25.44317428760769,10.81013916500994,,14.442511597084165,4.502153744201458,16.674950298210735
32862.0,9619.0,1800.0,5828.0,3292.0,2227.0,25802.5,31.51084321561947,5.896612723579899,19.091921640568696,,,25.42095263054445
31985.0,8461.0,,5853.0,,2386.0,6118.0,30.300100272167317,7.441627274029508,20.960464116888694,10.843718664947716,8.544621114453516,21.90946855751325
34658.0,8203.0,1998.0,8349.0,3239.0,,6653.0,26.98089004374568,6.571719896062889,,10.653553925599448,,21.882708943196395
31976.0,8612.0,1466.0,6949.0,2986.0,3187.0,7452.0,28.0960459350124,4.782722171473313,22.670625081560747,9.741615555265565,10.397363956674932,24.31162730001305
28436.0,,1370.0,5078.0,2285.0,1658.0,6051.0,33.23587931944614,5.562999959394161,20.619645104966093,9.278434238843545,6.7324481260405244,24.57059325130954
26020.0,10485.0,1497.0,6099.0,2289.0,1819.0,6856.0,,5.15407126872095,20.998450679979342,7.880874505078326,6.262695816835945,23.604751248063348
28755.0,8246.0,1638.0,5664.0,,1802.0,1841.0,,7.415455656661687,25.641722124134187,13.119652315632216,8.157906650368963,8.334465118384717
31570.0,5083.0,2183.0,5864.0,2919.0,1961.0,5408.0,21.70552566401913,9.32188914510206,25.040567085148176,12.464770689213426,8.37390041848151,23.0933469980357
28419.0,56238.0,1602.0,4770.0,3425.0,1835.0,4634.0,40.9067790452663,5.819952045338953,17.329070696795757,12.44278137034077,6.666424471408849,16.834992370849378
31571.0,8740.0,,,3378.0,1296.0,8355.0,28.91167714191201,9.503804168044988,18.484948726430694,11.17433013562686,4.2871319880913,27.638107839894143
32195.0,6821.0,2513.0,7811.0,3302.0,1726.0,6855.0,23.49800192917183,8.657158605484359,26.90850213586881,11.375223921730743,5.945983188645446,23.6151302190988
34165.0,5493.0,2404.0,6579.0,2859.0,1951.0,3739.0,23.85667752442997,10.440825190010855,28.57328990228013,,8.473398479913138,16.238870792616723
36413.0,,1940.0,3508.0,2309.0,2614.0,5745.0,35.295298510458906,7.78897498695146,,,10.495041554583048,23.06580479383306
30390.0,7765.0,2757.0,,3206.0,3101.0,5335.0,26.42954390742001,,24.560925799863853,10.91218515997277,10.554799183117767,18.15861130020422
23461.0,11148.0,1890.0,7089.0,3262.0,2667.0,5908.0,34.87673632836942,5.912902014766613,22.1780753347516,10.20523088474534,8.343761731948442,18.4832937054186
28274.0,7308.0,1984.0,5640.0,1805.0,1612.0,2962.0,34.29214959410633,9.309746140490828,26.46520576228239,8.469804326404203,7.564168739148797,13.898925437567453
30220.0,6325.0,2084.0,6717.0,2582.0,1652.0,5720.0,,8.309409888357257,26.7822966507177,10.29505582137161,6.5869218500797455,22.807017543859647
20821.0,9791.0,,5140.0,2654.0,1920.0,4543.0,37.08993105538298,,19.47117205848928,10.053791953935905,7.273278278657474,17.20963709371922
36943.0,9850.0,2318.0,5529.0,3059.0,2892.0,5564.0,33.719019580994114,7.935095166369985,18.927153224702177,10.47172394906203,9.900041079008629,19.04696699986307
30711.0,8337.0,1762.0,7498.0,2598.0,1917.0,3551.0,32.48645910454741,6.865915910065075,29.217160893114603,,7.469898297159334,13.837041655301409
31906.0,9352.0,1733.0,5728.0,2980.0,1336.0,3829.0,37.470951198012656,6.943665357801105,22.950556935651896,11.940059299623368,5.352993028287523,15.341774180623446
36827.0,,2319.0,4130.0,2894.0,1749.0,7347.0,30.057277244623148,,15.665895383681674,10.97750635360164,6.63429806926374,27.86860372491749
26849.0,8467.0,,5936.0,2920.0,2378.0,2896.0,33.93043199487057,9.445379498276829,23.787769495872404,11.701530816702734,9.529534343191472,11.605353851085995
32870.0,10329.0,1803.0,5921.0,2641.0,2344.0,3044.0,39.60202438463308,6.9128134345525645,22.70147994785676,10.125757227206504,8.987040871098841,
29450.0,9250.0,1206.0,7198.0,2680.0,1899.0,4896.0,34.09635445464264,4.445427402410704,26.532492904272186,9.878727560912678,6.999889417228795,18.047108260533008
29079.0,7661.0,1896.0,,2459.0,2341.0,3456.0,32.15259999160616,7.957359298275065,25.240273639148864,10.320224954883116,9.82498845847148,14.50455365761531
26139.0,10704.0,2311.0,5578.0,3190.0,863.0,3229.0,,8.931400966183576,21.55748792270532,12.328502415458937,3.335265700483092,12.479227053140097
38328.0,3270.0,2902.0,7045.0,3285.0,2051.0,5210.0,13.760888776669614,,29.64693010141817,13.82401211968186,,21.924841139586757
28122.0,12104.0,1401.0,6120.0,2614.0,2430.0,1989.0,45.40475654587741,5.255458023857754,22.95746117488184,9.805686848225674,9.11546252532073,7.461174881836596
,4588.0,1786.0,5249.0,3760.0,1583.0,2984.0,22.99749373433584,8.952380952380953,,18.847117794486216,7.934837092731829,14.957393483709271
20624.0,56238.0,1805.0,7154.0,2842.0,,25802.5,23.071660680690957,6.1741063793398325,24.4706687190012,9.721224559603217,5.407901487942535,31.154438173422268
35899.0,7918.0,2677.0,6193.0,3765.0,1066.0,5918.0,28.75404001888369,9.721465664378837,22.48974107564368,13.672513345680356,3.87115517303991,21.491084722373536
35261.0,7707.0,1982.0,6002.0,2678.0,2794.0,3506.0,31.241639304390123,8.034375126677206,,10.8557298633913,,14.21216911913738
30487.0,56238.0,,6177.0,1986.0,,5836.0,36.81423738785116,,22.712898955728782,7.302544491837034,6.026621561994411,21.45903809383733
28865.0,5884.0,2279.0,4929.0,3201.0,2120.0,6134.0,23.97034260805801,9.284230252169309,20.079846824459203,13.0402900558113,8.636493257831916,24.988797001670264
150330.0,8521.0,1797.0,5472.0,3124.0,2301.0,6988.0,30.213097897386803,6.371662589086268,,11.076835797610183,8.158706520582918,24.77750593908449
41443.0,6843.0,1387.0,6003.0,3017.0,2756.0,4745.0,27.64736778311988,5.603813987313644,24.253565512504547,12.189406488626725,11.134903640256958,19.170942588178256
21183.0,8590.0,1553.0,5805.0,2678.0,1923.0,6952.0,31.235227809897815,5.647067379368023,21.10832333369696,9.737827715355806,6.992473000981783,25.27908076069961
33910.0,7870.0,2867.0,7272.0,,1730.0,923.0,33.28540010150567,12.125697851463372,30.756217222128235,12.61207917442057,7.316866858399594,3.9037387920825584
25441.0,8185.0,2192.0,6217.0,2744.0,2086.0,,33.66788696474847,9.016494590925918,25.572785981654395,11.28707169594011,8.580477972934062,11.875282793797046
29900.0,6900.0,2053.0,6854.0,2848.0,2642.0,5327.0,25.916466346153843,7.711087740384616,25.74368990384616,10.697115384615383,9.923377403846152,20.008263221153847
28760.0,6979.0,1875.0,6009.0,,1914.0,5659.0,26.991800742574256,,23.240253712871286,13.22710396039604,7.402537128712872,21.88660272277228
27858.0,8574.0,2146.0,,3092.0,1522.0,,33.53672846749589,8.393960729093328,27.599155127904247,12.094187592896816,5.953219119142612,12.422748963467106
29947.0,9887.0,,6397.0,3304.0,,5518.0,34.72168568920105,7.515364354697103,22.465320456540823,11.603160667251975,4.316066725197542,19.3784021071115
24329.0,6803.0,2146.0,6013.0,,1389.0,3752.0,29.594988471744895,9.335711489102536,26.158263366250488,12.546221777526428,6.042545786749032,
35145.0,6262.0,2057.0,5986.0,2828.0,2432.0,4446.0,26.07971346466203,8.56690683436758,24.930240306526173,11.777935113073177,,18.51651326475365
21029.0,9226.0,2434.0,5045.0,2423.0,1839.0,7049.0,32.93118218161051,,18.007567104511708,8.648629354654483,6.564106225014278,25.160622501427756
32698.0,,2011.0,6506.0,2814.0,1696.0,6817.0,28.56217150262798,7.239542083663331,23.42141262869897,10.13031895744834,6.105551155590756,
28367.0,9660.0,1511.0,5959.0,1339.0,1642.0,3005.0,41.78923689219588,6.5365980273403705,25.77868143277384,5.792524658245371,7.103305070081328,12.99965391936321
24145.0,6188.0,1693.0,5498.0,2704.0,2042.0,2885.0,29.45264159923846,8.058067586863398,,,9.719181342217992,13.73155640171347
31011.0,4441.0,1010.0,7106.0,2959.0,1880.0,4177.0,20.58591758216289,,32.939322301024426,13.7162193482594,,19.362165670050526
22215.0,6933.0,3013.0,,3281.0,,4946.0,27.9725640508372,12.156546298164212,19.160782731490823,,7.516643130925964,19.955618317530764
30198.0,6467.0,2431.0,5577.0,2865.0,2674.0,3684.0,27.28922271921681,10.258249641319942,23.533631530086925,12.089627816693392,11.283652628913831,
22885.0,,1584.0,7027.0,3173.0,2769.0,7081.0,26.60469534536572,,23.83973402089836,10.764689917220789,9.394083322024697,24.02293391233546
32306.0,6726.0,1859.0,6315.0,1910.0,1194.0,5694.0,28.382141952907418,7.844543843362309,26.647818381298,8.059751877795595,5.038399864967508,24.02734407966917
25378.0,9482.0,1681.0,5952.0,2971.0,2163.0,,33.790670325362605,5.990520651437939,21.21093332383023,10.587648337550338,7.708207120202417,20.71202024161648
27745.0,7423.0,2771.0,6251.0,2160.0,1611.0,,32.72639097081386,12.216735737589278,27.559298121858745,9.52296975575346,,10.872057137818537
31469.0,8300.0,1290.0,6179.0,2395.0,1875.0,7334.0,30.321849998173384,4.712673072005261,22.573338691411244,8.749497680195814,6.849815511635553,26.792825046578745
26137.0,8315.0,,4483.0,2906.0,2154.0,-640.0,43.13878080415046,10.671854734111545,23.258106355382623,15.076523994811932,11.17509727626459,-3.3203631647211416
29710.0,8389.0,1945.0,,,1893.0,,29.766171096050808,6.901323492885782,20.047546393215768,12.908490934251144,6.716815101302204,23.65965298229429
22430.0,7951.0,2413.0,7616.0,3185.0,2115.0,6868.0,26.373225421255142,8.003847684755208,25.262040599708108,10.564548228738223,7.015390739020831,22.780947326522487
33154.0,9021.0,1947.0,,3009.0,2336.0,,34.98138669148441,,20.707305723592366,11.668217775709632,9.058476810919808,16.034589731658137
38824.0,6408.0,1120.0,5681.0,2990.0,2147.0,7545.0,24.74991309721525,4.325827507628134,21.94198756324592,11.548414506971534,8.292456838283574,29.141400486655595
43961.0,10798.0,1874.0,5458.0,2643.0,1676.0,4873.0,,6.858941512334383,19.97657565331967,9.67352316814289,6.134250786911647,17.835443964570675
,56238.0,1513.0,5912.0,,1685.0,5124.0,30.73342045083306,6.178536426004574,24.14243711205489,,6.880921267559621,20.92453446586083
33941.0,5376.0,2039.0,5416.0,3213.0,1280.0,5679.0,23.370864669825675,8.864061209407469,23.54475503195236,13.9677433378255,5.564491588053732,24.68808416293527
21096.0,8376.0,2717.0,6486.0,2307.0,1573.0,11373.0,25.511695906432745,8.275462962962964,19.755116959064328,7.026681286549708,4.791057504873295,34.63998538011696
37513.0,6297.0,1130.0,6197.0,3296.0,,7688.0,22.82431403820363,4.095835296676212,,11.94679038747327,10.8050309906122,27.86617854942187
33881.0,9330.0,1599.0,6773.0,2805.0,1603.0,6402.0,32.72306397306397,5.608164983164983,23.754910213243548,9.837962962962964,5.62219416386083,22.453703703703702
27580.0,56238.0,1723.0,,3412.0,1403.0,3174.0,45.860413589364846,6.362629246676514,18.275480059084195,12.599704579025111,5.180945347119645,11.72082717872969
36185.0,6426.0,1809.0,5659.0,3480.0,2159.0,5287.0,25.89041095890411,7.288477034649476,22.80016116035456,14.020950846091862,8.698630136986301,21.3013698630137
28727.0,8664.0,2370.0,5774.0,2163.0,1944.0,3373.0,35.67193675889328,9.757905138339922,23.77305665349144,8.905632411067193,8.003952569169961,13.887516469038207
27709.0,4488.0,1913.0,6455.0,2709.0,1902.0,6644.0,18.61391066318278,7.934137945336153,26.772012774252417,11.235535647629714,,27.5558873543196
32376.0,8907.0,2207.0,5206.0,2572.0,2704.0,5280.0,33.14109242446793,8.21178746837327,19.370442030064,9.569876469712757,10.061020985265664,19.645780622116384
,,1687.0,6915.0,2093.0,2274.0,2750.0,28.377454777418325,7.68669977673486,31.50772315122796,9.536610926322505,10.36132501025197,12.53018635804438
,6750.0,2114.0,7186.0,2483.0,1735.0,5162.0,26.54345261502163,8.313016122689737,28.257963035784503,9.764058198977583,6.822650412898152,20.29885961462839
24720.0,5797.0,2388.0,5011.0,4220.0,1787.0,3301.0,25.759864912904373,10.61144685389264,22.26715250622112,18.752221827230716,7.940810522573765,14.668503377177393
24749.0,9464.0,1633.0,5509.0,,1748.0,5302.0,35.103857566765576,6.057121661721069,,12.25519287833828,6.483679525222552,19.666172106824924
25451.0,10014.0,2390.0,5468.0,3958.0,2437.0,3281.0,36.35109626833164,8.675765935821113,19.84899085233048,,,11.910120516915928
33797.0,8046.0,2026.0,8632.0,3414.0,1845.0,5054.0,27.728572905538133,6.982113933211566,29.748078712478893,11.765516766033704,6.358341661784471,17.417376020953235
26916.0,6271.0,2522.0,5570.0,,1103.0,6500.0,25.497052246391544,10.254116690384224,22.64687944704208,10.689164464322015,4.484651351900793,26.42813579995934
23260.0,11179.0,1899.0,7677.0,2809.0,1975.0,,36.73435856992639,6.240141955835962,25.22673501577287,9.230415352260778,6.489879074658254,16.07847003154574
26971.0,6499.0,2190.0,4733.0,3294.0,1231.0,4218.0,29.3210015790661,9.880442138506655,21.353485224452967,14.861267764493572,5.553801037672006,19.030002255808707
29839.0,3675.0,1979.0,5010.0,3218.0,3092.0,5406.0,16.420911528150135,8.842716711349418,,14.378909740840037,13.815907059874888,24.15549597855228
24095.0,8916.0,1951.0,5313.0,2711.0,1517.0,6394.0,33.26617416610701,7.2793075143646,19.82314752630401,10.114916797253937,5.660025371240953,23.856428624729496
24241.0,5790.0,2129.0,5154.0,2245.0,1919.0,2785.0,28.91818999100989,10.633303366297072,25.74168414743782,11.21266606732594,,13.909699330736188
40556.0,9977.0,,5732.0,4643.0,2129.0,5521.0,,7.492566897918731,18.936240502147346,15.338619094813346,7.033366369342583,18.2391807069706
25697.0,7237.0,1375.0,5291.0,2929.0,1855.0,7635.0,27.494111389712028,5.2237671909429375,20.101056150748423,11.127573892561356,7.047336828508471,29.006154547526787
28384.0,9207.0,2716.0,5180.0,2837.0,1854.0,6147.0,32.95157653627286,9.720482445152284,18.539064457249204,10.15353781181776,,21.99992842060055
28163.0,10803.0,1070.0,7158.0,3056.0,2210.0,5115.0,,3.6379708962328303,24.337005303957568,10.39031687746498,7.513939888480891,17.390860873113017
27893.0,5582.0,1657.0,7223.0,2878.0,2763.0,6279.0,21.158365552270485,6.280797513456145,27.378515654612997,10.908953074065652,10.473049806686378,23.800318398908345
33106.0,6868.0,1952.0,6949.0,3061.0,2383.0,5904.0,25.327285466681417,7.198436405207066,25.625991075708964,11.288121842386694,8.787845263119076,21.772319946896783
34740.0,7848.0,2206.0,6523.0,3643.0,,6507.0,26.634086744043984,7.486594719337542,22.13737867372565,12.36340188692052,9.295459173284463,22.083078802687844
28470.0,11075.0,2788.0,,2937.0,1476.0,,43.74012638230648,11.011058451816744,24.06003159557662,11.59952606635071,5.829383886255924,3.7598736176935232
23817.0,,1070.0,5502.0,2418.0,2158.0,1893.0,33.882579598458726,5.424863110930846,27.894950314337866,12.259176637598864,10.940985601297912,9.597444737375788
36372.0,,1746.0,5046.0,2919.0,2077.0,7009.0,26.5942906236576,6.81844808060296,,11.399226773929003,8.111063381106728,27.371421876830556
29523.0,8956.0,,6362.0,2767.0,2175.0,1989.0,38.62842354970886,4.037092948026742,27.440155272805693,11.93444037092948,9.381065343972397,8.578822514556826
38651.0,6845.0,2015.0,4826.0,3711.0,2688.0,5803.0,26.440822002472185,7.783529048207664,18.64184177997528,14.33482694684796,10.3831891223733,22.41579110012361
18772.0,8305.0,2135.0,5006.0,3585.0,1889.0,4295.0,32.93674400158636,8.467182232797937,19.85326194725362,14.217727543129092,7.491572476700377,17.03351179853262
30977.0,4896.0,2795.0,7152.0,3053.0,1797.0,3007.0,21.568281938325992,,31.506607929515415,13.44933920704846,7.916299559471366,
39593.0,12428.0,2060.0,7900.0,2360.0,2266.0,5699.0,37.991012747225874,6.297190719285911,24.1494207195916,7.214257328890655,,
28233.0,5304.0,2522.0,6393.0,2387.0,1110.0,5402.0,,10.909248204862012,27.65377627822476,10.325287654641404,4.801453412924993,23.36707327623497
28872.0,7356.0,2291.0,7106.0,3007.0,1881.0,9220.0,,7.423609085901299,23.025825475519262,9.743689446226629,6.095071449402158,29.875895142736788
31477.0,,1782.0,5754.0,3168.0,1932.0,3750.0,32.62612557049464,7.327001356852103,23.658566670778335,13.025780189959294,7.943752312816085,15.418773899099545
27206.0,11825.0,,4662.0,2812.0,1539.0,7880.0,39.39959350947922,4.314796921334088,15.53326891680272,9.369273314896878,5.127777962882751,26.25528937460434
28439.0,5350.0,,6612.0,,2528.0,5704.0,21.323236349143084,8.517337584695097,26.353128736548427,10.99641291351136,10.075727381426864,22.73415703467517
28310.0,11967.0,1253.0,6569.0,2703.0,1468.0,,43.30064768245468,4.53377718276224,23.768860585447047,9.780366899446394,5.311719795925752,13.304627853963888
26862.0,9514.0,2647.0,6071.0,2988.0,1932.0,6598.0,31.979831932773116,8.897478991596639,20.40672268907563,10.043697478991596,6.494117647058824,22.178151260504205
36144.0,8834.0,,5757.0,1808.0,2146.0,6131.0,33.21801910205309,7.21215311724449,21.64774009175002,6.798525983304504,8.069489358501917,23.05407234714597
,6030.0,2597.0,6962.0,2449.0,2676.0,5071.0,23.38568935427574,10.071747139809966,27.000193911188678,9.497770021330233,10.378126817917394,19.66647275547799
31253.0,,1759.0,,2686.0,1994.0,5532.0,34.9906227274467,6.732498947448999,19.190875339686915,,,21.17349867952693
34042.0,6553.0,2134.0,5226.0,3603.0,2468.0,3806.0,27.54518705338377,,21.9672131147541,15.145018915510718,10.37410676754939,15.998318621269442
,10533.0,2104.0,4991.0,2593.0,2350.0,3348.0,40.63814190362282,8.117597129518886,19.25614414136348,10.004243990894713,9.066707820517768,12.917165014082332
26128.0,6057.0,1977.0,6084.0,3090.0,2061.0,6518.0,23.488579516810795,7.666653740256718,23.593283437390934,11.982782021949044,7.992399270950479,25.276302012642027
26986.0,7773.0,1783.0,,3113.0,1455.0,4552.0,32.953196540613874,,20.82414787179922,13.197388502628456,6.168390707139223,19.297948109208072
30008.0,6889.0,2196.0,5315.0,3648.0,1282.0,4839.0,28.503454838843144,9.086019280897018,21.990980181223883,15.09371508957756,5.304315445405272,20.021515164053124
24703.0,6024.0,1536.0,5294.0,3631.0,2053.0,5559.0,24.99896252645557,6.374237456944848,21.969539776735694,15.06826575922314,8.519732746814956,23.069261733825787
27498.0,56238.0,1395.0,,2971.0,1728.0,5530.0,35.321288880610915,5.1964984168374,21.378282734214935,11.067237846898864,6.436952877630844,20.59973924380704
27419.0,9070.0,2621.0,4512.0,2762.0,2459.0,2141.0,,11.122427328665394,19.14704010184596,11.72077233184808,10.434967112242733,9.085508168894547
40622.0,10418.0,2363.0,6087.0,2668.0,2372.0,7572.0,33.094027954256674,7.506353240152477,19.336086404066076,8.475222363405337,7.534942820838627,24.05336721728081
16130.0,4440.0,2032.0,7247.0,2879.0,1907.0,5242.0,18.697098580873373,8.556870341516824,30.51753905756517,12.123636669895143,8.030488061649892,
29101.0,10128.0,2832.0,6135.0,2782.0,1421.0,4594.0,36.311487164778434,,21.99555428079736,,5.094650795927148,16.47067259429227
38628.0,13010.0,1866.0,7541.0,3276.0,2255.0,5861.0,38.48087787275578,,22.30471176313999,9.689727587328818,6.66982164512408,17.335620692714958
30609.0,7096.0,2661.0,7333.0,3210.0,1491.0,5473.0,26.02699530516432,9.76012323943662,26.896273474178408,11.773767605633804,5.46875,20.07409037558685
33767.0,11790.0,2087.0,6777.0,3295.0,1620.0,6534.0,36.72553966918979,6.500950066971935,21.11017661900757,10.263838270566614,5.046257359125315,20.35323801513877
30499.0,,1487.0,6074.0,3629.0,1510.0,6075.0,28.47074062785736,5.665193538555319,23.140810728436453,13.825815300213348,5.752819262419994,23.14462054251753
26663.0,5255.0,2924.0,6022.0,3931.0,1930.0,6435.0,19.83243386043703,11.035211533381135,22.727101181265805,14.835641770766502,7.283843453975922,24.285768200173603
18790.0,7388.0,,6763.0,3062.0,2585.0,7701.0,24.63159298526372,8.318330332733213,,,8.618390344735614,25.675135027005403
31027.0,10096.0,,,3549.0,1997.0,6767.0,,6.472826812658567,18.72079049272266,11.847376151689144,6.666444118039792,22.58979837094405
26121.0,6323.0,2363.0,4117.0,,1778.0,4679.0,28.63158848034776,10.70005433798225,18.64245607679768,12.787538489404094,8.051077703314617,21.187284912153597
25998.0,,1798.0,6492.0,,1237.0,2754.0,29.988532110091743,7.930486944248412,28.63443895553987,15.84333098094566,5.4560691601976,12.14714184897671
27505.0,9187.0,2414.0,4868.0,3530.0,2276.0,8335.0,30.01306762495916,7.8863116628552765,15.903299575302189,11.53217902646194,7.43547860176413,27.229663508657303
38724.0 USD,8006.0,804.0,5037.0,3504.0,1609.0,,34.091296201669216,3.4236075625958104,21.448645886561064,14.92079713847726,6.8514733435530575,19.26417986714359
42024.0,9169.0,1490.0,6000.0,3047.0,2058.0,4053.0,35.5153580973777,5.77139094395166,23.24050044544293,11.802300809544098,,15.698958050896698
31086.0,8475.0,2489.0,5904.0,2665.0,1822.0,1526.0,37.03946505834535,10.87802106551287,25.803068047725187,11.647218215987063,7.96293868274988,6.669288929679647
27676.0,8959.0,1875.0,4587.0,2302.0,2419.0,5676.0,34.700596483073824,7.262375087148501,17.766674413200093,8.916259973661786,9.369432179099851,21.984661863815944
24113.0,,2103.0,6165.0,2979.0,1921.0,5297.0,27.87109375,8.21484375,24.08203125,11.63671875,7.50390625,20.69140625
32342.0,8463.0,1326.0,6966.0,3766.0,1970.0,,34.599345870809486,5.4210956663941126,28.47914963205233,15.396565821749796,8.053965658217498,8.049877350776779
38914.0,6145.0,2923.0,4871.0,,2242.0,,24.64703994866036,11.723888978020216,,11.411038023423712,8.992459489812289,23.68843253649928
28763.0,10576.0,2595.0,7272.0,3392.0,3053.0,4003.0,34.236509015570874,8.400505001456734,23.5408371370302,10.980544495160403,9.883137483409406,
18105.0,6731.0,1899.0,4439.0,3421.0,2444.0,-10380.0,22.96172477314593,6.478133315139524,,11.6701917172682,,35.40970184894589
33350.0,10257.0,,8117.0,2858.0,1955.0,3861.0,35.55902236089444,6.229849193967759,28.14005893569076,9.908129658519671,6.777604437510834,13.385335413416536
34926.0,7532.0,2514.0,5588.0,3658.0,2001.0,-4129.0,29.62788136259932,9.889072456927073,21.980961372039964,14.389111792935251,7.871135237196129,16.241837778302255
22070.0,,2991.0,6145.0,1545.0,1737.0,3250.0,34.90922687050808,12.42574051763533,25.52864442690374,6.418511902289062,7.2161522163599345,13.501724066303852
30882.0,7010.0,2476.0,4107.0,2388.0,1525.0,7555.0,27.971748932604445,9.879893060931328,16.38801324767567,9.52874985036511,6.085152228562308,30.146442679861146
32256.0,5968.0,3085.0,,2542.0,1723.0,4254.0,25.3860223744098,13.122633884895146,25.25415798204943,10.812880173550557,7.329108001191033,18.09519758390404
29634.0,4510.0,1538.0,6228.0,2590.0,1613.0,3550.0,22.517349842728045,7.678865644815018,,12.93124968795247,8.053322682110938,17.724299765340255
26046.0,5889.0,1590.0,5913.0,3168.0,2326.0,6413.0,,6.284833392624215,23.372465314834574,12.522234080398434,9.19403929009052,25.34882801691766
35079.0,7352.0,1405.0,5436.0,3145.0,1464.0,2239.0,34.94130507105175,6.677439285205075,25.835273988878853,14.94700822204268,6.957844208925431,10.641129223896202
27983.0,8423.0,2220.0,5053.0,3196.0,2666.0,6250.0,30.289844649021862,7.98331415420023,18.17102991944764,11.493095512082856,9.587169159953971,22.47554660529344
22574.0,10020.0,2087.0,7130.0,3298.0,2376.0,8562.0,29.93457413437696,6.234875870104263,21.300749858094584,9.852717115286948,7.098258297732501,25.578824724404743
19752.0,7108.0,1924.0,6030.0,2524.0,2010.0,6133.0,27.62641377434024,7.47794317695985,23.436589062925105,9.809942088693692,7.812196354308368,23.836915542772747
,6236.0,2404.0,7540.0,2390.0,2000.0,6275.0,23.229651704227976,8.955112683926243,28.08716707021792,8.902961445334327,7.450176941702366,23.374930154591173
33083.0,,2616.0,5473.0,3198.0,,6740.0,20.569543882229908,10.522081892044085,22.01351460059529,12.863003780870406,6.922210602525944,27.109645241734377
30439.0,8960.0,1237.0,5565.0,2684.0,2135.0,8419.0,30.89655172413793,4.26551724137931,19.189655172413797,9.255172413793105,,29.03103448275862
27798.0,10766.0,1701.0,6815.0,2214.0,,7419.0,34.22232111637369,5.407037731650719,21.663117073015677,7.0377316507199845,8.086716043103722,23.58307638513621
27355.0,10532.0,2410.0,4377.0,3485.0,1648.0,5879.0,37.17482616215453,,15.449507606508773,12.301013024602025,5.816949631146094,20.751120680526636
150330.0,9419.0,1766.0,4786.0,3697.0,1233.0,6807.0,33.993792406525195,,17.272989750252634,13.34271690486502,4.4499783456041575,24.56691208315288
27842.0,9277.0,1600.0,7097.0,3778.0,,3228.0,33.943141487687974,5.854158281804544,,13.82313124291098,8.601953825326552,11.810764333540668
19399.0,11395.0,2509.0,4828.0,3093.0,2162.0,6552.0,37.312944104260126,8.215724155997249,15.8092930351354,10.128033006974688,7.079472150365107,21.45453354726743
26319.0,8664.0,1355.0,,3312.0,1439.0,2988.0,39.49311696599508,6.1764974017686205,19.05369678183973,15.097091804175404,6.55939465767162,13.620202388549547
28445.0,9292.0,1849.0,7868.0,3684.0,1633.0,4265.0,32.49973767968941,6.467070057010947,27.519149382672868,12.885173656045607,5.711587562519674,14.917281662061487
33049.0,7358.0,2164.0,4606.0,2679.0,1570.0,-1165.0,42.74924471299094,12.572623750871484,26.760399721124795,,9.121543109458518,-6.768533581222402
,5275.0,1713.0,6184.0,3555.0,1637.0,5802.0,21.82818836381693,7.088471406107755,25.589671439212115,14.710750641397006,6.7739799718612925,24.0089381776049
33974.0,6632.0,2391.0,6069.0,3137.0,1838.0,3712.0,27.8901551789394,10.055090626182766,25.522519870473943,13.192312544682284,7.729509230833929,15.610412548887671
36745.0,7981.0,1715.0,3189.0,3456.0,1866.0,7222.0,31.38542608832435,6.7442683550277245,12.540799874159426,13.590782177828464,7.338078571709465,28.40064493295057
35290.0,8121.0,2704.0,5732.0,3093.0,1674.0,5780.0,29.962367178276267,9.976387249114522,21.14817001180637,11.411599763872491,,21.325265643447462
32352.0,11852.0,1937.0,6448.0,3648.0,1620.0,7248.0,36.18599822916985,5.913962079809483,19.6867462522517,11.13791103105059,4.946111806552072,22.129270601166308
30059.0,8162.0,2335.0,6354.0,3111.0,1885.0,2832.0,33.07265286275781,9.461485473479476,,12.605859232545887,7.638072855464159,11.475343409376393
25096.0,10357.0,2373.0,6903.0,2258.0,2083.0,7076.0,33.35587761674718,7.642512077294686,22.231884057971016,7.272141706924315,6.708534621578099,22.789049919484704
33699.0,7129.0,,5612.0,3725.0,1841.0,9211.0,24.41103958361868,,19.216545678674155,12.755102040816327,6.303930968360498,
,7376.0,973.0,6712.0,2526.0,2579.0,6528.0,27.631677530531206,3.645013860792688,25.144227167153662,9.462800629354913,9.661347119202818,24.454933692964712
31710.0,5341.0,2180.0,5310.0,3626.0,2254.0,6580.0,21.118184334348182,8.619667075244159,20.995611086947928,14.337115970107943,8.912261278715748,26.017160254636035
39586.0,6515.0,2036.0,4589.0,,1204.0,5339.0,28.78031541281972,8.99412466316208,20.272120864072093,13.049432345275433,5.318725979590935,23.58528073507973
22372.0,9053.0,2277.0,4702.0,3588.0,,3950.0,35.04703650652317,8.814989741008866,18.20293445859626,13.89028686462003,8.753048662459834,
24229.0,8015.0,1886.0,,3567.0,2302.0,6522.0,29.87438965298744,7.029706660702971,16.91080547169108,13.295314771329531,8.580267620858027,24.309515822430956
34276.0,9885.0,1784.0,7009.0,3215.0,1782.0,1987.0,38.51999064765022,6.951913334892058,27.312758163821997,12.528251889954015,6.944119710077157,7.742966253604551
31321.0,8362.0,3004.0,,3254.0,1252.0,4164.0,34.10138248847927,12.250723869336486,18.29044492475837,13.27025814607887,5.105827657925859,16.98136291342115
36568.0,7295.0,1263.0,6274.0,3211.0,2004.0,1457.0,33.92392113095239,5.873325892857143,29.175967261904763,14.932105654761903,9.319196428571429,6.7754836309523805
29922.0,12296.0,2366.0,5734.0,,1996.0,3592.0,43.95038781856525,8.456946777710261,20.495406941416164,7.123708760767773,,
25660.0,7812.0,1712.0,5897.0,,,6284.0,29.81338014731137,6.5336030225546695,22.50505667290005,,5.4917375872991645,23.981986795405103
28932.0,10326.0,1832.0,7363.0,2441.0,1274.0,6010.0,35.30739246392669,6.26410449292211,,8.346440538877111,4.356151268549546,20.549818778636396
22336.0,7197.0,1841.0,5561.0,3085.0,1956.0,5101.0,29.089365829998787,7.441089689179904,22.476860272422293,12.469180712178163,7.905905177640355,20.61759831858049
24357.0,,1598.0,6611.0,,1883.0,5340.0,34.5283918032186,5.857985996554126,24.23475933868544,,6.902745701821915,19.575497635543822
34862.0,9856.0,2285.0,6037.0,2407.0,1791.0,,41.75563463819692,9.680562616505677,25.576173529910182,10.197424165395695,7.587697000508388,5.202508049483138
34363.0,8416.0,,,3802.0,1958.0,4254.0,31.2027287557467,9.99184339314845,21.67803648227792,,7.259380097879283,15.771911612042116
31815.0,3291.0,2235.0,8299.0,3534.0,1448.0,3637.0,14.663161646765282,9.958117982534308,36.976474781678846,15.745856353591158,6.451612903225806,16.2047763322046
21394.0,8036.0,2051.0,4558.0,,1782.0,3681.0,34.78035057346895,8.876866479117073,19.72733174637524,12.971218351006277,7.712616316814542,15.931616533217918
28207.0,10460.0,1506.0,,3092.0,2266.0,6199.0,33.94781254056861,4.887706088536933,23.656367648967937,10.035051278722577,7.354277554199662,20.118784889004285
23875.0,9054.0,2258.0,,2876.0,1825.0,3278.0,34.89420742282345,8.702354800169577,25.65229120900297,11.084133040428569,7.033568427949281,12.633445099626162
150330.0,8891.0,3078.0,5520.0,3284.0,1164.0,3790.0,,,21.456057838068958,12.764799626851168,4.524429587592802,14.731604928674155
27081.0,4555.0,1809.0,7629.0,2661.0,1763.0,825.0,23.67217544953747,9.40130963517306,39.64764577486748,13.829123791705644,9.16224924644008,4.28749610227627
24571.0,6559.0,1812.0,4151.0,3496.0,1464.0,4411.0,29.9593477367195,,18.960398300826743,15.968574430183164,,
30148.0,8822.0,1719.0,5478.0,2873.0,2133.0,2824.0,36.99106880791647,,22.96951654157407,12.0466266929431,,11.841167344542749
26799.0,8820.0,1755.0,4791.0,2790.0,2159.0,5158.0,34.624896949711456,6.889647862442587,18.8081498056766,10.952773524908729,8.475640874651592,20.24889098260904
37418.0,10429.0,627.0,6412.0,3010.0,1170.0,3097.0,,2.5338452212568194,25.91230551626591,12.164073550212164,4.728227924833299,12.51565972923823
,7710.0,2202.0,4886.0,2704.0,2379.0,5209.0,30.72937425269032,8.776404942208051,19.473893981666,10.77720207253886,9.481865284974091,20.76125946592268
23003.0,8811.0,1577.0,6433.0,3164.0,1443.0,4710.0,,6.033361389547784,24.611676486341725,12.104981253347615,5.520697834570357,18.01974137271406
19235.0,8032.0,1194.0,5813.0,2731.0,2779.0,8344.0,27.799120894334266,4.132488838126882,20.11905997992593,9.45211642958502,9.618246634132834,28.878967223895064
29846.0,6026.0,2376.0,5520.0,3234.0,1975.0,5994.0,23.98407960199005,9.456716417910448,21.970149253731343,12.871641791044777,7.860696517412935,23.856716417910448
150330.0,3488.0,1458.0,6388.0,,1376.0,1320.0,19.775484748837737,8.266243338246968,36.21725819253884,20.45583399478399,7.801338020183694,7.483841705408777
,8862.0,1830.0,,2640.0,1429.0,2470.0,38.59419911157565,7.969689051476352,24.958627297273758,11.497256336556047,6.223325494294922,10.756902708823274
35946.0,8347.0,2733.0,4911.0,2934.0,2174.0,5110.0,31.847838528749666,10.427715670189633,18.737838147201344,11.19462779961082,8.294860544087909,
33336.0,6763.0,1295.0,8801.0,3230.0,,,27.01633843326808,5.173171413733871,35.157591978588265,12.902968082131586,7.20648743658371,12.543442655694484
29858.0,4761.0,1233.0,5512.0,2782.0,1951.0,,31.11154675553813,8.057243677710254,36.01908122590341,18.17944193948899,12.7491341567013,-6.11644775534209
36821.0,,,3782.0,3232.0,,7699.0,32.024764803541785,7.381018262313227,13.081073602656335,11.178749308245711,,26.62908135030437
33312.0,7468.0,2574.0,5157.0,3277.0,1650.0,6440.0,28.111119476021983,9.68907626289242,19.41203041481593,12.335315817209969,6.210946322366935,24.24151170669277
25885.0,9113.0,1212.0,4732.0,3541.0,2029.0,6041.0,34.1720413979301,4.544772761361933,17.74411279436028,13.278086095695215,7.608369581520924,22.652617369131544
,11728.0,2203.0,6826.0,2697.0,2709.0,3785.0,39.16121276879925,7.35608387872312,22.79284092426873,9.005609723520768,9.045679177240553,
34089.0,,2290.0,6321.0,2528.0,2135.0,5855.0,16.26980653068371,10.023636522804868,27.667863083253085,11.065394379760134,9.34518077562812,25.628118707870083
31981.0,6600.0,970.0,,2846.0,1196.0,3591.0,30.55414101199019,4.490532845701588,29.618999120411093,13.175315957594554,5.536780704597009,
30848.0,7581.0,,5629.0,2516.0,2252.0,5409.0,29.399674241836653,9.30349802218258,,9.75723260684092,8.733421236329791,
25767.0,10909.0,2438.0,5720.0,3282.0,1418.0,3158.0,40.516248839368615,9.054781801299908,21.24419684308264,12.189415041782729,5.266480965645311,
33039.0,4727.0,1844.0,,2419.0,2703.0,8032.0,18.6440009465962,,22.201624990139624,9.540900844048275,10.661039678157293,31.679419420998663
26222.0,11871.0,2626.0,5918.0,4166.0,1588.0,1859.0,42.35407449693164,9.369202226345084,21.114599686028257,14.863707720850575,5.665762808619951,6.63265306122449
29490.0,8271.0,2568.0,6835.0,3647.0,3484.0,,25.63141095168738,7.958102203353063,21.181319532678422,11.301868666522047,10.796739905172146,23.13055874058694
37234.0,7807.0,2051.0,6336.0,3006.0,2733.0,5077.0,28.90410958904109,7.593483894853757,23.45797852647168,11.129211403184003,10.118474639022583,18.79674194742688
26695.0,7603.0,1774.0,6500.0,3433.0,1601.0,4021.0,30.49494625381036,7.1153537622332745,26.070912883041878,13.769452911920425,,16.127867800417135
22135.0,7127.0,1513.0,6499.0,2181.0,,5334.0,28.896367174829717,6.134446967239702,26.35014596172559,8.842847875445994,8.149529678884203,21.6266623418748
24737.0,10096.0,1981.0,6884.0,4261.0,2376.0,6466.0,31.487025948103792,6.178268463073852,21.469560878243517,13.289046906187624,7.410179640718563,20.165918163672654
34971.0,,2284.0,6288.0,2704.0,2391.0,7733.0,21.502457633335776,8.37796199838603,23.06507226175629,9.918567970068228,8.770449710219353,28.36549042623432
31273.0,,1837.0,6358.0,2939.0,2221.0,25802.5,,6.638719236746052,,,8.02645368797658,20.3317552672473
29355.0,7231.0,901.0,7188.0,2072.0,2626.0,3218.0,,3.877603718368049,30.934756412463425,8.9171974522293,11.301428817352384,13.849199517989328
27454.0,6475.0,2634.0,5334.0,3243.0,1938.0,,26.177481301799077,10.648878107944208,21.56458459672529,13.110976349302607,7.835051546391752,20.66302809783707
32426.0,13171.0,2095.0,5144.0,2446.0,1816.0,8633.0,39.54661462242907,,15.44512835910524,7.344242606215283,5.452634739528599,25.921032877946253
25754.0,8838.0,1810.0,4814.0,3050.0,1826.0,7695.0,31.52712874112653,6.456676060357436,17.172617985945134,10.88003424535369,6.513751649841258,27.449791317375947
31528.0,9226.0,2428.0,6182.0,2727.0,2429.0,6817.0,30.950384112180885,8.145191049682982,20.738703076252136,9.148243818980845,8.148545741219095,22.868932201684057
26343.0,10275.0,2762.0,4146.0,2461.0,2182.0,6591.0,36.157933631277054,9.719534081711652,14.589858183481718,8.660308969982756,7.678502304958299,23.19386282858852
25511.0,,599.0,,2597.0,2145.0,6398.0,22.07808887747239,2.5644318862916347,27.665039815052666,11.11824642520764,9.183149242229645,27.391043753746043
26812.0,11504.0,2217.0,5890.0,3112.0,2397.0,7317.0,35.46567191787157,6.83478743410303,18.158276042790643,9.593982180842865,7.389709282609366,22.55757314178253
28122.0,2982.0,1286.0,7134.0,2359.0,,4086.0,15.84400403804261,6.832793156580415,37.90446841294299,12.533871739014929,5.175070400085011,21.709792253334044
29755.0,6462.0,2249.0,5328.0,2625.0,2155.0,2289.0,30.61398521887436,10.654728065188554,25.241614553723707,12.436043206367255,10.209399279893878,10.844229675952246
31177.0,7081.0,2063.0,5796.0,3331.0,2109.0,5138.0,27.74903989340857,8.084489380045458,22.713378791441336,13.053530840974997,8.264754291088643,20.13480680304099
11558.0,9163.0,2317.0,7122.0,4301.0,2834.0,3364.0,31.48689048486306,7.961925707020377,24.4733857943026,14.779560839833684,9.738496958867394,11.559740215112884
25961.0,8437.0,1750.0,7383.0,3238.0,1235.0,2889.0,33.84004492218835,7.019091930049735,29.61254612546125,12.987325525429169,4.953473447777956,11.587518049093534
28042.0,7666.0,1063.0,5319.0,2541.0,2778.0,3559.0,33.438017970862774,4.636657070574893,23.200732792462706,11.08348599842973,,15.52385937363692
37525.0,7976.0,1774.0,6181.0,2816.0,2037.0,9970.0,25.93483774468362,5.7683553358912665,20.09819860831111,9.156532483579372,6.623528646680106,32.418547180854524
24599.0,6043.0,2203.0,6294.0,3015.0,2244.0,5272.0,24.10354592956005,8.78704479278848,25.10470264448965,12.025846595668302,,21.028279685692635
30813.0,5005.0,2507.0,6373.0,2825.0,2837.0,5723.0,19.806094182825483,9.9208547685002,25.21962801741195,11.179263949347051,11.226751088246932,22.64740799366838
37475.0,9453.0,1414.0,5737.0,3451.0,2280.0,2555.0,37.979108075532345,5.680996384089996,23.049417436721576,13.865006026516674,9.16030534351145,
23435.0,9387.0,2513.0,7281.0,3108.0,2200.0,1312.0,36.38231076314872,9.73993256075346,28.21983644044804,12.046044726948567,8.52680128677183,5.085074221929382
31969.0,11168.0,1676.0,4110.0,3453.0,2121.0,3361.0,43.138012283209086,6.47379195797443,15.875468345629418,13.337710996948507,,12.982347715245856
25988.0,6419.0,2181.0,5578.0,2842.0,1758.0,7876.0,24.082689277406768,8.182636752457418,20.927440534253773,10.662564718241164,6.595632925639679,29.5490357920012
27476.0,9385.0,1745.0,6447.0,3662.0,1985.0,5668.0,32.48304028796899,6.039734182472657,22.31413540080299,12.674788868891044,6.870413955420185,19.61788730444414
25984.0,56238.0,2091.0,,2916.0,1642.0,6197.0,27.79876566298859,7.821208154105105,24.15186085655508,10.907050682625773,6.141761735552646,23.17935290817281
26340.0,10380.0,2445.0,7352.0,2514.0,1977.0,,33.327982019585804,7.8503772676192,23.605715203082354,8.071921656766737,6.347728367314176,20.796275485631725
43609.0 USD,10043.0,1386.0,7198.0,,832.0,3817.0,36.70150562783219,5.065048969448911,26.304633825464112,14.939336354334165,,13.948984066656925
34222.0,8422.0,1660.0,5714.0,2087.0,2214.0,7775.0,30.21670493685419,5.955797933409874,20.500861079219288,7.4878013777267505,7.94345579793341,27.895378874856487
35508.0,7320.0,2092.0,7299.0,2630.0,1939.0,3734.0,,8.363316542736069,29.179659390741183,10.514112097225553,7.751659070920285,14.927640521308067
32459.0,9921.0,3200.0,5285.0,2686.0,1831.0,7812.0,32.279160566129825,10.41158288596063,17.195379860094352,,5.957377582560599,25.41727672035139
21968.0,9293.0,1568.0,6930.0,4254.0,2109.0,5884.0,30.93747919302217,5.220054597509821,23.07077701578001,14.162061388907384,7.021106598308808,19.5885212064718
31974.0,6631.0,3020.0,7810.0,3903.0,1283.0,1421.0,27.55110520192787,12.547781286355328,32.449725776965266,16.21655309955127,5.330729599468174,5.904105035732092
35364.0,,3002.0,7214.0,3746.0,2964.0,3503.0,20.734877585069647,11.64784852364878,27.99053272804873,14.534590462887516,11.500407403096265,13.59174329724906
25733.0,,1951.0,6105.0,2834.0,1948.0,1430.0,,8.994928538497003,28.146611341632088,13.06592899953896,8.981097279852467,6.592899953895805
34826.0,11030.0,,5668.0,4213.0,1927.0,7326.0,,5.778721809208472,17.704754170050602,13.1598675579434,6.019241581807959,22.883738364465547
33521.0,10292.0,1653.0,4471.0,3184.0,1517.0,4950.0,39.48287106302988,6.341351133617216,17.15195457858595,12.21467756166801,5.819618674953006,18.989526988145933
39260.0,5775.0,1965.0,6310.0,3488.0,2011.0,543.0,28.742783197292454,9.780011945052758,31.40553454111089,17.360143340633087,10.008958789567988,2.7025681863428237
27911.0,5664.0,1296.0,4884.0,,2693.0,5751.0,24.228942978140907,5.543910681439021,20.89233006801557,,11.519869957650682,24.60110364888565
24511.0,10549.0,1961.0,5206.0,2975.0,2517.0,3925.0,38.87885600560204,7.227361515497733,19.186967898868534,10.964508163490953,9.276526738657722,
28191.0,,2748.0,4809.0,2874.0,2427.0,2032.0,27.781550101852748,13.32815986031623,23.3242797555534,13.939276360461731,11.771267824231254,9.855466097584635
37177.0,9018.0,1694.0,5539.0,2895.0,2273.0,8355.0,,5.689527775911869,18.603479545912545,9.723248471821051,7.63417747027608,28.06139584872708
20857.0,6767.0,1879.0,5972.0,3304.0,1820.0,5214.0,27.11572367366565,7.529251482609392,,13.239301170059305,7.292835390286904,20.892771277448308
19658.0,11234.0,1149.0,6273.0,3183.0,1274.0,,40.81232289471773,4.174235268473443,22.789362784276683,11.563612584465597,4.62835137688004,16.032115091186512
30446.0,6459.0,2187.0,5399.0,2984.0,1899.0,4201.0,27.92598037096286,9.45566172337758,23.34298932076614,12.90155216395002,8.210471702192052,18.16334471875135
27787.0,10286.0,2132.0,7069.0,3754.0,1882.0,1973.0,37.96132270445823,7.868320047239445,26.08872158252141,,6.945674638323,7.281517567168586
,8369.0,2031.0,5791.0,1516.0,2524.0,2390.0,36.996596083285446,8.978382918527032,25.600106096105392,6.701737323725741,11.157773750055258,10.565403828301136
150330.0,8504.0,1891.0,5212.0,3254.0,2154.0,7569.0,29.750909599776097,6.6155891407780585,18.23397705009796,11.383991043940666,7.535684298908481,26.479848866498735
,4059.0,1853.0,6226.0,3358.0,2806.0,4052.0,,8.28934418895947,27.851838597119084,15.021920014315112,12.552563299633176,18.12650979690436
20634.0,3594.0,,7963.0,3573.0,2598.0,5044.0,14.363360242986174,8.992086963472143,31.82399488450164,14.279434097993764,10.38286308048917,20.15826073055711
40222.0,7558.0,1985.0,6335.0,,1771.0,911.0,35.10939750081293,9.220978306313002,29.42815998513495,13.782691503693036,8.226877874297394,4.231894829748688
25013.0,8493.0,2157.0,5637.0,3103.0,1102.0,2363.0,37.16035878363597,9.43775978998031,,13.576897834171952,4.821702034565741,
24704.0,5749.0,2107.0,4472.0,3492.0,,6219.0,23.24612834094861,8.51967166713841,18.0825684363754,14.11993045165986,10.885123933524726,25.146577170352995
35518.0,5822.0,2561.0,5780.0,3745.0,2679.0,5755.0,22.10158681952775,9.722116771695392,21.942145622959533,14.216840027332776,10.170070609672766,21.847240148811785
28077.0,9122.0,2338.0,6234.0,2849.0,1316.0,,30.041165815906474,7.699654207146385,,9.38251276140293,,28.012514408035567
29683.0,9125.0,2096.0,5612.0,3133.0,2754.0,7685.0,30.01151126459464,6.8936030258181225,18.457490544318368,10.304226278572605,9.057720769610262,25.275448117086007
32413.0,,2759.0,4334.0,3839.0,,25802.5,30.42741776639748,10.868623202678746,17.073074650384086,15.12310419539098,8.631081347252314,17.876698837896395
35417.0,9560.0,2210.0,5149.0,1937.0,2080.0,5945.0,,8.221420334064954,19.154793348461737,7.205833116327517,7.737807373237603,22.11599270860459
28332.0,5651.0,2652.0,7454.0,2654.0,2807.0,4366.0,22.08802376485303,10.365853658536585,29.135397123202,10.373671044402752,10.971701063164478,17.06535334584115
37599.0,7288.0,2303.0,7434.0,3732.0,2672.0,9109.0,22.39842645522159,7.077878173212859,22.8471325834409,11.469666236400515,8.211936812342492,27.99495973938165
,,1079.0,5113.0,3546.0,2325.0,7298.0,36.84433716075157,3.519702505219207,16.67862734864301,11.567066805845512,7.584159707724426,23.806106471816285
33798.0,8136.0,2652.0,6672.0,3261.0,2236.0,,28.75318066157761,9.372349448685329,23.57930449533503,11.52459711620017,7.9021769861464515,18.868391292055414
25802.0,8252.0,,4821.0,2775.0,2308.0,-5400.0,32.20544042461851,,18.815127034305117,10.830113569839597,9.007532295203529,21.074815595363543
36861.0,12611.0,1974.0,7404.0,2559.0,1799.0,7889.0,36.835494800794486,5.765860497721696,21.62635821941816,,5.254702652178993,23.04299567706508
30710.0,,2140.0,6245.0,2704.0,1972.0,6159.0,,8.762949920150689,25.57225338847713,11.07243765611564,8.075017403054748,25.22009745710659
26635.0,9592.0,1827.0,6949.0,3774.0,1548.0,8117.0,,,21.84739208350363,11.865312667022982,4.866853208413242,25.519539723960133
33314.0,11327.0,2113.0,4284.0,2685.0,1833.0,612.0,49.56243983547738,9.245646276363,18.74507744814912,11.748490417432397,8.020477815699659,2.677868206878446
34465.0,7350.0,1704.0,6677.0,3050.0,1816.0,5922.0,27.715977223877218,6.425581658433575,25.17817413929636,11.50118782759531,,22.33115879180965
33209.0,9719.0,2637.0,5992.0,2623.0,1682.0,3969.0,36.50739989482383,,22.50770039816693,9.85275336188115,6.318082788671024,14.908722109533468
24851.0,6035.0,1943.0,6851.0,3421.0,2068.0,8512.0,,6.739507457509538,23.763440860215056,11.866111689212628,7.173083593479015,29.524800554977453
27579.0,6626.0,,6914.0,2730.0,1838.0,8092.0,23.657526421022563,6.455298486146815,24.685804055984004,9.747215081405312,6.562410739788632,28.89174521565267
29979.0,8769.0,1537.0,6065.0,2951.0,2251.0,5065.0,32.91913807342894,5.769952699151588,22.76822584278099,,8.450334109167356,19.01419025452361
29793.0,9597.0,,5399.0,2158.0,1188.0,8071.0,33.61824359827653,7.4753914596980415,18.91267033313483,7.559463341156689,4.161558132203034,28.27267313553088
33748.0,10241.0,2093.0,6779.0,2193.0,1943.0,8566.0,32.189218921892184,6.578657865786579,21.307559327361307,6.892975011786893,,26.924406726386923
19925.0,11139.0,2194.0,5939.0,3003.0,2065.0,5148.0,37.77468800868149,7.4403147042864894,20.1403960933261,10.183803581117742,7.002848616386327,17.457948996201843
31671.0,7865.0,,5127.0,2337.0,1844.0,9943.0,27.498077057548425,5.1954408782602615,17.92531990769876,8.170757289700022,6.447101601286623,34.763303265505904
28550.0,10387.0,1199.0,5079.0,4052.0,,,37.67910907969674,4.34940327202815,18.42420285123517,14.698733993543003,,17.909094206841512
25807.0,7315.0,2312.0,4522.0,1969.0,1207.0,4570.0,33.40945421329071,10.559488467686688,20.65311715003425,8.992920758163965,5.512674126512902,20.87234528431149
26287.0,9804.0,2742.0,,2599.0,2178.0,6731.0,33.18552618217513,9.281386453643842,18.57969739024473,8.797346241072335,7.37230477608909,22.783738956774872
28927.0,8414.0,1486.0,7102.0,3008.0,2323.0,4292.0,31.6018779342723,5.581220657276996,26.674178403755867,11.297652582159625,8.72488262910798,16.120187793427228
11994.0,8891.0,2794.0,6177.0,2817.0,2246.0,5170.0,31.64620039152874,9.944830040932551,21.98611852642819,10.02669514148425,,18.401850863142908
26493.0,8847.0,2141.0,5470.0,2447.0,,7818.0,30.254428561657885,7.32166062512824,18.705970863826003,8.368100677108268,8.614321865809451,26.735517406470144
25620.0,4790.0,1996.0,6804.0,2521.0,,5038.0,20.60303668975009,8.58531549744075,29.265774872037507,10.843477138801669,9.032646565443676,21.669749236526304
32663.0,5751.0,1801.0,5167.0,2504.0,2239.0,1609.0,30.15573383671543,,27.09349273766452,13.129883068533374,11.740338734203764,8.436893712967333
,,1307.0,6095.0,,2078.0,,,4.9743101807802095,23.19695528068506,10.86964795432921,7.908658420551855,21.823025689819215
28924.0,56238.0,,5820.0,3975.0,2343.0,3607.0,20.22919126973713,10.904080829287494,25.45597690591786,17.386169793990288,10.247998950268991,15.776582250798231
37711.0,9662.0,1612.0,6779.0,3038.0,1211.0,6730.0,33.28051804904932,5.552493799944888,23.35009644530173,10.464315238357674,4.171259300082667,
34971.0,9743.0,1610.0,,3591.0,1553.0,6392.0,35.67427044048186,5.895060598293727,16.191278239537183,13.148548204020358,5.686353483944198,23.40448903372268
34511.0,8654.0,2495.0,5149.0,3253.0,2793.0,7942.0,28.574258733408172,8.238129828963878,17.00125470514429,10.740936406260316,,26.223337515683813
27500.0,5757.0,1058.0,4361.0,3556.0,,6815.0,25.79763398458505,,19.542032622333757,15.934755332496865,3.4459580569994626,30.53862699408496
32715.0,10760.0,1238.0,5740.0,1600.0,1929.0,7180.0,37.82472668471192,,20.177874644074947,5.624494674306605,6.781031391710901,25.23991985095089
28830.0,12074.0,1990.0,7211.0,2847.0,2586.0,3661.0,39.757647601172245,6.552734696565576,,,8.515262274029437,12.055056142777174
29019.0,8294.0,2146.0,,3653.0,1953.0,,,7.624258357906704,19.51895406259992,12.978292535616584,6.938572494404377,23.473194301346503
32048.0,9021.0,2242.0,5489.0,2714.0,1797.0,8936.0,29.871850061260307,7.42408689029438,18.17609854630948,8.987052551408988,5.950528163184211,29.590383787542635
27015.0,8403.0,1849.0,6871.0,3881.0,,-3622.0,31.48370176095916,6.927688272761334,25.743724241288877,14.541026601723493,7.7332334207568385,
37465.0,9060.0,3265.0,7068.0,3741.0,1823.0,,26.99964238884253,,21.063297174871856,11.148527834068425,5.432709500536417,25.6258195255692
29199.0,7760.0,,5911.0,2765.0,2015.0,3901.0,32.015842891327665,7.781170063536595,24.387325686937867,11.407706906510438,,16.094562257612015
33091.0,7930.0,1884.0,6684.0,2748.0,1658.0,3296.0,32.768595041322314,7.785123966942149,27.6198347107438,11.355371900826446,,13.619834710743802
37278.0,9811.0,1601.0,4923.0,2493.0,2554.0,,36.37206198561578,5.935345147178764,18.25090828204938,9.242233261659376,9.468376955586862,20.73107436790984
35158.0 USD,12691.0,2061.0,7377.0,2685.0,2711.0,6431.0,37.37483802568029,6.069619507598068,21.725173754270237,7.907291789374485,7.983861467781836,18.939215455295088
22955.0,5199.0,2307.0,8148.0,2383.0,1933.0,6823.0,19.40432202440936,8.610457955436122,,8.894114134288806,7.214570970029485,25.465606688314114
32224.0,7792.0,2601.0,6521.0,3214.0,1306.0,3076.0,31.79110567115463,10.611995104039169,26.60546715626275,13.113015095879232,5.32843737250102,
34253.0,5639.0,,,2271.0,1738.0,5869.0,27.258664861990624,6.066611881858172,18.92492869918306,10.977908831633393,8.401411514477692,28.37047421085706
34459.0,11184.0,1877.0,5441.0,3301.0,1908.0,3628.0,40.90859212114562,6.865649804308863,19.901971542485093,12.074326054354586,6.97904093053879,13.27041954716705
24433.0,6824.0,2223.0,6612.0,3314.0,2252.0,2022.0,29.35432528928464,9.562524196670536,28.44237966189186,14.255602873489051,9.687271475889364,8.697896502774553
26714.0,,2293.0,5578.0,2169.0,1495.0,3142.0,25.83628094997473,11.5866599292572,28.185952501263262,10.960080848913591,7.554320363820111,15.876705406771096
,9276.0,,7272.0,3774.0,1615.0,3498.0,33.80712879947518,7.300094759093229,26.50338945987317,13.754646840148698,5.885997521685254,12.74874261972447
,11488.0,2271.0,6588.0,3256.0,2255.0,6043.0,36.011410300617534,,20.651390238550515,10.206576596344942,7.068743926522679,18.94297984389204
28501.0,9327.0,1595.0,5293.0,3374.0,2469.0,,31.765547306041825,5.432191267624821,18.026701178393843,,8.40882773653021,24.875689666916426
37879.0,8409.0,2778.0,6032.0,2620.0,1689.0,2053.0,35.66006530681481,11.780670879097578,25.579916034095245,11.110639921971078,7.162546117637081,8.706161740384207
29761.0,8818.0,2496.0,5106.0,3311.0,1333.0,5703.0,32.943549893525606,9.324915007285089,19.075727574999064,12.369708970000373,4.980012702207943,21.30608585198192
26366.0,10829.0,1327.0,5817.0,3563.0,3642.0,2646.0,38.919637722829215,4.76926394479586,20.90641173087981,12.80549166187464,13.089419206440484,9.509775733179987
25611.0,6251.0,1462.0,5445.0,2950.0,2391.0,6258.0,25.24942440521872,5.905400492789918,21.993779537100615,11.915821787777196,9.65787454053399,25.277699236579554
31663.0,7776.0,1476.0,7174.0,4000.0,1866.0,3754.0,29.85487214927436,5.6668970283344855,27.543576748829,15.357444521231669,7.164247869154574,
23334.0,7094.0,2338.0,8116.0,3022.0,2434.0,2897.0,27.388903903324195,9.026678506621366,31.33469750202695,11.667503185205204,9.397320566773484,11.1848963360488
28763.0,5664.0,1357.0,4568.0,3570.0,1937.0,,23.90377716817894,5.726946613209538,19.278328761342056,15.066469719350073,8.174720405148765,27.849757332770626
31666.0,7343.0,1834.0,4076.0,3146.0,2433.0,3826.0,32.40797952158178,,17.989231176626358,13.884720628475597,10.737929208226674,16.885868126048194
,10215.0,2227.0,,3292.0,2079.0,4368.0,36.567030606765705,7.972078038303204,,,7.442276713799893,15.636298550205836
33337.0,9133.0,1966.0,4481.0,2164.0,2045.0,560.0,44.88181237407244,,22.020738119809327,10.634429210280604,10.049633888643177,2.7519779841761265
26429.0,9288.0,,6046.0,3185.0,1943.0,6893.0,31.5018315018315,7.220865554198888,20.50603717270384,10.802469135802468,6.5900149233482574,23.37878171211505
35892.0,8292.0,1467.0,6748.0,,1276.0,6641.0,30.647545830869312,5.422087522176227,24.94086339444116,9.727971614429332,4.716144293317564,24.54538734476641
28502.0,,2297.0,7494.0,2576.0,2969.0,5010.0,30.77708219923789,7.815051714752314,25.49673380511704,8.764289602612955,,
23821.0,6398.0,1693.0,6201.0,3872.0,1529.0,1944.0,29.569718537690072,7.8245597818551555,28.65924111475713,17.89527198779868,7.0665988815455005,8.984609696353468
150330.0,7380.0,1837.0,5806.0,2893.0,1319.0,,27.689190710239,6.892282294676022,21.78366412786553,,4.94878625295464,27.831763778936708
37190.0,8384.0,2118.0,4021.0,2498.0,1893.0,3667.0,37.12855940835215,9.37956689252026,,11.062397590895,8.383153979008902,16.23931623931624
30826.0,8555.0,2051.0,6026.0,,1519.0,4093.0,34.13262049154165,8.183051388445579,24.042451324609,11.25119693584424,6.060485157995531,
30062.0,8640.0,2011.0,6071.0,2349.0,1974.0,-9624.0,28.171769539274184,,19.79523297140435,7.659199843490169,6.436466790570283,31.380221070135967
38186.0,7723.0,1624.0,6638.0,3716.0,2343.0,3592.0,,6.334841628959276,25.89327508191605,14.495241067249182,9.1394913403027,14.011546263067562
22843.0,,1850.0,5291.0,2652.0,2497.0,6484.0,27.845036319612596,7.110188708251662,,10.19255159690995,9.596833083515891,24.92025058611015
23572.0,14315.0,2001.0,5564.0,3264.0,2407.0,6124.0,42.50927988121752,5.942093541202673,16.522642910170752,9.692650334075724,7.147735708982925,18.185597624350407
21920.0,56238.0,1312.0,4521.0,3678.0,1847.0,5780.0,36.4105228006382,4.868093948276502,16.774887759266818,13.646988980000744,6.853177989684984,21.44632852213276
31863.0,8826.0,1768.0,3708.0,2749.0,2024.0,5564.0,35.82125897966638,7.175615893502171,15.049312066236451,11.157108648889972,8.214619099801128,22.58208531190389
30832.0,7533.0,,4891.0,,2203.0,5752.0,29.15473333849369,8.48749903243285,18.929483706169208,12.640297236628223,,22.26178496787677
37713.0,7097.0,1361.0,4429.0,2484.0,1121.0,5543.0,32.20785114590424,6.176537326979805,20.099841161788063,11.272974812797822,5.087361016564556,25.155434535965508
31217.0,7738.0,2578.0,6336.0,4222.0,2285.0,4896.0,27.58153626804491,9.189092853323828,22.58420958830868,15.049010871502404,8.144715736945287,17.45143468187489
27979.0,8585.0,2634.0,5481.0,3468.0,,8022.0,29.140219272937102,8.940633379722344,18.60425647466142,11.771494518176572,4.314178065917654,27.22921828858491
,4239.0,1377.0,5461.0,,3020.0,2374.0,21.879838959430163,7.107463611025085,28.187261278001447,14.983999174150926,15.587901311035408,12.253535666356974
30588.0,,2678.0,5015.0,2613.0,,7042.0,20.249104390569027,11.155544447221528,20.89061068066317,10.884778805298676,7.485628592851786,
,6726.0,1928.0,2767.0,2943.0,1907.0,6644.0,,8.413702814750163,12.075060004363952,12.843115862971851,8.322059786166266,28.994108662448177
43551.0,8414.0,2209.0,,2830.0,1615.0,,29.041833494408397,7.624603065028303,25.91467623912743,9.768051912191082,5.574347646003037,22.07648764324175
32599.0,7521.0,1751.0,4999.0,3976.0,1685.0,7233.0,27.68636112644948,6.445794220504325,18.402355972759064,14.636480765691145,6.202834529725751,26.62617338487024
31050.0,10956.0,2461.0,5587.0,2387.0,3137.0,4814.0,37.33896803217232,8.387294662940494,19.04096516938177,8.135096448776498,10.69115943016836,16.40651625656056
33075.0,5035.0,2203.0,4545.0,3067.0,,1262.0,27.09611451942741,11.855559143256915,24.459154020019376,16.50522010547842,13.29243353783231,6.7915186739855775
33547.0,6497.0,1592.0,6971.0,2990.0,1225.0,4855.0,26.924989639452964,6.597596353087443,28.889349357646083,12.391214256112724,5.076668048072938,20.12018234562785
29297.0,11040.0,1417.0,6143.0,2941.0,2752.0,,40.42475283778836,5.188575613328451,22.493592090809223,10.768949102892714,10.076894910289273,11.047235444891982
26843.0,8262.0,1269.0,5173.0,2945.0,2596.0,3536.0,34.74202094108742,5.3361927589251925,21.75265968630419,12.383835835330729,,14.869013077667043
150330.0,9769.0,2093.0,,2941.0,1859.0,2515.0,39.41655907036798,8.444964493221434,22.623466752743703,11.866526791478371,7.500806972240155,10.147675919948352
31928.0,12102.0,2286.0,7678.0,3436.0,2153.0,4045.0,38.17665615141956,7.211356466876971,24.22082018927445,10.839116719242902,6.79179810725552,12.7602523659306
25950.0 USD,6612.0,2325.0,5927.0,,,3806.0,27.589084536426604,9.701243428189937,24.73086873070183,,8.311775014604022,15.88083117750146
37095.0,7801.0,1941.0,5818.0,3209.0,2986.0,244.0,35.460702759216325,8.823128324014728,,14.587026683031045,,1.1091413246056638
31466.0,7455.0,1421.0,5058.0,1483.0,1601.0,6400.0,31.83448629259544,6.067981894269366,21.598770176787088,6.332735502604833,6.83662140234008,27.329404731403194
33649.0,4090.0,1658.0,4105.0,3149.0,2073.0,9440.0,16.683663063430554,6.763206200285539,16.744850091780542,12.845196818274529,8.45604731796859,38.50703650826025
36959.0,7379.0,2576.0,5839.0,,1785.0,6212.0,28.42121480568501,9.921811809112969,22.489696876324,8.365751261410468,6.875168509032084,23.926356738435462
30109.0,9762.0,1757.0,6325.0,3323.0,1283.0,4594.0,36.09673125277325,6.496819997041858,23.387812453779027,12.287383523147463,4.744120692205295,16.9871320810531
31584.0,,2071.0,,3737.0,3095.0,4890.0,30.29726754078671,6.909551930070397,23.68464951789944,12.467887765655757,10.32596003069429,16.314683214893407
34050.0,9238.0,1462.0,3751.0,2536.0,1409.0,,40.95947503768733,6.482220448700896,16.631196240134788,11.244125210605658,6.247228872927197,18.43575418994413
,7248.0,2168.0,,2869.0,2110.0,5180.0,29.645384269295267,8.867438341036443,19.93537567998691,11.73463127326271,,21.186960611885965
30270.0,6687.0,1771.0,5419.0,2700.0,1129.0,4925.0,29.54796518050461,7.82554902567275,23.9450311519597,11.930537757942645,4.9887322698952765,21.76218461402501
30627.0,10538.0,2523.0,5996.0,3617.0,,3317.0,37.91875067467885,,21.575330142852003,13.01500485768774,6.476916987513944,11.935518693102082
25219.0,7005.0,2386.0,5854.0,3047.0,2210.0,8365.0,24.266463435757093,8.265493470052308,20.27921155644854,10.555305365988843,7.655800741330932,28.97772543042228
41588.0,8588.0,1752.0,5878.0,,1587.0,2025.0,36.24546298641006,7.394277032160041,24.80796826200726,16.30792605722968,6.697898202076476,8.546467460116485
22963.0,8326.0,1936.0,6408.0,3206.0,2293.0,6436.0,29.10679951057508,6.76804754413564,22.401678028316727,,8.016081104701975,22.499563013459188
23509.0,10923.0,1724.0,5096.0,3121.0,1865.0,4797.0,39.68248201700211,6.263169367143791,18.51340550752016,11.338370994695923,,17.42715977621158
36571.0,9942.0,1290.0,6934.0,3034.0,2580.0,,30.514717166446705,3.959362818820785,21.28234246953746,9.312175807986248,,27.012676099567237
33566.0 USD,,1571.0,6433.0,3408.0,2680.0,5681.0,,6.238583114923358,25.5460249384481,13.533476292589947,10.642522436661109,22.55976491144468
24870.0,5624.0,2099.0,,2131.0,1706.0,4280.0,26.133828996282528,9.75371747211896,26.394052044609666,9.902416356877325,7.9275092936802976,19.888475836431223
33036.0,9157.0,2162.0,7600.0,3042.0,2038.0,4504.0,32.12644283057924,7.585166473704523,26.66385994456724,10.672560783075468,7.150124548293162,15.801845419780374
37339.0,7871.0,2074.0,7556.0,2964.0,2091.0,5079.0,28.48199746698028,7.504975574452686,27.342138592364755,10.725529220191786,7.566491767685905,18.378867378324586
29848.0,7089.0,,,3362.0,2309.0,,29.2269635126778,7.6231704803133375,28.579674293960007,13.861059575345289,9.519686662543805,
42994.0,10031.0,,2981.0,2906.0,2007.0,3466.0,42.04635955903928,10.336588841849352,12.495284402900616,12.180911262941695,8.41262522530075,14.528230707968312
21379.0,8374.0,2031.0,7578.0,2480.0,2095.0,1430.0,34.9091212272803,8.466733366683341,31.59079539769885,10.338502584625646,8.733533433383359,5.961313990328498
,8104.0,2351.0,6794.0,3003.0,1878.0,3154.0,32.05189052365132,9.298370510995095,26.87074829931973,11.877076411960132,7.427622211675368,
35832.0,9559.0,1113.0,8006.0,2458.0,2057.0,,33.68217054263566,3.921775898520084,28.21000704721635,8.661028893587034,7.2480620155038755,18.276955602537
34456.0,7249.0,38.0,7237.0,2037.0,2648.0,5600.0,29.219234955056635,0.1531702204845016,29.170865411745737,8.210729977024467,10.673545890604217,22.572453545084446
28978.0,11137.0,,7578.0,3363.0,2323.0,1041.0,40.37631874705435,7.7620273356777725,27.47344378784033,12.19229235398615,8.421854040532212,3.7740637349091832
28547.0,6423.0,1287.0,6878.0,3289.0,2350.0,4725.0,25.74142353318371,5.157903174094261,27.564924655338253,13.18130811157422,9.418082718820136,18.93635780698942
32220.0,9313.0,1893.0,7348.0,3233.0,2361.0,6126.0,30.762370350796065,6.252890268877585,24.27165224284865,10.679130607121625,7.798771222831473,
34078.0,10867.0,,7994.0,3651.0,,4674.0,35.10353070387958,5.969570694834771,25.82291565720192,11.793778466905708,6.211842232774494,15.098362244403528
,5245.0,2793.0,6216.0,2667.0,2159.0,3732.0,22.992284762405752,12.243556023145713,,11.691215149921094,9.4643170261266,16.359810625986324
35200.0,7313.0,2199.0,4427.0,2284.0,1457.0,4175.0,33.46145046900023,10.061770761839396,20.25623427133379,10.450697780828186,6.666666666666667,19.10318005033173
24905.0,10284.0,2082.0,,2964.0,2634.0,3918.0,37.29600348154058,7.550591136577936,20.642634365706822,10.749256546021616,9.552476971059694,
28861.0,,2418.0,6389.0,,608.0,3726.0,39.245081998401886,9.200563144476998,24.310338267189223,10.753015486473116,2.3134583919942164,14.177542711464556
25299.0,7657.0,2184.0,6074.0,2578.0,1956.0,5347.0,29.68289657311211,8.466428903706001,23.5462862459296,9.993797487982633,7.582570941231198,20.728019848038457
28069.0,6530.0,1771.0,4753.0,2960.0,2570.0,9615.0,23.156849533671405,6.280364551934466,16.855207631476294,10.49682612858612,9.11379836164403,34.096953792687685
35076.0,9911.0,2535.0,4368.0,2694.0,1318.0,3512.0,40.72232722491577,10.41581066644753,17.947242994494207,11.06911003369217,5.415399786342345,14.43010929410798
30539.0,10367.0,1445.0,5258.0,2081.0,2199.0,4363.0,40.31812701746198,5.61972543071598,20.44880021778867,8.093182436899623,8.552094271380236,16.96807062575351
150330.0,5670.0,2161.0,6807.0,,,4896.0,23.652594693809444,9.01468379776406,28.39562823293843,11.592691473385615,6.920574003003504,20.423827799098948
30967.0,5592.0,1226.0,7580.0,2431.0,1815.0,3625.0,25.11114104809376,5.505411109614262,34.0383492747766,10.91652072387624,8.150343526875927,16.278234316763214
30298.0,8450.0,2101.0,6916.0,3115.0,2472.0,7196.0,27.933884297520663,6.945454545454545,22.86280991735537,10.297520661157025,8.171900826446281,23.788429752066115
30530.0,9258.0,2096.0,7057.0,2671.0,2099.0,258.0,39.49827211058492,8.942361022227912,30.10793975852212,11.39553735227612,8.955160203080336,1.1007295533085883
26810.0,7401.0,2838.0,5919.0,3555.0,982.0,3937.0,30.0462812601494,11.521597921403052,,14.432445599220523,3.986683988307892,15.98327379019162
,9358.0,1217.0,4257.0,3801.0,1511.0,6636.0,34.94398805078417,4.544436146377894,15.896191187453324,14.19342793129201,5.642270351008214,24.779686333084392
35638.0,6579.0,1699.0,5544.0,3339.0,,,27.34527619601812,7.061806392618148,23.04335176025604,13.878382310154205,10.33708799201962,18.33409534893387
30569.0,3770.0,2411.0,5741.0,2224.0,2224.0,3358.0,19.109894566098944,12.221208434712084,29.100770478507705,11.27331711273317,11.27331711273317,17.021492295214923
26032.0,7152.0,2167.0,5502.0,3752.0,2874.0,5881.0,26.170960187353632,7.929596018735364,20.133196721311474,13.729508196721312,10.516686182669789,21.52005269320843
150330.0,8126.0,2090.0,6054.0,3787.0,,6812.0,27.351060249074383,7.034668461797375,20.37697744867048,12.746549983170649,9.562436889936048,22.928306967351062
27748.0,7448.0,1521.0,6441.0,3009.0,1828.0,5421.0,29.016674458469687,5.925666199158485,25.09350163627864,,7.12170796322269,21.11968209443665
30369.0,5682.0,1704.0,6853.0,3661.0,3251.0,3397.0,23.146488512302422,6.94150236271794,,14.913638585628158,13.243441420889685,13.838194557601431
,4368.0,2622.0,5721.0,2724.0,2012.0,5912.0,,11.224795582002654,24.49163063487307,11.661458110364311,8.61338242219273,25.309302624256176
23297.0,6971.0,1974.0,,2066.0,1518.0,4195.0,33.48222862632085,9.481268011527376,19.673390970220943,9.923150816522575,7.29106628242075,20.14889529298751
28400.0,9795.0,2187.0,5517.0,2619.0,1683.0,6490.0,,7.730373617051359,19.50090134671804,9.257360998197306,5.948888339047754,22.94015764730833
30721.0,56238.0,1942.0,6043.0,3864.0,871.0,7966.0,33.69446759407654,6.22475799730752,19.369831399448685,12.385409321110329,2.7918456311302005,25.533688056926728
20831.0,10375.0,1408.0,7222.0,2254.0,2803.0,-211.0,43.499224351180246,5.903316422791497,30.27965284474445,9.450337512054002,11.752127793383924,-0.8846589241541235
25832.0,6368.0,2466.0,5432.0,2999.0,2797.0,5222.0,25.185888308811897,9.753203607024204,21.48394241417497,11.86125613035912,11.06233190950799,20.653377630121817
26600.0,5692.0,2251.0,6512.0,3017.0,1492.0,1528.0,,10.984774546164356,31.778254928752688,14.722818660940856,7.280890103455007,7.456568416943197
,8993.0,3152.0,6290.0,2743.0,1886.0,9883.0,27.29535314292652,9.566880140832248,19.09126779372932,8.325492457583392,5.7243451604091415,29.996661304519375
30959.0 USD,9270.0,1492.0,6043.0,2778.0,2047.0,4063.0,36.07986611139221,5.80702915190908,23.52002490950843,10.81228350134278,7.967150585762658,15.813645740084848
29197.0,8800.0,2411.0,6930.0,3036.0,1519.0,6492.0,30.14937645607784,8.260243935864054,23.7426339591613,10.401534877346856,5.2041935041798,22.24201726737015
27223.0,3971.0,1344.0,5339.0,2718.0,1122.0,4929.0,20.44483344488493,6.919631364876692,27.48802965556299,13.993718787005095,5.776656541214025,25.37713020645626
32139.0,6266.0,2078.0,5424.0,2288.0,,3393.0,29.35857189710912,9.736213278358244,25.41348451482921,10.720142435458934,8.874103921660497,15.897483952583984
38615.0,7940.0,2488.0,5988.0,3107.0,1839.0,3155.0,32.3856915609577,10.14806052942856,24.42386915201697,12.67283925439491,7.500917730554309,12.86862177264755
38196.0,,963.0,5359.0,3536.0,1805.0,8171.0,31.15106914745904,3.3428214384893087,18.602471535684533,12.274368231046932,6.265620660927521,28.36364898639267
20386.0,9534.0,1897.0,6508.0,3434.0,2111.0,,,6.241158085211383,21.411416351373585,11.297910840598782,6.9452212534956415,22.73729231781543
32885.0,8288.0,1718.0,5286.0,2595.0,2714.0,8887.0,28.10634834508953,5.826098752034726,17.925935973955507,8.800189907759089,9.20374389582203,30.13768312533912
29109.0,,1649.0,6226.0,2374.0,1848.0,5110.0,33.481521571053044,6.374671408690273,24.06834699242307,9.177361991649915,7.143961651461265,19.75413638472244
30775.0,56238.0,2192.0,5899.0,2857.0,,5575.0,30.50752511483736,8.186129887590097,22.03010045934944,10.669604511334354,7.786533218807186,
28008.0,9371.0,2560.0,6214.0,3783.0,2363.0,,32.58798163861455,8.902489915148143,21.609403254972875,13.155515370705244,8.217415495896509,15.52719432466268
30587.0,,1933.0,5540.0,3322.0,2277.0,4425.0,,7.399892810657684,21.208177015542454,,8.71679044483577,16.93974427685476
30757.0,8131.0,2102.0,5660.0,3351.0,1692.0,2916.0,34.08938453798424,8.812678182123092,23.72966627536475,14.04913634076807,7.093744759349321,12.225389904410532
27105.0,7463.0,2057.0,6096.0,3444.0,2048.0,5168.0,,7.828436596133353,23.199878215862384,13.107017810930127,7.794184807428832,19.668138224996195
25518.0,8162.0,2000.0,6202.0,3210.0,,25802.5,32.301725502612,7.91514959632737,24.544878898211174,12.703815102105429,8.995567516226057,
27756.0,8969.0,1455.0,5995.0,3060.0,1435.0,,33.47016457066089,,22.37190730305631,11.41918871515468,5.355077060865023,21.953950069037575
31171.0,8534.0,2554.0,7705.0,3331.0,2631.0,5340.0,28.356869911945505,8.48645954477488,25.60225951154677,11.068283768067785,8.742315999335437,17.743811264329622
32994.0,8761.0,2147.0,5009.0,,2715.0,5575.0,32.5288679315338,7.971633312293469,,10.121412393717744,10.08057030408792,20.699513607841684
34266.0,10685.0,2197.0,5935.0,2292.0,1638.0,,34.36022767469531,7.064990191979933,19.085442325626268,7.370485898961314,5.267389137215808,26.851464771521368
27529.0,8530.0,1596.0,4426.0,,2096.0,4924.0,34.211687322023025,6.401155095656359,17.751574218906672,13.480126739662296,8.406529499057475,19.74892712469418
31419.0,,1770.0,6372.0,,2321.0,6513.0,24.553048065650646,6.484466588511137,23.34407971864009,13.254689331770225,8.50307737397421,23.86063892145369
34812.0,9767.0,1911.0,4884.0,2440.0,1727.0,9103.0,32.740010726736394,6.405872888173773,16.371681415929203,8.179136497720568,5.789085545722713,30.51421292571735
35827.0,5267.0,1232.0,5721.0,3410.0,2240.0,7613.0,20.66868108150532,4.834595612761449,22.45026095828592,13.381469999607582,8.790173841384451,29.874818506455288
29705.0,5837.0,1155.0,5627.0,3840.0,2081.0,7306.0,22.58376537955583,4.468776599860713,21.77126054321752,14.85723129304341,8.051536021047745,28.26743016327478
28895.0,8671.0,,6280.0,2998.0,1266.0,4386.0,34.27272727272727,6.715415019762847,24.82213438735178,11.849802371541502,5.00395256916996,17.33596837944664
30955.0,9032.0,2261.0,5447.0,2590.0,2229.0,5459.0,33.4295654748686,8.368495077355837,20.16063365163965,9.586201791398327,8.250055518543194,20.20504848619439
24251.0,5509.0,1673.0,5404.0,3061.0,1449.0,2363.0,28.310807338506606,8.597564109152579,27.771211264710416,15.730510303715503,7.446425818387378,12.14348116552752
29031.0,,1490.0,7435.0,,2469.0,5997.0,26.45069289553549,5.448096822552927,27.18563750045705,9.960144795056491,9.027752385827634,21.927675600570403
,6787.0,1592.0,6284.0,,1664.0,5548.0,27.62761540340308,6.480501506146707,25.58007001546853,10.954164292111049,6.773589513962388,22.584059268908245
33209.0,7026.0,1772.0,5438.0,3216.0,1919.0,,28.775033787934635,,22.271368308965062,13.17115124708195,7.859278371626326,20.665929475365523
,9887.0,1823.0,5749.0,2198.0,2686.0,7054.0,,6.201313059155696,19.55641732149539,7.4769534306221725,9.136986767357214,23.995645814198728
,9413.0,3082.0,7645.0,2278.0,2248.0,2584.0,34.543119266055044,11.310091743119266,28.05504587155963,8.359633027522936,8.24954128440367,9.48256880733945
25876.0,7961.0,2527.0,5764.0,3009.0,1460.0,8269.0,27.46119351500517,,19.882718178682303,10.379441186616074,5.036219385995171,28.523628837530183
33517.0,6908.0,2512.0,5310.0,2988.0,,,26.555952792834358,9.65671010648522,20.412870487833008,11.48656441010264,5.735593741590743,26.15230846115404
29610.0 USD,5300.0,2584.0,5315.0,3171.0,1700.0,4858.0,23.115840893230985,11.270062805303558,23.181263084438243,13.830251221214237,7.414515003489183,21.188066992323797
28620.0,10840.0,1500.0,5450.0,3937.0,2197.0,4702.0,37.86767274505694,5.239991616013414,19.03863620484874,13.75323132816321,7.674841053587647,16.42562705233005
28191.0,9184.0,1388.0,5405.0,3052.0,2179.0,,33.80323162427767,5.108763664470536,19.8939968346277,11.233390997092274,8.020170046744452,21.94044683278737
29685.0,6586.0,1446.0,4720.0,3299.0,1578.0,-8041.0,,5.633034670821971,,12.851577717179588,6.147253603428126,31.32450331125828
27760.0,9439.0,2667.0,4875.0,,,5203.0,,10.213694852941178,18.669577205882355,9.620098039215687,5.422794117647059,19.925704656862745
33290.0,7859.0,1726.0,5170.0,3383.0,2140.0,5288.0,30.7400453727607,6.751153876241883,20.22217006962372,13.232418055229603,8.370492059766878,20.68372056637722
28023.0,7425.0,1374.0,6591.0,2736.0,1909.0,,29.6158908699294,5.480435563001077,26.289338279286827,10.913007059949743,7.614375174504408,20.086953053328543
37964.0,8870.0,1784.0,5618.0,3035.0,3078.0,8564.0,,5.764321949012892,,9.80645578209312,9.945394035348476,27.671330252996867
37326.0,6517.0,,5792.0,,2018.0,4262.0,27.833774664730505,8.029384129153499,24.737336636200563,12.577944819338857,8.618775091825404,18.20278465875117
25542.0,7312.0,2134.0,7270.0,3516.0,2907.0,4940.0,26.04081341928131,,25.891235442857653,12.521813454895115,10.35293279675202,17.59321913173546
30348.0,8242.0,2125.0,7295.0,2345.0,1414.0,7926.0,28.08464238252632,7.240944559920946,24.85773673629332,7.990595290830408,4.818209697754456,27.007871332674547
26746.0,7001.0,1585.0,5717.0,1858.0,1213.0,5294.0,30.88494794423857,6.992235750838185,,8.196576671960473,5.351155814363861,23.3545085583201
nan USD,9338.0,2342.0,5369.0,2893.0,1439.0,7274.0,32.58768103297854,8.173093700924795,18.736695166637585,10.095969289827256,5.021811202233467,25.38474960739836
40012.0,,1680.0,5135.0,3234.0,2594.0,3177.0,42.59380216271138,,18.6334276798026,11.73524929240148,9.412874664344292,11.528412802090138
28462.0,6491.0,1921.0,6692.0,3076.0,2878.0,4589.0,25.30900300230046,7.490154793933014,26.09272039614769,,11.221585370608649,17.89293094708933
31801.0,4669.0,2343.0,5795.0,3616.0,1608.0,7968.0,17.958383014731336,,22.289318819954616,13.908227239509213,6.184853263587061,30.64733258971499
32706.0,3996.0,1679.0,5613.0,3218.0,1769.0,3647.0,20.058227085633973,8.427868687882743,28.17488203995583,16.15299668707961,8.879630559180805,18.306394940267044
24996.0,7699.0,1715.0,5186.0,2718.0,1415.0,4697.0,32.85958173282117,,22.13401621852326,11.600512163892446,6.039265898420828,20.046948356807512
,6673.0,2295.0,5230.0,1837.0,1094.0,5513.0,29.47177811147425,10.136030386008304,23.09866619556576,8.113240879780937,4.831728645879339,24.34855578129141
23969.0,8415.0,1571.0,6320.0,2881.0,2359.0,3021.0,34.253266577115646,6.394757194610657,25.725566817275208,11.727113607685109,9.602312044612692,12.296983758700696
25570.0,8265.0,1807.0,4684.0,3513.0,2111.0,4172.0,33.663245356793745,7.359889214727924,,14.308406647116326,8.598077549690453,16.992505702183124
15749.0,4793.0,2277.0,6994.0,2803.0,2005.0,5225.0,,9.449309042619412,29.02435987882309,11.632153380088807,,21.683197078474496
32722.0,4370.0,3027.0,5466.0,3014.0,1299.0,5093.0,19.62369212807041,13.592886972922,24.54533207598006,13.53450985675154,5.83322106964839,22.8703578966276
40270.0,8591.0,,5850.0,3210.0,2819.0,7560.0,28.323222998813137,7.589344586575233,19.28656204668337,10.582882764077542,9.293815112752208,24.92417249109851
30739.0,8270.0,2236.0,4663.0,2492.0,1748.0,8082.0,30.08257247826561,,16.961914808482774,9.064784838674475,6.358444581863155,29.39871230584555
22918.0,7148.0,2265.0,5987.0,3311.0,2266.0,3287.0,29.459281239696672,9.334817012858556,24.67441477085394,13.645730300032971,9.338938344873062,13.5468183316848
26786.0,4685.0,1463.0,5671.0,3818.0,1272.0,5222.0,21.169400388595182,6.610636663503683,25.624689349780848,17.251818715828477,5.747593872848041,23.59586100944377
27705.0,8942.0,2057.0,5949.0,2913.0,1904.0,6348.0,31.80734891331413,7.316899654963896,21.16102870558105,,6.77266744922278,22.58030092839612
,10543.0,1985.0,,2435.0,2145.0,8032.0,32.32958204286897,6.08690319217442,22.909447732360245,7.466805679065345,6.577535187513416,24.6297261660176
34300.0,8555.0,,6177.0,2966.0,2163.0,6436.0,30.062901922198403,,21.70643426924834,10.422743086059668,7.600941771796044,22.616579400499
34051.0,6305.0,2058.0,5205.0,1887.0,2077.0,5581.0,27.27902046467356,,22.51979405529356,8.164236576818242,8.98628477480206,24.146584173408904
24222.0,8089.0,2189.0,5288.0,3168.0,2247.0,6333.0,29.614849527714725,8.014205169510142,19.36003514681116,11.59844768250714,8.22655048692978,23.185911986527056
33625.0,5267.0,1844.0,6595.0,3226.0,1434.0,6347.0,21.31266944523125,7.461659855136972,26.68635940598066,13.053858293206003,5.802614008821268,
37634.0,,2029.0,7298.0,,2098.0,3144.0,35.46509589425336,7.114056309386066,,13.453244977385085,,11.023456400546966
39512.0,8163.0,1386.0,6281.0,,2056.0,5385.0,31.18743791548865,5.295331244746696,,11.091159165584168,7.855123404905631,20.57385191411324
44326.0,4463.0,1840.0,6688.0,3204.0,2115.0,7918.0,17.01616592954095,7.015403385694677,25.49946621930761,12.215952417263992,8.063901174317522,30.189110873875247
25490.0,7398.0,2695.0,6609.0,2569.0,2036.0,4585.0,28.572532056233584,10.408620423296773,25.525258767186777,9.921983624285494,7.8634327205314385,
44121.0,8926.0,,7419.0,2821.0,1363.0,5258.0,31.94017032849066,7.725613683532527,26.547627567451517,10.094467902383167,,18.814857224647536
28228.0,7333.0,1989.0,4050.0,2237.0,1341.0,4514.0,34.164181885948565,9.266679090570255,18.868803578084236,,6.24767051807678,21.03056280283265
27037.0,7448.0,2948.0,6667.0,2902.0,892.0,372.0,35.08408309388101,13.886664468415846,31.40515332799472,13.669979744688868,4.201799425314428,1.7523199397051203
31635.0,5551.0,1319.0,6983.0,2847.0,2408.0,5041.0,22.98645906662802,5.461923889187958,28.916311234419645,11.789308045881818,9.971427388297652,20.87457037558491
27089.0,,,4661.0,3149.0,2413.0,5603.0,,5.472655658233601,17.652628389637933,11.926223299500077,9.138766853507043,21.220269656112716
31995.0,6703.0,2856.0,5114.0,2688.0,2421.0,3975.0,28.214841941322558,12.021719914130571,21.52628698909795,,10.190680641495138,16.731910594772067
23399.0,3687.0,2022.0,5149.0,3041.0,2153.0,2690.0,19.67239355458329,10.788603137338598,,16.22558958488955,11.487568029025716,14.352790523956887
28806.0,7257.0,,5271.0,2833.0,,3238.0,33.89537599252685,8.771602055114434,24.619336758524053,13.232134516581038,4.357776739841196,15.123773937412423
36427.0,9962.0,1400.0,5518.0,2834.0,,6528.0,35.927582227351415,5.049047893825736,19.90046162723601,10.22071552221581,5.359203693017888,23.542989036353145
29714.0,7226.0,2223.0,6242.0,,2085.0,8945.0,24.280098114982696,7.469507073015019,20.973757602231107,10.214710527200028,7.005812976714493,30.056113705856657
30707.0,11475.0,2272.0,6865.0,3020.0,2067.0,7764.0,34.29160565400592,,20.51519588799569,9.02489316558587,,23.20174521112871
32376.0,8857.0,1452.0,7081.0,3380.0,1888.0,2311.0,35.471985261724534,5.815210861468221,28.359165365052664,13.536785614161564,7.561376106371902,
35853.0,8677.0,1929.0,5162.0,2939.0,2184.0,6709.0,31.43840579710145,6.989130434782609,18.70289855072464,,7.91304347826087,24.307971014492757
21723.0,7743.0,1832.0,5155.0,2825.0,2005.0,3673.0,33.327594370077044,7.885335514139371,,12.159428399259674,8.629965996642706,15.809409030258683
32922.0,7863.0,2127.0,,2909.0,,3835.0,30.116051936113987,8.146616109387567,28.017158834118504,11.141751886322725,,14.688421617066911
28659.0,7473.0,1440.0,6646.0,2642.0,1680.0,4076.0,31.19338815377552,6.010769294986852,27.741369954501817,11.028091998163376,7.012564177484661,
30833.0,7395.0,2625.0,6082.0,2820.0,2491.0,6412.0,26.576819407008085,9.433962264150944,21.858041329739443,10.134770889487871,8.952380952380953,23.044025157232703
,9061.0,2457.0,6473.0,4015.0,1784.0,6918.0,29.50696886804741,8.001172332942556,21.07919760323043,,5.809561026442621,
24029.0,6128.0,1818.0,,2543.0,1334.0,4803.0,27.119844220215967,8.04567180031864,26.420605416887945,11.25420428394406,5.903699769870774,21.255974508762613
24936.0,5848.0,1891.0,6524.0,2860.0,1614.0,4837.0,24.80699075252397,8.021549164333589,27.674556715025027,12.13200984135064,6.846525833545432,20.518367693221347
20322.0,5753.0,1931.0,5663.0,2806.0,1825.0,5928.0,24.06508826236092,,,11.73763908642182,7.634066761482473,24.79712206140718
27254.0,12091.0,1610.0,6268.0,,2497.0,6135.0,38.41217396829431,5.114845760396481,19.91295231438828,9.136830066397687,7.93277631286336,19.49042157765988
36652.0,9060.0,1778.0,4489.0,2834.0,1978.0,7352.0,32.95624022407333,6.4675712051216765,16.328980393583354,10.308828343821617,7.195082026845149,26.74329780655487
29397.0,8608.0,1864.0,5312.0,3139.0,1906.0,2431.0,37.00773860705073,8.013757523645744,22.83748925193465,13.495270851246776,8.19432502149613,10.451418744625968
23299.0,5884.0,2806.0,5322.0,2144.0,1375.0,5040.0,26.068849408533072,12.431881618005406,23.57892871383634,,,22.329537902618405
27571.0,9246.0,2473.0,5625.0,3518.0,2392.0,2863.0,35.40222843358732,9.468928284259295,21.53769575372363,13.470153539839952,9.158785465405677,10.962208523184133
22560.0,,2467.0,5073.0,3316.0,1674.0,4898.0,30.82479955544971,9.792013971580534,20.13574660633484,13.161863935857742,6.644439152179091,19.44113677859808
24374.0,8428.0,,5466.0,2378.0,1949.0,4547.0,33.77685155498557,8.752805386341777,21.90605963449824,9.530298172491184,7.810997114459763,18.22298813722347
31944.0,6046.0,1441.0,4485.0,1865.0,2740.0,4906.0,28.14318298189266,6.7076292882744495,20.876972489875715,8.681282874831261,12.754270818786948,22.836661546338966
24130.0,8320.0,,6548.0,2511.0,2254.0,3400.0,33.264033264033266,7.912202142971374,26.17943387174157,10.039181193027346,9.01167439628978,13.59347513193667
35563.0,7152.0,2485.0,5917.0,2878.0,1185.0,2025.0,33.046853340726365,11.482302929488956,27.34035671379725,13.29821643101377,5.475464374826726,9.356806210146935
29644.0,6468.0,1370.0,4294.0,4290.0,1115.0,811.0,35.25179856115108,7.466753869631567,23.40309570525398,23.381294964028772,6.076956616524962,4.420100283409636
30427.0,9468.0,2318.0,5165.0,3271.0,1967.0,4737.0,35.16303944143208,8.608779618212878,19.1822030750947,12.148109633811186,7.305206863254847,17.59266136819431
28608.0,4924.0,3161.0,6336.0,2096.0,1393.0,4137.0,22.33410441329886,14.337551594321225,28.738603891685944,9.50696239851227,6.31831995282805,18.764457749353653
33864.0,9129.0,2530.0,5456.0,2655.0,2324.0,3648.0,35.46344495377205,9.828296169683783,21.19493434853547,10.313883925102944,9.028047548753012,14.171393054152748
33915.0,9368.0,2707.0,5303.0,2973.0,2021.0,7645.0,31.208981577106304,9.01822300696272,17.666655561848284,9.904387513742211,6.732851384215612,25.468900956124862
31675.0,6240.0,2109.0,5925.0,3126.0,2082.0,3281.0,27.412906910336947,9.265035364407153,26.02908228265167,13.73281201950534,9.14642182489127,14.413741598207618
32823.0,6359.0,,6343.0,2342.0,1646.0,7833.0,23.5466192697919,9.194253128934312,23.487373176331182,8.672146930311783,6.094941864770791,29.004665629860032
28939.0,7553.0,1641.0,4563.0,2932.0,,8247.0,27.16320218657844,5.901603970366108,16.410127310652378,10.544486801409768,10.321513342444078,29.65906638854923
32711.0,8564.0,2397.0,6550.0,2641.0,3421.0,1098.0,34.712820720684206,9.71586072716955,26.54938997203194,10.704876170402496,13.866482915163552,
28310.0,7694.0,,5199.0,2448.0,1860.0,5184.0,31.134671414697312,9.416477824538685,21.038361929427,9.906118484946584,7.526707672385885,20.97766267400453
30011.0,8867.0,2144.0,5982.0,3129.0,2176.0,4200.0,33.46290286059325,8.091176692580571,,11.808438372707371,8.211940523813118,15.850252849271644
28626.0,11525.0,,5964.0,3386.0,2048.0,25802.5,46.55060990386946,10.735923741820825,24.08918329428872,13.676387430325551,8.27207367315615,-3.3241780434607
27713.0,6984.0,1730.0,5472.0,3420.0,1870.0,2110.0,32.354303715371074,8.01445381265635,25.349763735754653,15.84360233484666,8.6630223292875,9.774854072083755
26554.0,4569.0,1906.0,4976.0,3287.0,1583.0,6549.0,19.978137297770004,8.334062090074333,21.757761259291648,14.372540445999126,6.921731526016616,28.63576738084827
32338.0,9651.0,2047.0,5714.0,2751.0,1457.0,9038.0,31.479548568073582,6.676886946310915,18.63787592145606,8.97318807489073,4.752430034574989,29.48007045469372
36553.0,,1485.0,7625.0,3357.0,1432.0,6805.0,35.44122232616152,4.630495790458372,23.776114748986597,10.467726847521048,4.465232304334269,21.2192079825382
35855.0,8785.0,2113.0,4638.0,3154.0,2202.0,5647.0,33.10222691133803,7.961867440370775,17.476167150231735,,8.297222954896567,21.278118994687063
23717.0,5824.0,,7692.0,3066.0,1740.0,4957.0,23.850280519267784,4.668495843400631,31.500061427576888,12.55579671567222,7.125598918874647,20.29976657520783
36446.0,7752.0,2523.0,5740.0,2694.0,710.0,8365.0,27.900950187158077,9.08076590843651,20.659372300604662,9.69622804491794,2.5554275842211345,30.107255974661676
28409.0,5762.0,2023.0,6035.0,2751.0,,9296.0,20.51336822243583,7.202107586599736,21.48527893481434,9.793869486275767,7.910569974011179,33.094805795863145
33003.0,9285.0,1739.0,4913.0,3036.0,1980.0,3826.0,37.4712458129868,7.018039468905121,19.827273094152307,12.25231042414948,7.9906372331409665,
25468.0,5297.0,1582.0,5228.0,4219.0,,1000.0,26.48632431621581,7.910395519775988,26.14130706535327,21.09605480274013,13.36566828341417,5.000250012500626
30709.0,,1882.0,,3150.0,2186.0,803.0,35.373141463881055,8.997466175837836,26.280059281923798,15.059520963809344,10.450829468853088,3.838982645694889
31568.0,5991.0,2344.0,4954.0,2694.0,1260.0,7643.0,24.073776420477376,9.418950413887329,19.906774893514427,10.825363658281765,5.063087679819979,30.712046934019128
22576.0,8253.0,2273.0,5791.0,2583.0,885.0,4905.0,33.42648845686513,9.206156338598625,23.45484001620089,10.46172539489672,3.5844471445929527,19.866342648845688
33041.0,7267.0,1647.0,5592.0,2754.0,1640.0,5366.0,29.947251298112587,,23.044589137064207,11.349212890464024,6.758427429324981,22.113244869364543
36729.0,8353.0,1576.0,7850.0,4088.0,1687.0,1418.0,33.44946339900689,6.311068396604197,31.4352074323242,16.370334774947942,6.755566234182283,5.678359762934487
29126.0,8044.0,2328.0,4834.0,2800.0,2471.0,3493.0,33.55861493533583,9.712140175219025,20.1668752607426,,10.3087192323738,14.5723821443471
36800.0,6026.0,1638.0,6102.0,3453.0,1995.0,4409.0,25.509037802141982,6.933920331879947,25.830758159420903,14.617110443212123,8.44515937857173,18.664013884773315
29051.0,,2029.0,6247.0,2812.0,2566.0,5415.0,32.670715344961515,7.164042087423204,22.05705811736459,9.928677353294258,,
34247.0,7902.0,,4929.0,3130.0,1337.0,4202.0,,8.747506472560588,,13.284665336785364,5.674631806799372,17.83455710708374
,6022.0,2156.0,6686.0,,2482.0,2925.0,25.44578720527339,9.110115777909236,28.251500042254712,14.345474520409027,10.487619369559706,12.359503084593932
42093.0,12481.0,,,2714.0,2360.0,3430.0,43.01568154402895,8.371531966224367,19.30380837497846,9.353782526279511,8.133723935895226,11.821471652593486
37477.0,8952.0,1368.0,,2679.0,990.0,7416.0,35.934489402697494,5.491329479768786,14.077552986512524,10.753853564547205,3.973988439306359,
28576.0,7693.0,1044.0,6659.0,3829.0,2661.0,5489.0,28.102283105022828,3.813698630136986,24.32511415525114,13.987214611872146,9.72054794520548,20.05114155251141
20139.0,10830.0,1716.0,4883.0,,2046.0,6224.0,37.10047617416327,5.878524202665205,16.72775855571923,11.962591209619402,7.009009626254667,21.321640231578225
31440.0,11683.0,2900.0,4952.0,3395.0,2196.0,25802.5,41.24188082462581,10.237221123976278,17.48093758825191,11.98460886755154,7.752047444224795,11.30330415136967
,7709.0,3011.0,6687.0,3393.0,1567.0,-907.0,35.92264678471575,14.030754892823856,31.160298229263745,15.81081081081081,7.301957129543337,-4.226467847157502
32224.0,8694.0,2915.0,5652.0,3229.0,2637.0,3953.0,32.104874446085674,10.764401772525847,20.87149187592319,11.923929098966028,9.73781388478582,14.597488921713442
,6023.0,1903.0,6917.0,4008.0,1407.0,3266.0,25.603638836932497,8.0896106104404,29.404012922972285,17.0379187213059,5.981125658901547,13.883693249447374
25292.0,7705.0,1108.0,7210.0,3021.0,2416.0,5698.0,28.371014065836956,4.079829147949039,26.54834671183445,11.123794093821342,8.896089550040504,
35604.0,7601.0,828.0,5355.0,3288.0,2410.0,11571.0,24.477506199078995,2.6664090426045792,17.24471065597527,10.588348951792096,7.760924870382893,37.262100280166166
34027.0,8369.0,1692.0,6793.0,,1512.0,6390.0,30.961894191638923,6.259711431742508,,8.412874583795782,,23.640399556048838
34879.0,8665.0,1900.0,5244.0,2587.0,2991.0,10471.0,27.198819762696967,5.963965095109549,16.460543662502356,8.120409316341265,,32.86772553204847
30044.0,9119.0,2650.0,8233.0,2399.0,2115.0,6137.0,29.749127328483343,8.645157080872998,26.858708772387697,7.826313900760121,6.899814047564676,20.020878869931167
,8475.0,2433.0,5307.0,3637.0,,3740.0,32.699282352033336,9.387298402654526,20.47611698433521,,8.9744579057026,14.430125781310284
34889.0,5578.0,2113.0,7026.0,1723.0,1236.0,5695.0,23.86718582859099,9.041119335929142,30.06289846390826,7.372384579179325,5.2886055367763465,24.367806255615932
28648.0,6123.0,1555.0,6843.0,2798.0,3058.0,8561.0,21.159029649595688,5.373557260349713,23.64710760937176,9.668947404796462,10.567420001382269,29.58393807450411
23051.0,6907.0,1519.0,6316.0,1503.0,1387.0,8659.0,26.2713476094481,,24.023430071127,5.716785211669392,5.275569586550531,32.93522498193298
,7435.0,2127.0,5329.0,2584.0,2512.0,3849.0,31.192314146668902,8.92347709347206,22.356939083738883,10.8407450914583,10.538680986742742,16.147843597919113
40497.0,10101.0,2348.0,5848.0,2754.0,1502.0,5506.0,35.999144659467554,8.368081542464093,20.841797640685694,9.8150326098578,5.353006165579672,19.62293738194519
29793.0,5674.0,2195.0,3846.0,3692.0,1690.0,,29.4937103649028,11.409709949059152,19.9916831271442,19.191184114772845,8.784696953945316,
40795.0,7285.0,1482.0,6224.0,3198.0,,6649.0,26.751615746180963,5.442126909518215,22.855464159811987,11.743537015276145,8.791128084606346,24.416128084606346
30456.0,,2325.0,,2583.0,2513.0,8106.0,31.168585992070984,7.315461582027563,19.976716380341077,8.127241835000945,7.906991378767857,25.50500283179158
28097.0,7400.0,2212.0,6133.0,3532.0,1364.0,5079.0,28.77138413685848,8.600311041990668,23.845256609642306,13.732503888024883,5.303265940902022,19.747278382581648
26847.0,8920.0,1464.0,3026.0,3008.0,2545.0,3665.0,39.42018737846915,6.469860350008839,13.372812444758706,13.293264981438927,11.247127452713451,
38185.0,,1607.0,4734.0,3018.0,2522.0,5720.0,30.488527309347973,,18.695944078037996,11.91896054658189,,22.58994510485368
,8513.0,2344.0,5251.0,2398.0,1531.0,5834.0,32.90556994317962,9.060337830002704,20.296857485215103,9.269065749294576,5.917823045108422,22.550345947199567
33676.0,7543.0,1882.0,6291.0,2504.0,2799.0,5162.0,28.810969787250297,7.188419082540774,24.02887590237195,9.564187769756693,,19.716588365608647
27204.0,9334.0,2794.0,6289.0,2587.0,1271.0,5357.0,33.77967573827446,10.111464968152866,22.75984365952519,9.362333526346266,4.5997394325419805,19.38694267515924
27698.0,4909.0,2250.0,5829.0,3023.0,1687.0,4652.0,21.96420581655481,10.06711409395973,26.08053691275168,13.525727069351232,7.548098434004474,20.81431767337808
35151.0,7273.0,1756.0,6635.0,3038.0,2239.0,6991.0,26.038235715308605,6.286696262351425,23.75411714162967,10.876414148646711,8.01589574681369,25.028640985249893
28099.0,8593.0,1994.0,4973.0,3772.0,1573.0,6472.0,,7.283486137999049,18.16488293092742,13.777988822734413,5.745698944369361,23.64028198853052
27976.0,9067.0,2031.0,6610.0,3192.0,2131.0,3033.0,34.78744628606507,7.792357274401473,25.360650705954573,12.246777163904236,8.176028238182935,11.636740331491712
35664.0 USD,10985.0,1635.0,6474.0,1646.0,2120.0,2978.0,42.514900534097066,6.327889155507392,25.05611889465129,6.370462110070439,8.204969424878087,11.525659880795727
37986.0,7217.0,1543.0,6377.0,3131.0,1906.0,4491.0,29.2600851408879,6.255828096493006,25.854449624974663,12.694100952767078,7.727549158726942,18.207987026150416
33223.0,10958.0,2350.0,5817.0,2274.0,2416.0,6473.0,36.17934495509773,7.758848388800846,19.205625990491285,7.507923930269414,7.97675647120972,21.37150026413101
26726.0,6681.0,2422.0,,2517.0,1885.0,5296.0,25.087304269460404,9.094664113251474,29.4018249408584,9.451391235777852,7.078217115391837,19.886598325260035
27446.0,10657.0,2301.0,6493.0,2593.0,2115.0,3713.0,38.23550516647531,8.255597014925373,23.295780711825486,9.303243398392652,7.588260619977037,13.321613088404131
30399.0,9634.0,2757.0,5031.0,2668.0,2573.0,5523.0,34.18008940608813,9.781451784573903,17.849286880011352,9.46569218761087,9.128645426807635,19.59483431490811
31604.0,6173.0,1729.0,6248.0,2312.0,2395.0,4338.0,26.613494287561974,7.454192713946971,26.93683983617159,9.96766544513904,10.325501185600343,
25060.0,,2837.0,6752.0,3101.0,2393.0,6760.0,28.282496634599603,9.31477164527038,22.16895951669567,10.181567455757296,7.856978691269659,22.195226056407392
33615.0,7897.0,1549.0,,2294.0,1425.0,5666.0,32.575695074663805,6.389736820394357,22.32076561339824,9.46291560102302,5.878227868987707,23.37265902153288
30427.0,9251.0,1493.0,7089.0,3178.0,2262.0,4369.0,33.4671876130526,5.4012010708342375,25.645756457564577,11.496997322914403,8.183199479053615,15.805658056580564
150330.0,7553.0,1120.0,6382.0,4118.0,1560.0,5463.0,28.832646205527563,4.275461902580547,24.36249809131165,15.719957245380977,,20.854328905176363
25355.0,7385.0,1777.0,3657.0,2335.0,1359.0,7630.0,30.588576398956217,7.36031147744688,15.147247649422194,9.67154040508636,5.628960775380027,31.60336329370832
27479.0,10738.0,1748.0,6299.0,2857.0,1964.0,3860.0,39.09560911672613,6.364232141556834,22.933809073035757,,7.150658996577588,14.053739168426418
29635.0,7802.0,2262.0,5593.0,1738.0,1547.0,5805.0,31.527053784297088,9.14050187901564,22.60071927910454,7.023073503859053,6.251262779326787,23.457388774396897
,9652.0,2121.0,6537.0,2849.0,2395.0,4859.0,33.97036567768275,,23.007074226586425,10.02710027100271,8.42924013655721,17.101326857424418
31190.0,7549.0,,6944.0,3321.0,2407.0,5853.0,,5.106088728754958,25.272045710958256,12.086472322305928,8.760053863231064,21.30145212359428
,11333.0,1803.0,6195.0,3360.0,1048.0,3690.0,41.31758357942324,6.573334791643881,22.585584600240622,12.249808596740676,3.820773633745306,13.452914798206278
,6643.0,1814.0,7665.0,3038.0,1585.0,,25.584440593106105,6.98632774889274,29.52050837666089,11.700365877142309,6.104371269015983,20.103986135181977
28239.0,6771.0,1112.0,5821.0,3444.0,1270.0,,26.415167947567586,4.338157843404986,22.7090079194788,13.43580540709242,4.954550774392385,28.147310108063824
31623.0,11049.0,1509.0,6624.0,4273.0,1768.0,3125.0,38.97629462395936,,23.36672781148582,15.073373782982928,6.236771553548751,11.023705376040638
32902.0,7110.0,1614.0,6804.0,3856.0,2227.0,2341.0,29.684368737474948,,28.406813627254508,16.098864395457582,9.297762191048763,9.77371409485638
36046.0,11202.0,2716.0,5902.0,2738.0,,2417.0,41.71600938442632,10.114326146054443,,10.196253677428963,6.9936319964249805,9.000856515100732
29878.0,9783.0,2095.0,6778.0,2274.0,,2658.0,38.67868580239592,8.282924129205709,26.79792828055193,8.990629818526866,6.740995532360733,10.50883643695884
38194.0,7690.0,2331.0,5405.0,2796.0,2650.0,,28.416229399157487,8.613554061045008,19.97265538393319,10.331830611189122,9.792328726627744,22.873401818047448
34540.0,4373.0,1250.0,5577.0,2526.0,847.0,,26.09032873933536,7.457788914742556,33.27367102201539,15.07069983891176,5.053397768629557,13.054113716365372
26462.0,7961.0,2597.0,4687.0,3225.0,2618.0,4404.0,31.22940530362467,10.187509806998277,18.38616036403577,12.651027773419113,10.269888592499608,17.276008159422567
41049.0,8203.0,2650.0,6241.0,2409.0,1727.0,6236.0,29.866016165440907,9.648292434282386,22.722638899002405,8.77084395252312,6.287773975096483,22.7044345736547
31634.0,10334.0,1000.0,6325.0,2963.0,1960.0,5833.0,36.36811543199015,3.5192679922576104,22.259370051029386,10.4275910610593,6.897765264824916,
25824.0,11176.0,1647.0,7179.0,3419.0,1736.0,4228.0,38.03301003913561,5.604900459418071,24.43083205717203,11.6351880210992,5.907776076229369,14.38829334694572
38264.0,6630.0,2247.0,6791.0,2949.0,2771.0,5381.0,24.76745489185252,8.394037879636894,,11.016474279950687,10.351526018902462,20.10161007135119
40388.0,9602.0,2322.0,5715.0,2526.0,1384.0,5214.0,35.877891118335015,8.676157381459477,21.354108283824683,9.438403766393902,5.171318611515899,19.482120838471022
22070.0,,2991.0,6145.0,1545.0,1737.0,3250.0,34.90922687050808,12.42574051763533,25.52864442690374,6.418511902289062,7.2161522163599345,13.501724066303852
32599.0,7521.0,1751.0,4999.0,3976.0,1685.0,7233.0,27.68636112644948,6.445794220504325,18.402355972759064,14.636480765691145,6.202834529725751,26.62617338487024
33547.0,6497.0,1592.0,6971.0,2990.0,1225.0,4855.0,26.924989639452964,6.597596353087443,28.889349357646083,12.391214256112724,5.076668048072938,20.12018234562785
36861.0,12611.0,1974.0,7404.0,2559.0,1799.0,7889.0,36.835494800794486,5.765860497721696,21.62635821941816,,5.254702652178993,23.04299567706508
30487.0,,,6177.0,1986.0,,5836.0,36.81423738785116,,22.712898955728782,7.302544491837034,6.026621561994411,21.45903809383733
26493.0,8847.0,2141.0,5470.0,2447.0,,7818.0,30.254428561657885,7.32166062512824,18.705970863826003,8.368100677108268,8.614321865809451,26.735517406470144
35508.0,7320.0,2092.0,7299.0,2630.0,1939.0,3734.0,,8.363316542736069,29.179659390741183,10.514112097225553,7.751659070920285,14.927640521308067
27676.0,8959.0,1875.0,4587.0,2302.0,2419.0,5676.0,34.700596483073824,7.262375087148501,17.766674413200093,8.916259973661786,9.369432179099851,21.984661863815944
32722.0,4370.0,3027.0,5466.0,3014.0,1299.0,25802.5,19.62369212807041,13.592886972922,24.54533207598006,13.53450985675154,5.83322106964839,22.8703578966276
26737.0,6182.0,1903.0,4806.0,2520.0,1978.0,4172.0,28.6721395111544,8.826121237419414,22.29024627800195,11.687769583971058,9.173971522656649,
29109.0,,1649.0,6226.0,2374.0,1848.0,5110.0,33.481521571053044,6.374671408690273,24.06834699242307,9.177361991649915,7.143961651461265,19.75413638472244
34003.0,7834.0,1832.0,5343.0,2723.0,1994.0,5802.0,30.687872140394862,7.176433719837042,20.92995926041993,10.666718896897525,7.8110310247571295,22.72798495769351
24511.0,10549.0,1961.0,5206.0,2975.0,2517.0,3925.0,38.87885600560204,7.227361515497733,19.186967898868534,10.964508163490953,9.276526738657722,
27446.0,10657.0,2301.0,6493.0,2593.0,2115.0,3713.0,38.23550516647531,8.255597014925373,23.295780711825486,9.303243398392652,7.588260619977037,13.321613088404131
37477.0,8952.0,1368.0,,2679.0,990.0,7416.0,35.934489402697494,5.491329479768786,14.077552986512524,10.753853564547205,3.973988439306359,
27571.0,9246.0,2473.0,5625.0,3518.0,2392.0,2863.0,35.40222843358732,9.468928284259295,21.53769575372363,13.470153539839952,9.158785465405677,10.962208523184133
26125.0,7366.0,2571.0,6345.0,4067.0,3028.0,4141.0,26.76793371611309,9.342975506940912,23.05763500254379,14.779417108801512,11.00370666472854,15.048332000872156
29714.0,7226.0,2223.0,6242.0,,2085.0,8945.0,24.280098114982696,7.469507073015019,20.973757602231107,10.214710527200028,7.005812976714493,30.056113705856657
33566.0,,1571.0,6433.0,3408.0,2680.0,5681.0,,6.238583114923358,25.5460249384481,13.533476292589947,10.642522436661109,22.55976491144468
20953.0,7014.0,1450.0,8060.0,2601.0,1877.0,3286.0,28.87845849802372,,33.18511198945981,10.70899209486166,7.728096179183136,
,7376.0,973.0,6712.0,2526.0,2579.0,6528.0,27.631677530531206,3.645013860792688,25.144227167153662,9.462800629354913,9.661347119202818,24.454933692964712
36873.0,7058.0,2552.0,5338.0,3330.0,,6308.0,27.54986533432218,9.96135680549592,20.83609820836098,12.9981654240993,4.032163628556931,24.622350599164683
30291.0,,1975.0,5776.0,2102.0,1902.0,3745.0,28.465940557504155,9.114823703156729,26.656821118700385,9.700941480524277,8.777921358685619,17.283551781428834
27983.0,8423.0,2220.0,5053.0,3196.0,2666.0,6250.0,30.289844649021862,7.98331415420023,18.17102991944764,11.493095512082856,9.587169159953971,22.47554660529344
41837.0,9245.0,1274.0,5689.0,3497.0,,6829.0,33.20642218311124,4.575985058007974,,12.56061204698107,4.694515283215401,24.528572967925
36431.0,9576.0,1343.0,6146.0,3090.0,1724.0,,33.47315436241611,4.694491051454139,21.48350111856823,10.801174496644297,6.026286353467562,23.521392617449667
29362.0,6642.0,2510.0,6200.0,2504.0,1540.0,2090.0,30.913152750628317,11.682025504979986,28.855999255329053,11.654100344410312,7.167457879549474,9.727264265102855
,6643.0,1814.0,7665.0,3038.0,1585.0,,25.584440593106105,6.98632774889274,29.52050837666089,11.700365877142309,6.104371269015983,20.103986135181977
31944.0,6046.0,1441.0,4485.0,1865.0,2740.0,4906.0,28.14318298189266,6.7076292882744495,20.876972489875715,8.681282874831261,12.754270818786948,22.836661546338966
34027.0,8369.0,1692.0,6793.0,,1512.0,6390.0,30.961894191638923,6.259711431742508,,8.412874583795782,,23.640399556048838
25889.0,7247.0,2165.0,6887.0,2863.0,2103.0,4970.0,27.623403849818946,8.252334667429007,26.251191156851533,10.91290261101582,8.01600914808462,18.94415856680008
36765.0,8692.0,2398.0,4703.0,2908.0,2495.0,4711.0,33.55077778206662,9.256185586907014,18.15339483537268,11.224765507391824,9.630601767861968,18.18427452039989
27476.0,9385.0,1745.0,6447.0,3662.0,1985.0,5668.0,32.48304028796899,6.039734182472657,22.31413540080299,12.674788868891044,6.870413955420185,19.61788730444414
29101.0,10128.0,2832.0,6135.0,2782.0,1421.0,4594.0,36.311487164778434,,21.99555428079736,,5.094650795927148,16.47067259429227
31044.0,7227.0,1247.0,5225.0,2617.0,2147.0,4550.0,31.40398904966758,5.418676400295485,22.70455829313866,11.371833311606483,9.329509407726068,19.771433537565724
38877.0,12412.0,756.0,,3241.0,1575.0,6571.0,38.97506751240344,2.373924511712617,22.89455504615964,10.177102304842052,4.945676066067952,20.633674558814292
32715.0,10760.0,1238.0,5740.0,1600.0,1929.0,7180.0,37.82472668471192,,20.177874644074947,5.624494674306605,6.781031391710901,25.23991985095089
33312.0,7468.0,2574.0,5157.0,3277.0,1650.0,6440.0,28.111119476021983,9.68907626289242,19.41203041481593,12.335315817209969,6.210946322366935,24.24151170669277
24374.0,8428.0,,5466.0,2378.0,1949.0,4547.0,33.77685155498557,8.752805386341777,21.90605963449824,9.530298172491184,7.810997114459763,18.22298813722347
33434.0,6016.0,2575.0,4560.0,3407.0,2141.0,5834.0,24.522072310765093,10.49606652264297,18.587209065340563,13.887416948599846,8.727020747564506,23.780214405087023
23121.0,8113.0,2112.0,6516.0,2601.0,1817.0,5110.0,30.884312307282347,8.039894933191214,24.80490311774335,9.901404697552248,6.916898245079752,19.45258669915109
43553.0,10307.0,1368.0,6673.0,2346.0,2672.0,8116.0,,,21.196239120767423,7.451877263198018,8.487389619465091,
31119.0,,2539.0,5433.0,,1580.0,6292.0,31.53551648515036,9.43760918856633,20.19477381704643,9.571423261346318,5.872950972010557,
30399.0,9634.0,2757.0,5031.0,2668.0,2573.0,5523.0,34.18008940608813,9.781451784573903,17.849286880011352,9.46569218761087,9.128645426807635,19.59483431490811
,10065.0,1468.0,6445.0,2776.0,2322.0,1995.0,40.14598540145985,5.855370747078298,25.70699214231582,11.072553946791114,9.261696781141556,7.957400981213354
,9562.0,2198.0,6391.0,3005.0,2134.0,4517.0,34.38702484985795,7.904484482324594,22.98342144064444,10.806631423742225,7.674326608407956,16.244111195022835
28409.0,5762.0,2023.0,6035.0,2751.0,,9296.0,20.51336822243583,7.202107586599736,21.48527893481434,9.793869486275767,7.910569974011179,33.094805795863145
27454.0,6475.0,2634.0,5334.0,3243.0,1938.0,,26.177481301799077,10.648878107944208,21.56458459672529,13.110976349302607,7.835051546391752,20.66302809783707
33154.0,9021.0,1947.0,,3009.0,2336.0,,34.98138669148441,,20.707305723592366,11.668217775709632,9.058476810919808,16.034589731658137
29610.0,5300.0,2584.0,5315.0,3171.0,1700.0,4858.0,23.115840893230985,11.270062805303558,23.181263084438243,13.830251221214237,7.414515003489183,21.188066992323797
