Income,HousingExpense,TransportationExpense,FoodExpense,UtilitiesExpense,EntertainmentExpense,Savings,TotalExpense,NetBalance,HousingBudget,TransportationBudget,FoodBudget,UtilitiesBudget,EntertainmentBudget,SavingsBudget,BudgetAdherenceRatio,OverBudgetCount,FinancialStatus,FinancialLevel,SavingsRate,SavingsStatus
33925.0,7933.0,2382,5321,2410,2587,5023.0,25656.0,8269.0,30.9206423448706,9.284377923292798,20.739787963829123,9.393514187714375,10.08341128780792,19.57826629248519,0.7562564480471629,0,Surplus,Healthy,0.14806190125276344,Low Saving
30161.0,6992.0,2536,5694,3216,1060,5162.0,24660.0,5501.0,27.36380713838448,9.924859110832813,22.283969943644333,12.58609893550407,4.148403256105198,23.69286161552912,0.8176121481383242,0,Surplus,Healthy,0.17114817147972547,Low Saving
30161.0,7655.0,2249,5402,3555,1836,1777.0,22474.0,7687.0,34.061582272848625,10.007119337901576,24.036664590193112,11.489829961092749,8.169440242057489,7.906914656936904,0.7788464145094275,1,Surplus,Healthy,0.05891714465700739,Low Saving
28831.0,9429.0,1028,6110,3377,1979,5162.0,27085.0,1746.0,37.5911972252123,4.0983933341306855,22.7434724203955,13.46330183789818,7.889805844595942,12.59817406211378,0.9548675539214349,0,Surplus,Healthy,0.17904339079463077,Low Saving
33537.0,10555.0,1922,7197,3542,2007,4703.0,29926.0,3611.0,35.27033348927354,6.422508855176101,24.0493216600949,11.835861792421303,6.706542805587115,15.715431397447036,0.8923278766735248,0,Surplus,Healthy,0.14023317529892357,Low Saving
33884.0,9140.0,1422,5969,2894,2090,3226.0,24741.0,9143.0,38.083333333333336,5.925,21.78333333333333,12.058333333333334,8.708333333333334,13.441666666666666,0.7301676307401723,0,Surplus,Healthy,0.09520717742887498,Low Saving
38039.0,8203.0,1898,5969,2766,2004,3368.0,24208.0,13831.0,32.11824588880188,7.431480031323415,27.4079874706343,10.830070477682067,9.025058731401725,13.187157400156618,0.6363994847393464,0,Surplus,Healthy,0.08854070822051052,Low Saving
36767.0,10996.0,2490,5218,2631,1982,4300.0,27617.0,9150.0,30.91315275062832,9.01618568273165,18.894159394575805,9.526740775609223,7.176738965130173,20.143709574077935,0.7851260940795686,0,Surplus,Healthy,0.11695270215138576,Low Saving
36732.0,7374.0,2152,5152,2972,1815,6299.0,25764.0,10968.0,28.62133209129017,8.352740257723957,19.9968948920975,11.535475857786055,7.044713553795995,24.44884334730632,0.70140476968311,0,Surplus,Healthy,0.17148535337035828,Low Saving
30161.0,10061.0,2574,6818,2960,1796,4314.0,28523.0,1638.0,35.2732882235389,9.024296182028538,23.90351646040038,10.377590015075551,6.296672860498545,15.124636258458086,0.9456914558535856,0,Surplus,Healthy,0.14303239282517158,Low Saving
31456.0,7423.0,2170,6921,3103,1694,7156.0,28467.0,2989.0,26.07580707485861,7.622861558998138,22.7434724203955,11.489829961092749,5.950749991217901,20.143709574077935,0.9624723356124825,0,Surplus,Healthy,0.22749237029501526,Healthy Saving
30160.0,8862.0,1350,6851,2935,2393,3004.0,25395.0,4765.0,34.89663319551093,5.316007088009451,26.977751525890923,11.557393187635364,9.42311478637527,11.829100216578066,0.8420092838196285,0,Surplus,Healthy,0.09960212201591512,Low Saving
34364.0,7772.0,739,4684,2933,1676,2496.0,20300.0,14064.0,38.285714285714285,3.640394088669951,23.073891625615765,14.448275862068966,8.25615763546798,12.295566502463052,0.5907344895821209,0,Surplus,Healthy,0.07263415201955535,Low Saving
33660.0,7888.0,2074,5534,2611,2423,8852.0,29382.0,4278.0,26.846368524947245,7.05874344836975,18.834660676604724,8.886393029746104,8.246545504050099,30.12728881628208,0.8729055258467023,0,Surplus,Healthy,0.2629827688651218,Healthy Saving
28454.0,7245.0,1999,6822,3470,2009,3684.0,25229.0,3225.0,28.838116466982445,7.534928153484854,27.154400350276635,13.812044739879791,7.68221184475491,14.663853839111573,0.8894560156449296,0,Surplus,Healthy,0.12947213045617487,Low Saving
32024.0,10689.0,1511,6041,3038,1739,2378.0,25396.0,6628.0,42.08930540242558,5.949755867065679,23.787210584343992,11.962513781697904,6.847535044888958,9.363679319577884,0.7930302273295029,0,Surplus,Healthy,0.07425680739445416,Low Saving
30161.0,6534.0,1149,4926,2912,2309,1515.0,19345.0,10816.0,33.77616955285603,5.939519255621608,25.46394417162057,15.052985267510984,11.935900749547686,7.831481002843112,0.6413912005570108,0,Surplus,Healthy,0.050230430025529654,Low Saving
25730.0,12878.625,1632,6458,2626,1636,7150.0,32380.625,-6650.625,30.91315275062832,6.271857345989777,24.818415894854155,10.09184889128012,6.287229545367204,27.47780638714884,1.188809525050501,5,Deficit,Unhealthy,0.27788573649436454,Healthy Saving
36452.0,12241.0,1902,5285,2334,2319,4317.0,28398.0,8054.0,43.10514824987675,6.69765476442003,18.610465525741247,8.218888654130572,8.166068032960068,15.20177477287133,0.7790519038735871,0,Surplus,Healthy,0.11842971579062878,Low Saving
30275.0,9955.0,2332,7794,2990,2106,4492.0,29669.0,606.0,32.82012396149281,7.688250032968483,25.69563497296585,12.043386522484504,6.943162336806013,14.809442173282342,0.9799834847233693,4,Surplus,At Risk,0.14837324525185797,Low Saving
40243.0,3299.625,2094,7544,3277,1701,5162.0,23077.625,17165.375,14.33454674598242,9.295924709224897,33.49018911480067,14.547633845334278,7.551274083281541,20.78043150137619,0.5734568744874885,0,Surplus,Healthy,0.12827075516238848,Low Saving
21872.0,8086.0,2804,6604,2188,2264,7025.0,28971.0,-7099.0,24.74958564531239,10.103048209267133,23.79476832168336,7.88354831735966,7.68221184475491,25.311666786769475,1.3308942486184872,5,Deficit,Unhealthy,0.32118690563277247,Healthy Saving
27216.0,4376.0,1482,7361,3381,2273,4640.0,23513.0,3703.0,18.61098115935865,7.68669977673486,31.306085994981498,11.489829961092749,9.66699272742738,19.733764300599667,0.8771470595341089,1,Surplus,Healthy,0.17048794826572605,Low Saving
30163.0,6098.0,1999,6064,2990,2578,9688.0,29417.0,746.0,20.106169013155725,8.045105344719575,19.99406508622111,11.489829961092749,8.500115401101256,31.943024827722645,0.9745045811266823,3,Surplus,At Risk,0.3211882107217452,Healthy Saving
30161.0,3299.625,2023,6765,3062,2483,5267.0,22899.625,7261.375,8.076165462902168,9.48785292186474,31.7277928899728,11.489829961092749,11.64524903855173,24.70218553606604,0.7816878783828964,1,Surplus,Healthy,0.17462948841218792,Low Saving
30161.0,7726.0,2347,7477,3799,2245,7123.0,30717.0,-556.0,25.15219585245956,7.68669977673486,24.34156981476056,12.367744245857343,7.308656444314224,23.18911352020054,1.017966344635943,5,Deficit,Unhealthy,0.23616590961838135,Healthy Saving
31552.0,5716.0,1781,6245,2990,1436,6610.0,24778.0,6774.0,22.9595115681234,7.153759640102828,25.08435089974293,12.483933161953727,7.68221184475491,26.550449871465297,0.770556668495644,0,Surplus,Healthy,0.20949543610547666,Healthy Saving
24363.0,8119.0,2535,5744,2291,3224,4927.0,26840.0,-2477.0,30.249627421758568,9.444858420268258,21.40089418777944,8.535767511177347,12.01192250372578,18.35692995529061,1.1016705660222468,5,Deficit,Unhealthy,0.20223289414275747,Healthy Saving
24215.0,4749.0,2147,4295,3182,1298,3826.0,19497.0,4718.0,24.357593475919373,11.01195055649587,22.02903010719598,16.3204595578807,6.657434477099041,19.62353182540904,0.8051620896138757,0,Surplus,Healthy,0.15800123890150733,Low Saving
31612.0,8165.0,1660,5916,3122,2474,5663.0,27000.0,4612.0,30.91315275062832,6.148148148148149,21.91111111111111,11.562962962962962,9.162962962962965,20.97407407407407,0.8484012835599547,0,Surplus,Healthy,0.17914083259521701,Low Saving
23179.0,7170.0,1993,6823,2698,2215,6020.0,26919.0,-3740.0,26.63546194137969,7.403692559158959,25.34640959916788,10.02266057431554,8.228388870314648,22.363386455663285,1.1613529487898528,5,Deficit,Unhealthy,0.2597178480521161,Healthy Saving
43220.375,8086.0,1880,6945,3286,1412,3854.0,25463.0,17757.375,30.91315275062832,6.624383368569416,24.47145877378436,11.578576462297391,7.68221184475491,13.579985905567302,0.6211332259120645,0,Surplus,Healthy,0.08917090608306846,Low Saving
32504.0,10822.0,2244,6504,2166,1937,5332.0,29005.0,3499.0,37.31080848129633,7.73659713842441,22.42372004826754,7.467677986554043,6.678158938114118,18.38303740734356,0.8923517105587006,0,Surplus,Healthy,0.16404134875707604,Low Saving
25088.0,9570.0,1410,5458,3495,1960,7472.0,29365.0,-4277.0,30.91315275062832,7.68669977673486,18.5867529371701,11.901924059254211,6.6746126340882,25.44525796015665,1.156504706476178,4,Deficit,Unhealthy,0.29783163265306123,Healthy Saving
38026.0,7346.0,1985,4023,2560,2652,9139.0,27705.0,10321.0,30.91315275062832,7.16477170185887,14.52084461288576,9.240209348493051,9.57227937195452,20.143709574077935,0.7957847247049912,0,Surplus,Healthy,0.24033555988008204,Healthy Saving
30161.0,11970.0,2197,5504,2507,1643,10205.5,34026.5,-3865.5,39.20862131088473,7.196436175439745,18.028759540109405,8.21186412918864,5.381768154869141,21.97255068950833,1.1281621962136537,5,Deficit,Unhealthy,0.3383674281356719,Healthy Saving
22142.0,12878.625,2016,5695,2943,1869,8725.0,34126.625,-11984.625,18.71772311694273,7.68669977673486,21.78570062354156,11.258176810374508,7.149688229218469,33.376687961439885,1.5416524811975107,5,Deficit,Unhealthy,0.39404751151657486,Healthy Saving
25338.0,5192.0,2673,5687,3216,831,3741.0,21340.0,3998.0,24.329896907216494,12.525773195876289,26.649484536082475,11.489829961092749,3.8940955951265233,20.143709574077935,0.8504388076537001,1,Surplus,Healthy,0.14764385507932748,Low Saving
18571.0,7832.0,2387,5969,3081,2867,6403.0,28539.0,-9968.0,26.83294504590928,8.178018363711114,22.673701521173083,10.555707825133616,9.822529806769904,21.937097437303,1.5367508480964944,5,Deficit,Unhealthy,0.34478487965106885,Healthy Saving
26087.0,12508.0,1996,7985,2628,1464,7677.0,34258.0,-8171.0,36.51117987039524,5.826376320859361,22.7434724203955,7.67120088738397,4.273454375620293,22.40936423609084,1.3206823646012957,5,Deficit,Unhealthy,0.2942845095258175,Healthy Saving
33831.0,7595.0,2108,6123,2746,2163,3207.0,23942.0,9889.0,31.72249603207752,8.804611143597025,25.574304569376,11.469384345501629,9.034332971347425,13.394870938100407,0.7076941266885399,0,Surplus,Healthy,0.09479471490644675,Low Saving
27930.0,7633.0,2147,5783,2433,1949,4028.0,23973.0,3957.0,31.83998665164977,8.95590873065532,24.12297167646936,10.148917532223752,8.129979560338715,20.143709574077935,0.830571068364244,0,Surplus,Healthy,0.14421768707482993,Low Saving
32303.0,5116.0,2201,5969,2887,1950,8475.0,26598.0,5705.0,19.401570025408624,8.346922522659185,21.767985134058936,10.948462209412568,7.395047214532216,32.14001289392848,0.8233910163142742,0,Surplus,Healthy,0.26235953317029376,Healthy Saving
22388.0,9891.0,1087,6124,3537,2004,3049.0,25692.0,-3304.0,37.90817108692319,4.166027901272421,23.47079564617508,13.55587919668864,9.213552046604324,11.685574122336348,1.1475790602108273,4,Deficit,Unhealthy,0.1361890298374129,Low Saving
30161.0,9906.0,1849,5171,2990,2835,2317.0,25068.0,5093.0,39.50548354935194,7.373878364905284,22.7434724203955,11.952143569292122,11.306081754735793,9.240279162512463,0.8138745150327068,0,Surplus,Healthy,0.07682106030967142,Low Saving
27224.0,9578.0,1257,6120,3429,2125,8055.0,30564.0,-3340.0,31.337521266849887,4.11268158617982,22.7434724203955,11.219081272084804,6.952624002093967,26.35453474676089,1.0929583247762478,4,Deficit,Unhealthy,0.29587863649720836,Healthy Saving
30060.0,6741.0,2639,6450,3727,2327,7393.0,29277.0,783.0,23.024900092222563,9.013901697578303,22.0309457936264,12.730129453154357,7.948218738258701,25.251904225159684,0.9739520958083833,0,Surplus,At Risk,0.2459414504324684,Healthy Saving
29535.0,6586.0,1969,6209,2705,2164,5864.0,25497.0,4038.0,30.91315275062832,7.722477154175,24.35188453543554,10.609091265639096,8.487273012511276,20.143709574077935,0.8444695484306947,0,Surplus,Healthy,0.19854410022007787,Low Saving
23642.0,8086.0,1903,5969,2990,2508,5162.0,26618.0,-2976.0,22.465241751400704,7.897904129487446,26.798090890226188,12.060593484125338,10.40879850591409,20.369371238846234,1.1258776753235766,4,Deficit,Unhealthy,0.21834024194230606,Healthy Saving
24234.0,8167.0,2448,6433,4085,1768,4122.0,27023.0,-2789.0,30.222403138067573,9.058949783517743,23.80564704140917,15.11675239610702,6.542574843651703,15.25367279724679,1.1150862424692578,5,Deficit,Unhealthy,0.1700916068333746,Low Saving
34838.0,5839.0,2211,4228,3722,2537,5563.0,24100.0,10738.0,24.228215767634858,9.17427385892116,17.543568464730292,15.443983402489629,10.526970954356846,23.08298755186722,0.6917733509386302,0,Surplus,Healthy,0.15968195648429875,Low Saving
31994.0,5645.0,1435,6636,2990,2555,8159.0,27420.0,4574.0,21.227390666716804,5.396156883390366,24.9539352461174,8.133719399842064,9.607791524085286,20.143709574077935,0.9579809939053542,1,Surplus,Healthy,0.2550165656060511,Healthy Saving
35250.0,12878.625,1964,5328,3193,2541,5477.0,31381.625,3868.375,27.87760670434613,7.65542779185344,22.7434724203955,12.44591697524849,9.90450204638472,21.348664977587216,0.8730117249167672,1,Surplus,Healthy,0.1553758865248227,Low Saving
31623.0,7021.0,1832,4904,3000,1669,9333.0,27759.0,3864.0,25.292697863755897,6.599661371086854,17.666342447494507,10.807305738679348,7.68221184475491,33.62152815303145,0.8633939561196803,0,Surplus,Healthy,0.29513328906175884,Healthy Saving
30161.0,6924.0,1127,4895,3413,1915,3204.0,21478.0,8683.0,32.2376385138281,5.247229723437936,22.79076264084179,15.89067883415588,8.916100195548934,14.917590092187355,0.7121116673850336,0,Surplus,Healthy,0.10622989953913994,Low Saving
21369.0,8932.0,1999,6433,2627,2119,4960.0,27070.0,-5701.0,33.421889616463986,6.188961646398504,24.0710944808232,9.82974742750234,7.9289055191768,18.559401309635174,1.2667883382469933,5,Deficit,Unhealthy,0.2321119378539005,Healthy Saving
28648.0,8158.0,1908,5777,2580,1314,4253.0,23990.0,4658.0,34.005835764902045,7.953313880783659,24.080867027928303,11.489829961092749,5.477282200917049,17.728220091704877,0.8312928495310903,0,Surplus,Healthy,0.14845713487852555,Low Saving
29863.0,7423.0,1942,4318,2661,2797,5162.0,24303.0,5560.0,33.78698224852071,8.839326354119253,19.654073736913976,12.11197086936732,12.73099681383705,20.143709574077935,0.7586825176479085,0,Surplus,Healthy,0.17285604259451495,Low Saving
39765.0,8366.0,1258,6478,2714,1993,4693.0,25502.0,14263.0,32.80527017488824,4.9329464355736805,25.401929260450164,10.642302564504744,7.815073327582151,18.40247823700102,0.6413177417326795,0,Surplus,Healthy,0.11801835785238275,Low Saving
33434.0,6016.0,2575,4560,3407,2141,5834.0,24533.0,8901.0,24.522072310765093,10.49606652264297,18.587209065340563,13.887416948599846,8.727020747564506,23.780214405087023,0.7337740025124126,0,Surplus,Healthy,0.17449303104624037,Low Saving
37680.0,8210.0,1948,6139,2409,1711,6048.0,26465.0,11215.0,31.02210466654072,7.360665029283959,23.1966748535802,9.102588324201776,6.465142641224259,22.85282448516909,0.7023619957537155,0,Surplus,Healthy,0.16050955414012738,Low Saving
32987.0,8301.0,2018,6238,2688,1336,9340.0,29921.0,3066.0,27.74305671601885,6.744426991076502,20.848233682029345,8.983656963336786,4.465091407372748,31.21553424016577,0.9070542941158638,0,Surplus,Healthy,0.2831418437566314,Healthy Saving
26443.0,4993.0,2200,5969,2105,1697,5162.0,22126.0,4317.0,20.97194220430108,9.240591397849462,28.91885080645161,8.841565860215054,7.127856182795698,24.899193548387096,0.8367431834511968,0,Surplus,Healthy,0.19521234353136935,Low Saving
30585.0,9991.0,1605,7781,3503,2109,7300.0,32289.0,-1704.0,30.94242621326148,4.970733066988758,24.09799002756357,10.848895908823438,7.68221184475491,22.60831862244108,1.0437049695006968,4,Deficit,Unhealthy,0.23867909105770801,Healthy Saving
31181.0,6237.0,2228,4635,3635,2004,5132.0,23871.0,7310.0,25.76953270255753,9.205470396231872,19.15051853076065,15.01879932239805,9.651696070735031,21.203982977316866,0.7655623616946218,0,Surplus,Healthy,0.16458740899906996,Low Saving
25304.0,8180.0,1816,5947,2836,2080,5162.0,26021.0,-717.0,27.99931542016088,6.21598493924354,20.355981516344343,9.7073421187746,7.119630326886874,28.60174567858976,1.0283354410369905,5,Deficit,Unhealthy,0.20399936768890295,Healthy Saving
28078.0,10328.0,1551,5723,2851,2173,9796.0,32422.0,-4344.0,31.854913330454632,4.783788785392635,17.651594596261795,11.489829961092749,6.702239220282524,30.21405218678675,1.12439352379607,4,Deficit,Unhealthy,0.3488852482370539,Healthy Saving
28971.0,9851.0,2286,5969,3226,1831,6062.0,29225.0,-254.0,33.18063929401462,7.699821482704032,21.66795782949914,11.489829961092749,6.16726733807134,20.418336757721715,1.0025131828883196,3,Deficit,Unhealthy,0.2092437264851058,Healthy Saving
38028.0,8068.0,2745,6215,3737,2004,5162.0,27931.0,10097.0,30.99857839935452,10.546739923925156,23.87904868021669,14.358166519383715,8.637184462289161,11.580282014830754,0.7344851162301462,0,Surplus,Healthy,0.13574208477963606,Low Saving
19596.0,7275.0,2362,5647,3204,2741,3902.0,25131.0,-5535.0,28.948310851140025,9.398750547133025,22.47025585929728,12.749194222275278,10.906848115872826,15.526640404281563,1.2824556031843233,5,Deficit,Unhealthy,0.19912226985099,Low Saving
36029.0,9895.0,2461,5559,2651,2352,5563.0,28481.0,7548.0,34.74245988553773,8.64084828482146,19.518275341455706,9.30795969242653,8.258137003616445,20.143709574077935,0.7856984157037091,0,Surplus,Healthy,0.15440339726331567,Low Saving
30161.0,9349.0,1739,4883,2990,2404,5912.0,27277.0,2884.0,35.30989160403369,6.567964648562903,18.44242172451562,8.271329833440344,9.079578502096158,22.328813687351285,0.9043798282550314,1,Surplus,Healthy,0.1960147209973144,Low Saving
23139.0,6763.0,1201,6987,2442,2147,6396.0,25936.0,-2797.0,26.0757248611968,4.630629241209131,26.939389265885254,9.415484268969772,8.278069093152375,24.66070326958668,1.1208781710532003,5,Deficit,Unhealthy,0.27641643977699987,Healthy Saving
35899.0,6410.0,2745,6459,3036,1248,5920.0,25818.0,10081.0,24.827639631265008,10.632117127585406,25.01742970020916,11.759237741110852,4.833836858006042,20.143709574077935,0.7397952925053396,0,Surplus,Healthy,0.1649071004763364,Low Saving
33659.0,3855.0,3027,6917,2672,1477,5013.0,22961.0,10698.0,16.789338443447583,13.183223727189583,30.12499455598624,11.637123818649012,7.68221184475491,21.83267279299682,0.6737463457920522,0,Surplus,Healthy,0.14893490596868594,Low Saving
36272.0,8308.0,2771,5689,3097,2227,3727.0,25819.0,10453.0,32.177853518726515,10.73240636740385,22.7434724203955,11.995042410627832,8.625430884232541,20.143709574077935,0.6688876359252363,0,Surplus,Healthy,0.10275143361270402,Low Saving
34003.0,7834.0,1832,5343,2723,1994,5802.0,25528.0,8475.0,30.687872140394862,7.176433719837042,20.92995926041993,10.666718896897525,7.8110310247571295,22.72798495769351,0.7507572861218128,0,Surplus,Healthy,0.17063200305855367,Low Saving
40299.0,10272.0,1422,4921,2470,2004,8709.0,29798.0,10501.0,34.225169093392864,4.7379468896811385,16.396228301069538,8.229767100922933,7.393462832772466,29.017425782161062,0.7394228144618973,0,Surplus,Healthy,0.21610958088290033,Healthy Saving
32793.0,8718.0,1467,6358,2411,2838,7039.0,28831.0,3962.0,30.238285179147447,5.088273039436717,22.05265165967188,8.362526447226944,9.843571156047313,24.414692518469703,0.8791815326441619,0,Surplus,Healthy,0.21464946787424147,Healthy Saving
29217.0,10668.0,1158,4960,2990,2363,6069.0,28208.0,1009.0,36.78747543018725,3.993241146246422,17.104038070278285,13.038380633814958,8.14855684678782,20.928307872685263,0.9654653112913714,0,Surplus,Healthy,0.20772153198480336,Healthy Saving
31714.0,6605.0,1946,7848,2990,2629,7059.0,29077.0,2637.0,22.366326910704007,6.589685415326267,22.7434724203955,11.662320950865194,8.902509227591345,23.903694422809927,0.9533841955102087,1,Surplus,Healthy,0.2225830863341111,Healthy Saving
36217.0,10276.0,2802,4692,3865,2047,4257.0,27939.0,8278.0,36.78012813629693,10.028991731987544,16.79372919574788,13.83370915208132,7.326675972654711,15.236765811231612,0.7714333048016125,0,Surplus,Healthy,0.11754148604246624,Low Saving
30161.0,6942.0,1929,6273,3269,1596,3983.0,23992.0,6169.0,28.934644881627207,7.68669977673486,26.14621540513504,13.62537512504168,6.652217405801935,16.601367122374125,0.7982861254255722,0,Surplus,Healthy,0.13205795563807565,Low Saving
30161.0,9555.0,2151,7566,2785,1971,3504.0,27532.0,2629.0,30.91315275062832,7.812727008571843,27.480749673107656,10.11550196135406,7.1589423216620665,12.727008571843673,0.9488126500290577,1,Surplus,Healthy,0.11617651934617552,Low Saving
30161.0,5082.0,2687,6599,3661,1597,4749.0,24375.0,5786.0,30.91315275062832,11.023589743589744,27.07282051282051,15.01948717948718,6.551794871794872,19.48307692307692,0.7342668194744433,0,Surplus,Healthy,0.15745499154537315,Low Saving
19477.0,8470.0,1797,6175,2983,2779,4155.0,26359.0,-6882.0,32.133237224477405,6.8174058196441445,23.42653363177662,11.316817785196708,10.542888576956637,15.763116961948482,1.353339836730503,5,Deficit,Unhealthy,0.21332854135647172,Healthy Saving
43220.375,4030.0,3017,5031,3110,2395,7416.0,24999.0,18221.375,30.91315275062832,12.068482739309571,20.12480499219969,12.440497619904797,9.580383215328611,29.6651866074643,0.5038723900573641,0,Surplus,Healthy,0.17158573936482505,Low Saving
43220.375,7465.0,2996,4618,2978,2260,4049.0,24366.0,18854.375,30.636953131412625,12.295822047114832,18.952638923089552,12.221948616925223,9.27521956825084,16.617417713206926,0.5637618831396073,0,Surplus,Healthy,0.09368266702915003,Low Saving
30265.0,8880.0,1934,6770,1526,2617,3394.0,25121.0,5144.0,35.34891126945583,7.698738107559413,26.949564109709005,6.074598941124956,10.417578918036702,13.510608654114089,0.8300346935403933,0,Surplus,Healthy,0.11214273913761771,Low Saving
34326.0,6958.0,1999,7506,3802,989,8885.0,30139.0,4187.0,23.309101872634084,5.7318012796891225,25.14488626846672,12.73659173897022,3.313121838464373,20.143709574077935,0.9714872095596372,1,Surplus,Healthy,0.25884169434248094,Healthy Saving
27615.0,5899.0,2348,5561,3245,2294,4097.0,23444.0,4171.0,25.162088380822382,10.015355741341068,23.720354888244326,13.84149462549053,9.785019621225048,17.475686742876643,0.8489588991490132,0,Surplus,Healthy,0.1483613977910556,Low Saving
38385.0,9692.0,1826,4860,3164,1344,5307.0,26193.0,12192.0,37.00225251021265,6.971328217462681,18.55457564998282,12.07956324208758,5.131141908143396,20.261138472110872,0.6823759280969128,0,Surplus,Healthy,0.13825713169206721,Low Saving
22697.0,7793.0,1421,3541,2969,1996,5902.0,23622.0,-925.0,32.99043264753196,6.015578697824062,14.99026331385996,12.568791804250276,8.449750232833798,24.98518330369994,1.04075428470723,5,Deficit,Unhealthy,0.2600343657752126,Healthy Saving
35956.0,7020.0,2640,5019,3081,1844,2726.0,22330.0,13626.0,30.91315275062832,11.822660098522167,22.47648902821317,13.797581728616212,8.25794894760412,12.207792207792208,0.6243105527340548,0,Surplus,Healthy,0.07581488485927244,Low Saving
33375.0,8083.0,2608,5969,2990,2330,7470.0,29450.0,3925.0,27.797647706169613,8.968979984868284,20.24210743517436,9.288809409175322,8.012930738014994,25.68952472659743,0.8823970037453184,0,Surplus,Healthy,0.22382022471910112,Healthy Saving
21419.0,12878.625,2077,7599,3308,2114,6274.0,34250.625,-12831.625,38.31144465290807,5.995093087025545,21.93390099581469,9.548275364410449,6.101890604704863,18.109395295136384,1.59907675428358,5,Deficit,Unhealthy,0.29291750315140763,Healthy Saving
43220.375,10307.0,1368,6673,2346,2672,8116.0,31482.0,11738.375,30.91315275062832,7.68669977673486,21.196239120767423,7.451877263198018,8.487389619465091,20.143709574077935,0.7597137375401152,0,Surplus,Healthy,0.1877818042994768,Low Saving
29681.0,10325.0,1385,6305,3093,1699,3641.0,26448.0,3233.0,39.03886872353297,5.236690865093769,22.7434724203955,11.69464609800363,6.423926194797339,13.766636418632787,0.9009473123265127,0,Surplus,Healthy,0.12267106903406219,Low Saving
25612.0,8871.0,2053,5599,3280,2354,5198.0,27355.0,-1743.0,32.42917199780662,7.505026503381466,20.467921769329187,11.9904953390605,8.60537378906964,19.002010601352588,1.0680540371700766,5,Deficit,Unhealthy,0.20295174137123223,Healthy Saving
22964.0,8332.0,1999,5416,2900,2081,5078.0,25806.0,-2842.0,30.91315275062832,6.847439057792386,21.19184567828775,11.347184724341668,8.14258324529483,19.86931173455413,1.143059286567727,5,Deficit,Unhealthy,0.2211287232189514,Healthy Saving
28899.0,3299.625,1999,7405,3185,1182,5162.0,22232.625,6666.375,14.358629952988585,8.188941123796733,22.7434724203955,14.260129841056637,5.29214237743452,24.74591448399373,0.8587210774208637,1,Surplus,Healthy,0.17862209765043774,Low Saving
29362.0,6642.0,2510,6200,2504,1540,2090.0,21486.0,7876.0,30.91315275062832,11.682025504979986,28.855999255329053,11.654100344410312,7.167457879549474,9.727264265102855,0.7317621415434916,0,Surplus,Healthy,0.07118043729991146,Low Saving
30513.0,7038.0,1999,5969,2517,2004,5221.0,24748.0,5765.0,30.64797073680544,10.303083086570282,16.970040062706847,10.96063403588225,8.382685943215467,22.73558613481972,0.8110641365975158,1,Surplus,Healthy,0.17110739684724544,Low Saving
28511.0,4250.0,2689,5326,3118,2556,2147.0,20086.0,8425.0,21.159016230210096,7.68669977673486,26.51598128049388,15.52325002489296,12.72528129045106,10.689037140296724,0.7470896109165014,1,Surplus,Healthy,0.07530426852793659,Low Saving
33166.0,5685.0,1504,5141,3339,2231,5716.0,23616.0,9550.0,24.07266260162601,6.368563685636857,21.769139566395665,14.138719512195122,9.446985094850948,24.203929539295395,0.712054513658566,0,Surplus,Healthy,0.1723451727672918,Low Saving
28061.0,4038.0,1999,5453,2062,2004,742.0,16298.0,11763.0,25.986228200012874,11.763948774052384,35.09234828496042,13.269837183859964,9.112555505502284,4.775082051612073,0.5808061009942626,0,Surplus,Healthy,0.026442393357328675,Low Saving
20325.0,7923.0,2379,6562,3261,1929,1296.0,23350.0,-3025.0,33.93147751605996,10.188436830835116,28.102783725910065,11.489829961092749,8.261241970021413,5.550321199143469,1.1779976353974002,5,Deficit,Unhealthy,0.06376383763837638,Low Saving
29253.0,9637.0,2224,5892,2728,3008,6637.0,30126.0,-873.0,30.91315275062832,7.382327557591449,19.55785700059749,9.055301068844187,9.984730797317932,22.030803956715133,1.041042912378054,5,Deficit,Unhealthy,0.22688271288414863,Healthy Saving
18162.0,10213.0,1999,5923,2903,2055,3906.0,26999.0,-8837.0,36.78239573579198,9.96182381329684,21.33184470215372,10.455233018799971,7.401138082547,20.143709574077935,1.4014134443384911,5,Deficit,Unhealthy,0.21506442021803765,Healthy Saving
31768.0,8829.0,2210,7313,2330,2004,3024.0,25710.0,6058.0,34.56659619450317,8.652415629159815,28.63127398011119,9.122230052462612,7.188160676532769,11.839323467230445,0.8093049609670108,0,Surplus,Healthy,0.09519012843112566,Low Saving
25103.0,6073.0,2924,5303,2574,2245,7541.0,26660.0,-1557.0,22.779444861215303,10.967741935483872,19.891222805701425,9.654913728432108,8.420855213803451,28.28582145536384,1.0620244592279806,5,Deficit,Unhealthy,0.30040234234951996,Healthy Saving
30816.0,4135.0,2270,7864,3483,2381,5655.0,25788.0,5028.0,16.034589731658137,8.802543818830463,30.494803784706065,13.50628199162401,9.232976578253451,21.92880409492788,0.8368380062305295,0,Surplus,Healthy,0.18350856697819315,Low Saving
36570.0,4486.0,2531,5328,3016,1771,6744.0,23876.0,12694.0,18.788741832802813,10.60060311609985,22.31529569442117,11.489829961092749,7.417490366895628,28.245937342938515,0.6604276334503498,0,Surplus,Healthy,0.18441345365053322,Low Saving
43220.375,5462.0,1999,6089,2808,2004,4667.0,23029.0,20191.375,23.629677698464203,7.951546614752325,26.3422020333117,12.147955872809865,9.738265195760327,20.19035258490158,0.5328273991144223,0,Surplus,Healthy,0.10798147864288545,Low Saving
35306.0,8086.0,1999,5718,2941,1835,10205.5,30784.5,4521.5,21.39467711986796,6.901175985145451,19.66164637920363,10.112784540265457,6.30974485936318,35.61997111615432,0.871933948903869,1,Surplus,Healthy,0.2890585169659548,Healthy Saving
27833.0,7680.0,2455,5969,3244,2359,3790.0,25497.0,2336.0,29.940353202604182,9.570776967759542,23.87041440879498,12.64668044130833,9.19652255272699,14.775252426805974,0.916070851147918,0,Surplus,Healthy,0.13616929544066397,Low Saving
30161.0,5971.0,2806,6444,3220,2084,8488.0,29013.0,1148.0,30.91315275062832,9.671526557060629,22.7434724203955,11.098473098266297,7.18298693689036,29.25585082549202,0.8676621006009936,0,Surplus,Healthy,0.28142302974039324,Healthy Saving
28174.0,8677.0,2364,6433,2962,2240,4877.0,27553.0,621.0,31.4920335353682,8.57982796791638,23.3477298297826,10.75019054186477,8.129786230174572,17.70043189489348,0.9779584013629588,0,Surplus,At Risk,0.1731028607936395,Low Saving
25797.0,7535.0,1958,5246,2990,1620,1690.0,21039.0,4758.0,34.892336188932624,7.68669977673486,24.29266033804121,11.489829961092749,7.501736513081732,7.825885621671683,0.8704956366484963,1,Surplus,Healthy,0.06551149358452533,Low Saving
30161.0,8021.0,2688,4877,3485,1589,5965.0,26625.0,3536.0,30.12582159624413,10.095774647887325,22.7434724203955,13.089201877934272,5.968075117370892,22.4037558685446,0.8453466087063738,0,Surplus,Healthy,0.19777195716322404,Low Saving
27821.0,10280.0,904,8503,3206,2472,5629.0,30994.0,-3173.0,33.16770987933148,2.916693553591017,27.43434213073498,10.343937536297348,7.975737239465704,18.161579660579463,1.114050537363862,5,Deficit,Unhealthy,0.20232917580245138,Healthy Saving
25792.0,5639.0,1288,5516,3027,1960,2897.0,20327.0,5465.0,27.74142765779505,6.336399862252177,27.136321149210406,11.489829961092749,9.642347616470705,14.251980124956953,0.8158658496753546,1,Surplus,Healthy,0.11232165012406947,Low Saving
30161.0,8837.0,1999,6699,3328,2142,3155.0,26160.0,4001.0,33.34591147503868,8.829855477151806,25.278291385230744,12.558016678615902,8.082713859854346,11.905211124108524,0.8673452471735023,0,Surplus,Healthy,0.10460528497065748,Low Saving
29776.0,7972.0,2007,4392,3157,1846,4950.0,24324.0,5452.0,32.77421476730801,8.251110014800197,18.056240749876665,12.97895083045552,7.589212300608453,20.35027133695116,0.8168995163890379,0,Surplus,Healthy,0.16624126813541107,Low Saving
36710.0,8086.0,2302,5720,3530,2449,5699.0,27786.0,8924.0,27.1261051307661,8.515518070506419,21.15932378944253,13.058114156771351,9.059297895165168,21.081640957348423,0.7569054753473168,0,Surplus,Healthy,0.15524380277853445,Low Saving
30161.0,8086.0,2032,5969,2990,1696,58.0,20831.0,9330.0,42.70664859902959,8.882283516195304,25.66770118459588,11.489829961092749,7.413559470210254,0.2535297460331337,0.716351701867671,0,Surplus,Healthy,0.0019230131626935447,Low Saving
30115.0,9758.0,2285,6472,2490,1932,7106.0,30043.0,72.0,32.480111839696434,7.605765070066238,21.54245581333422,8.288120360816164,6.430782545018807,23.652764371068137,0.997609164868006,0,Surplus,At Risk,0.23596214511041008,Healthy Saving
33124.0,6107.0,1592,3277,2457,2392,4011.0,19836.0,13288.0,30.787457148618675,8.02581165557572,16.52046783625731,12.386569872958257,12.058882839282113,20.220810647307925,0.5988407197198407,0,Surplus,Healthy,0.12109044801352493,Low Saving
30967.0,7635.0,2285,6166,2649,2586,2336.0,23657.0,7310.0,32.27374561440588,9.658874751659129,26.06416705414888,11.489829961092749,10.931225430105254,9.874455763621762,0.76171577675541,0,Surplus,Healthy,0.07543514063357767,Low Saving
36549.0,8562.0,2497,4850,3488,1738,6882.0,28017.0,8532.0,30.560017132455297,8.912446014919514,17.310918370989043,12.449584181032945,6.203376521397723,24.563657779205485,0.7665599606008372,0,Surplus,Healthy,0.18829516539440203,Low Saving
29628.0,7453.0,2610,6324,2211,2979,4952.0,26529.0,3099.0,28.09378416072977,9.838290173018208,23.838064005428024,8.334275698292434,11.229220852651816,18.666365109879752,0.8954029971648442,0,Surplus,Healthy,0.16713919265559607,Low Saving
29077.0,9170.0,3006,4963,3197,2156,7432.0,29924.0,-847.0,30.64429889052266,10.045448469455955,16.585349552198906,10.683732121374147,7.204919128458761,24.83625183798957,1.0291295525673212,5,Deficit,Unhealthy,0.2555972074147952,Healthy Saving
30161.0,8562.0,2122,5144,3181,1478,5162.0,25649.0,4512.0,32.47856763523253,8.049465139215538,19.51293528563842,12.066611031029511,5.606554889613838,22.285866019270163,0.850402838102185,0,Surplus,Healthy,0.17114817147972547,Low Saving
30496.0,11665.0,2136,5726,3581,2184,4996.0,30288.0,208.0,38.51360274696249,7.052297939778129,18.90517696777601,11.823164289487584,7.210776545166403,16.49498151082937,0.9931794333683108,0,Surplus,At Risk,0.16382476390346276,Low Saving
28047.0,4939.0,1238,4947,2990,1808,5162.0,21084.0,6963.0,23.841475188260283,5.976057153890713,23.880092681984937,14.91600695114887,8.727553581772543,22.658814442942653,0.751738153813242,0,Surplus,Healthy,0.18404820479908723,Low Saving
30161.0,7755.0,1734,5524,2328,2217,5965.0,25523.0,4638.0,30.38435920542256,6.793872193707637,21.643223758962503,9.12118481369745,8.68628296046703,23.37107706774282,0.84622525778323,0,Surplus,Healthy,0.19777195716322404,Low Saving
26737.0,6182.0,1903,4806,2520,1978,4172.0,21561.0,5176.0,28.6721395111544,8.826121237419414,22.29024627800195,11.687769583971058,9.173971522656649,20.143709574077935,0.8000584662082152,0,Surplus,Healthy,0.15603844859183902,Low Saving
26944.0,9208.0,2525,4166,2409,2037,3294.0,23639.0,3305.0,38.95257836625915,7.68669977673486,17.623418926350524,10.190786412284783,8.617115783239562,13.934599602352046,0.9044238794858284,1,Surplus,Healthy,0.12225356294536817,Low Saving
27360.0,4765.0,1694,7017,2731,1544,6219.0,23970.0,3390.0,19.87901543596162,7.68669977673486,29.27409261576972,11.393408427200669,7.68221184475491,25.944931163954944,0.8600956226299747,0,Surplus,Healthy,0.22730263157894737,Healthy Saving
36765.0,8692.0,2398,4703,2908,2495,4711.0,25907.0,10858.0,33.55077778206662,9.256185586907014,18.15339483537268,11.224765507391824,9.630601767861968,18.18427452039989,0.7046647626818986,0,Surplus,Healthy,0.12813817489460083,Low Saving
17329.375,6739.0,1999,5821,2417,1421,5067.0,23464.0,-6134.625,28.720593249232863,8.519434026593931,24.808216842823047,10.30088646437095,6.056085918854415,21.594783498124787,1.3540015147689977,5,Deficit,Unhealthy,0.2923936956756952,Healthy Saving
31977.0,6531.0,1911,6752,3735,1445,7178.0,27552.0,4425.0,23.70426829268293,6.935975609756098,22.7434724203955,13.556184668989546,7.68221184475491,26.052555168408823,0.8558451752939309,0,Surplus,Healthy,0.22447384057291178,Healthy Saving
30171.0,5107.0,2124,5385,2337,2183,4772.0,21908.0,8263.0,30.91315275062832,9.695088552127077,24.580062077779807,10.667336132919482,9.96439656746394,20.143709574077935,0.6852605427153027,0,Surplus,Healthy,0.1581651254515926,Low Saving
21595.0,7069.0,1804,5174,3673,2801,5030.0,25551.0,-3956.0,27.6662361551407,7.060389025869829,20.24969668506125,14.375171226175102,10.962388947595006,19.68611796015812,1.1831905533688354,5,Deficit,Unhealthy,0.2329242880296365,Healthy Saving
31548.0,10169.0,1785,6226,3592,1823,3800.0,27395.0,4153.0,37.119912392772406,6.515787552473079,22.72677495893411,13.111881730242745,6.654498996167184,13.871144369410477,0.8683593254722962,0,Surplus,Healthy,0.1204513756815012,Low Saving
32378.0,7949.0,1147,7117,3449,2350,5861.0,27873.0,4505.0,28.51863810856384,4.115093459620421,25.533670577261148,12.373981989739177,8.431098195386216,21.0275176694292,0.8608623139168571,0,Surplus,Healthy,0.18101797516832416,Low Saving
32948.0,9255.0,1876,5969,2653,2536,5162.0,27451.0,5497.0,34.47055756266528,7.68669977673486,17.989496815523857,9.881187381280494,9.445416961525568,21.22611642891728,0.8273740709738895,1,Surplus,Healthy,0.15667111812553114,Low Saving
17329.375,8086.0,1760,5849,2990,2407,6801.0,27893.0,-10563.625,36.17524028482932,5.619950825430277,18.67675703292142,11.489829961092749,7.685921384551521,21.716639524858703,1.5879145725962982,5,Deficit,Unhealthy,0.39245500775417463,Healthy Saving
36831.0,8527.0,1742,4267,2361,1844,3841.0,22582.0,14249.0,37.76016296165087,7.714108582056506,18.895580550881235,10.4552298290674,8.165795766539722,17.00912230980427,0.6131248133365914,0,Surplus,Healthy,0.10428714941217995,Low Saving
26311.0,6882.0,2208,5606,3455,1454,5162.0,24767.0,1544.0,29.051458482840136,9.320781797458736,23.66499219046815,14.584828401367725,6.137869897420744,17.24006923044451,0.9413173197521949,0,Surplus,Healthy,0.1961917068906541,Low Saving
33432.0,8934.0,2329,6034,2963,896,6584.0,27740.0,5692.0,32.206200432588325,8.395818312905552,21.751982696467195,10.681326604181688,3.229992790194665,23.73467916366258,0.8297439578846614,0,Surplus,Healthy,0.19693706628379995,Low Saving
33705.0,6911.0,1999,5145,2795,2004,5504.0,24358.0,9347.0,28.394757385266445,8.693865812071161,21.138912855910267,11.48362710053823,7.674925017461687,22.613911828752208,0.7226820946447114,0,Surplus,Healthy,0.1632992137665035,Low Saving
25616.0,6991.0,2497,5543,2388,2589,3187.0,23195.0,2421.0,30.1401164043975,10.76525113170942,23.897391679241213,10.295322267730114,11.16188833800388,13.74003017891787,0.9054887570268582,0,Surplus,Healthy,0.12441442848219862,Low Saving
33302.0,4960.0,2287,5969,1761,1437,7613.0,24027.0,9275.0,21.899421608018013,10.097576051922823,22.7434724203955,7.775177712040267,6.344650977968122,33.61296304472604,0.7040745909006121,0,Surplus,Healthy,0.22860488859527955,Healthy Saving
30161.0,9852.0,1852,6077,2480,2350,1603.0,24214.0,5947.0,40.6872057487404,7.6484678285289505,25.09705129264062,10.242008755265548,9.705129264062112,6.620137110762368,0.802824840025198,0,Surplus,Healthy,0.05314810516892676,Low Saving
19643.0,7227.0,1768,7055,3556,1524,6568.0,27698.0,-8055.0,26.0921366163622,6.383132356126795,25.47115315185212,12.838472091847786,5.502202325077623,23.71290345873348,1.4100697449473094,5,Deficit,Unhealthy,0.33436847732016495,Healthy Saving
35838.0,8364.0,2156,4902,2798,2053,5162.0,25435.0,10403.0,36.7777680063319,7.68669977673486,21.55483246856037,12.303227508574444,9.02735027702049,10.856564945915046,0.7226832609755726,0,Surplus,Healthy,0.14403705563926558,Low Saving
26124.0,8086.0,2286,5377,2915,2353,8771.0,29788.0,-3664.0,21.454940282301845,8.273615635179153,19.460731089395583,10.550126673905176,7.68221184475491,31.744480636988783,1.1498426393184444,5,Deficit,Unhealthy,0.3357449088960343,Healthy Saving
25727.0,8871.0,2698,6502,3327,1670,1910.0,24978.0,749.0,35.51525342301225,10.801505324685722,26.03090719833453,13.319721354792216,6.685883577548242,7.646729121627032,0.9708866171726205,0,Surplus,At Risk,0.0742410696933183,Low Saving
27984.0,6476.0,2595,7212,3902,2085,7304.0,29574.0,-1590.0,21.897612767971868,8.77459931020491,24.38628525055792,13.194021775884224,7.050111584499899,20.143709574077935,1.1072380343803307,5,Deficit,Unhealthy,0.2610062893081761,Healthy Saving
31361.0,7716.0,1729,4506,3662,1792,4836.0,24241.0,7120.0,31.830370034239515,7.132544036962171,18.588342065096324,15.106637514954002,7.392434305515449,19.94967204323254,0.7729664232645643,0,Surplus,Healthy,0.15420426644558527,Low Saving
29713.0,9755.0,1948,5831,2513,2352,4266.0,26665.0,3048.0,36.58353647102944,7.305456591036939,21.867616726045377,9.424339021188825,8.820551284455279,15.99849990624414,0.8974186383064651,0,Surplus,Healthy,0.14357352000807727,Low Saving
32740.0,9581.0,2335,5969,2028,2117,5370.0,27400.0,5340.0,34.57097495850473,8.425344591181352,22.6708522768276,7.317601212383633,7.638738543696327,19.376488417406364,0.8368967623701894,0,Surplus,Healthy,0.1640195479535736,Low Saving
23302.0,7955.0,2533,5897,4179,2028,6263.0,28855.0,-5553.0,27.568878877144343,7.68669977673486,22.7434724203955,14.482758620689657,7.028244671634032,21.705077109686364,1.2234393284571572,5,Deficit,Unhealthy,0.26877521242811775,Healthy Saving
30161.0,4463.0,2469,3523,4134,2779,3191.0,20559.0,9602.0,21.70825429252396,12.00933897563111,17.136047473126126,20.107981905734714,13.517194416070822,15.521182936913275,0.681641855376148,0,Surplus,Healthy,0.10579887934750173,Low Saving
29420.0,12878.625,1968,6501,3094,2004,3368.0,29813.625,-393.625,44.75629660447403,6.298204627644253,20.805197298940698,9.901750568054531,7.68221184475491,10.778634748935897,1.0111318012960973,3,Deficit,Unhealthy,0.11447994561522773,Low Saving
39489.0,11491.0,1372,7519,2364,1654,6299.0,30699.0,8790.0,37.431186683605326,4.469200951171048,22.7434724203955,7.700576566011922,5.387797648131861,20.51858366722043,0.7912467118920274,0,Surplus,Healthy,0.1595127757096913,Low Saving
29430.0,9445.0,1999,6116,3481,1957,1585.0,24583.0,4847.0,39.21690749045009,6.22820129546587,25.39445274871284,14.453579139677794,8.125726623484471,6.581132702208935,0.8353041114509004,1,Surplus,Healthy,0.05385660890248046,Low Saving
35426.0,6493.0,2136,4968,2946,2004,3831.0,22378.0,13048.0,29.06966332378224,9.563037249283669,22.24212034383954,13.189469914040114,8.784025787965616,17.151683381088827,0.6316829447298594,0,Surplus,Healthy,0.10814091345339581,Low Saving
30192.0,7772.0,2171,5486,2943,2040,10205.5,30617.5,-425.5,24.67849998412345,6.893595402152859,17.419744070110816,11.489829961092749,6.47762994951259,35.18559679928873,0.9927986373436266,4,Deficit,Unhealthy,0.33802000529941706,Healthy Saving
27581.0,6913.0,1450,7769,3447,3262,3063.0,25904.0,1677.0,26.686998147004324,5.5975911056207535,29.99150710315009,13.306825200741198,12.59264978381717,11.82442865966646,0.9391972734853705,0,Surplus,Healthy,0.11105471157681013,Low Saving
28766.0,10527.0,2022,6909,3167,2185,7295.0,32105.0,-3339.0,32.78928515807507,7.68669977673486,21.52001245911852,9.864507086123655,6.805793490110575,22.722317396044232,1.1007888098707719,4,Deficit,Unhealthy,0.2535979976360982,Healthy Saving
29157.0,8525.0,2315,6640,2407,982,3828.0,24697.0,4460.0,34.518362554156376,9.373608130542172,26.885856581771066,9.74612301089201,3.9761914402559015,15.499858282382476,0.8470350173200261,0,Surplus,Healthy,0.1312892272867579,Low Saving
33018.0,6431.0,1424,5969,2837,1728,6018.0,24407.0,8611.0,25.93772686940389,5.743324997983383,25.635234330886504,11.442284423650884,7.68221184475491,24.27200129063484,0.733971231326326,0,Surplus,Healthy,0.1822642195166273,Low Saving
36873.0,7058.0,2552,5338,3330,2004,6308.0,26590.0,10283.0,27.54986533432218,9.96135680549592,20.83609820836098,12.9981654240993,4.032163628556931,24.622350599164683,0.7211238575651561,1,Surplus,Healthy,0.1710736853524259,Low Saving
31798.0,8086.0,1811,5799,3255,1835,7257.0,28043.0,3755.0,33.91503029901652,5.996887314149475,19.20262260339746,10.778502599423822,6.076360144375641,24.03059703963708,0.8819108120007547,0,Surplus,Healthy,0.22822190074847476,Healthy Saving
35935.0,11200.0,2628,5922,3131,1006,4599.0,28486.0,7449.0,39.31755950291371,9.225584497647969,20.789159587165624,10.991364178894896,3.5315593624938564,16.14477287088394,0.7927090580214275,0,Surplus,Healthy,0.1279810769444831,Low Saving
25176.0,11056.0,1733,6549,3466,1564,8977.0,33345.0,-8169.0,33.156395261658425,5.197180986654671,22.7434724203955,10.394361973309342,4.690358374568901,26.921577447893235,1.2846097983742033,5,Deficit,Unhealthy,0.3565697489672704,Healthy Saving
27926.0,9514.0,1486,7508,2819,1239,3821.0,26387.0,1539.0,36.05563345586842,5.631560995944973,28.453405085837723,10.683291014514722,4.695493993254254,14.480615454579906,0.9448900666045978,0,Surplus,Healthy,0.13682589701353579,Low Saving
26378.0,7494.0,1770,7118,3089,2192,5468.0,27131.0,-753.0,30.91315275062832,6.523902546902067,26.235671372231028,11.385499981570897,8.079318860344257,20.154067303085032,0.9957696351209447,4,Deficit,Unhealthy,0.20729395708545,Healthy Saving
31572.0,3299.625,1952,4580,1312,2000,5162.0,18305.625,13266.375,8.997032640949556,11.584569732937686,27.18100890207716,7.786350148367953,11.869436201780417,32.58160237388724,0.5798056822500949,1,Surplus,Healthy,0.16349930318003295,Low Saving
28205.0,8594.0,1805,6223,2775,2151,2756.0,24304.0,3901.0,35.36043449637919,7.426761026991442,25.60483870967742,11.417873601053325,8.85039499670836,20.143709574077935,0.7919663718823463,0,Surplus,Healthy,0.09771317142350647,Low Saving
33648.0,7996.0,1891,6736,2990,1947,4428.0,25988.0,7660.0,30.31199059858221,7.168581068274007,22.7434724203955,11.489829961092749,7.380871147503696,20.143709574077935,0.7782759485652031,0,Surplus,Healthy,0.13159771754636235,Low Saving
25344.0,8279.0,2166,5969,2804,1302,5323.0,25843.0,-499.0,31.25094368111128,8.176053148120186,24.981126377774423,10.58432734410388,4.91469122754039,20.09285822134984,1.0196890782828285,4,Deficit,Unhealthy,0.21002998737373738,Healthy Saving
30215.0,8107.0,1914,5370,2990,2256,4135.0,24772.0,5443.0,30.91315275062832,7.796969203193743,21.875509206452666,11.267720384552712,9.190158057682908,16.844549454130682,0.8375461669999185,0,Surplus,Healthy,0.1368525566771471,Low Saving
33434.0,5347.0,1966,8914,2479,2961,9881.0,31548.0,1886.0,16.94877646760492,7.68669977673486,28.255356916444786,7.857867376695829,9.385697984024343,31.320527450234565,0.9300586916640541,0,Surplus,Healthy,0.2955374768200036,Healthy Saving
19673.0,9114.0,1145,4722,3501,2004,3322.0,23808.0,-4135.0,37.9623458847051,7.68669977673486,19.66844385204932,14.582639120293235,9.180273242252582,13.837054315228256,1.1758807445114157,4,Deficit,Unhealthy,0.16886087531134042,Low Saving
40608.0,9264.0,2195,4916,3274,1787,7358.0,28794.0,11814.0,32.17336945196916,7.623115926929222,17.073001319719385,11.370424393970966,6.206154059873585,25.55393484753768,0.7090721040189125,0,Surplus,Healthy,0.18119582348305752,Low Saving
28584.0,8086.0,1955,6233,3412,1285,5162.0,26133.0,2451.0,32.33313766789821,6.75045751182625,21.52204689064604,11.489829961092749,4.437001484755361,23.17599530402956,0.9169258535576545,4,Surplus,Healthy,0.1805905401623286,Low Saving
19874.0,9893.0,2805,8116,2136,1545,4972.0,29467.0,-9593.0,33.57314962500424,9.51912308684291,27.54267485661927,7.248786778430108,5.243153357993688,16.873112295109784,1.4826909530039247,5,Deficit,Unhealthy,0.25017610948978564,Healthy Saving
30790.0,9208.0,1530,5163,2919,2004,3269.0,24093.0,6697.0,37.86962780176846,6.292412091301666,21.23380629241209,12.004935225169648,9.154842689697718,13.44437589965042,0.7824943163364729,0,Surplus,Healthy,0.10617083468658656,Low Saving
30167.0,7179.0,1095,5734,2859,2536,3463.0,22866.0,7301.0,31.395959065861977,4.788769351876148,25.076532843523136,12.503279979008134,11.090702352838274,15.144756406892329,0.7579805748002784,0,Surplus,Healthy,0.11479431166506447,Low Saving
30161.0,7858.0,2309,7077,2990,2130,3964.0,26328.0,3833.0,29.99580104592129,8.813986334313089,27.014543650036263,10.91346337366874,8.130701988777341,15.131503607283276,0.8729153542654421,0,Surplus,Healthy,0.13142800305029675,Low Saving
34955.0,12878.625,2173,5982,2691,2399,1428.0,27551.625,7403.375,35.79960621308248,9.507766353095604,26.173703784729817,11.489829961092749,10.496609057099104,6.248085758039816,0.7904507221160073,1,Surplus,Healthy,0.04085252467458161,Low Saving
33737.0,8215.0,1495,5665,2990,2353,2993.0,23711.0,10026.0,34.88767146557948,6.349004119420733,24.05826644583174,12.001528857179258,7.68221184475491,20.143709574077935,0.668571983703327,0,Surplus,Healthy,0.08871565343687939,Low Saving
31489.0,9996.0,1235,6565,3424,2253,2035.0,25508.0,5981.0,39.18770581778266,4.841618315822487,25.73702367884585,13.423239767915948,8.832523129998432,7.977889289634625,0.8100606561021308,0,Surplus,Healthy,0.06462574232271587,Low Saving
32250.0,9287.0,2768,6272,2043,1670,7691.0,29731.0,2519.0,31.2367562476876,7.68669977673486,21.0958259056204,6.871615485520165,5.617032726783492,25.86862197706098,0.937104882217506,1,Surplus,Healthy,0.23848062015503876,Healthy Saving
29478.0,12154.0,2707,7030,3888,2086,5162.0,33027.0,-3549.0,35.64118354300461,7.938183630978564,20.615231224890763,11.401425178147267,6.117122665024486,18.28685375795431,1.1203948707510687,5,Deficit,Unhealthy,0.17511364407354638,Low Saving
38877.0,12412.0,756,5969,3241,1575,6571.0,30524.0,8353.0,38.97506751240344,2.373924511712617,22.89455504615964,10.177102304842052,4.945676066067952,20.63367455881429,0.7851428865395993,0,Surplus,Healthy,0.1690202433315328,Low Saving
22604.0,8159.0,1770,6307,2978,2008,6177.0,27399.0,-4795.0,29.778459067849187,6.460089784298698,23.01908828789372,10.869009817876565,7.68221184475491,20.143709574077935,1.2374668846787749,5,Deficit,Unhealthy,0.27327021766059106,Healthy Saving
30698.0,3299.625,1999,6291,3453,2165,5333.0,22540.625,8157.375,1.5980392156862744,13.882352941176473,30.83823529411765,16.926470588235293,10.612745098039216,26.142156862745097,0.7342701478923709,1,Surplus,Healthy,0.1737246726171086,Low Saving
30325.0,10473.0,1999,5969,2274,2839,7921.0,31475.0,-1150.0,33.26662854964742,5.59367257480465,19.73826313448955,7.223175147703449,9.01785147068166,25.160409122673272,1.0379225061830173,4,Deficit,Unhealthy,0.2612036273701566,Healthy Saving
34066.0,6919.0,1754,5969,2990,1345,3778.0,22755.0,11311.0,30.14552108748693,7.642035552457302,28.27204600906239,11.619902405019172,5.860055768560474,16.460439177413733,0.6679680619972994,0,Surplus,Healthy,0.11090236599542065,Low Saving
25780.0,6397.0,1858,6055,2939,2240,5213.0,24702.0,1078.0,25.89668852724476,7.521658165330742,24.512185248158044,11.489829961092749,9.068091652497772,21.10355436806736,0.9621099717177269,0,Surplus,Healthy,0.202211016291699,Healthy Saving
21281.0,7203.0,1439,5999,2990,2740,6494.0,26865.0,-5584.0,26.138549188953803,5.221903690532352,22.7434724203955,13.361396378415646,9.943027180026853,23.565700185070945,1.250215967832264,5,Deficit,Unhealthy,0.30515483294957946,Healthy Saving
30784.0,7106.0,1147,7196,2976,2379,2357.0,23161.0,7623.0,30.680885972108285,4.952290488320885,31.069470230128232,12.849186131859591,10.271577220327272,10.17658995725573,0.7523713617463618,0,Surplus,Healthy,0.07656574844074844,Low Saving
31406.0,9224.0,2526,7516,3225,2416,10205.5,35112.5,-3706.5,25.55124653739612,6.997229916897507,20.81994459833795,8.933518005540165,6.692520775623269,31.005540166204987,1.1180188499012929,5,Deficit,Unhealthy,0.32495383047825255,Healthy Saving
37447.0,4881.0,1999,4492,2705,2293,5057.0,21427.0,16020.0,23.80278942748464,5.25699795181898,21.90578367307129,13.19126109431386,11.182093045937776,24.661074807373453,0.5721953694554971,1,Surplus,Healthy,0.13504419579672605,Low Saving
23648.0,5844.0,2123,6010,3243,2649,5283.0,25152.0,-1504.0,30.91315275062832,8.440680661577609,23.894720101781168,12.893606870229007,10.531965648854962,21.004293893129773,0.9877554476161204,4,Deficit,Unhealthy,0.22340155615696888,Healthy Saving
35773.0,8686.0,2443,5311,3838,1456,7513.0,29247.0,6526.0,29.69877252367764,8.352993469415667,18.159127431873355,13.122713440694772,4.978288371456902,25.688104762881665,0.8175719117770386,0,Surplus,Healthy,0.2100187292091801,Healthy Saving
41837.0,9245.0,1274,5689,3497,2004,6829.0,28538.0,13299.0,33.20642218311124,4.575985058007974,22.7434724203955,12.56061204698107,4.694515283215401,24.528572967925,0.6667249337609212,1,Surplus,Healthy,0.1632287209885986,Low Saving
28111.0,9283.0,1537,6402,2990,1996,5076.0,27284.0,827.0,30.91315275062832,5.639746083000037,23.4909918174146,10.85752027299747,7.323964334201739,18.625472425054124,1.0021398207693706,1,Surplus,At Risk,0.18056988367542956,Low Saving
23545.0,6425.0,2606,6669,3337,919,5260.0,25216.0,-1671.0,25.479854060913706,10.334708121827411,26.44749365482233,13.23366116751269,3.644511421319797,20.85977157360406,1.070970482055638,5,Deficit,Unhealthy,0.2234019961775324,Healthy Saving
27965.0,6043.0,2266,5887,3288,2615,1991.0,22090.0,5875.0,27.356269805341785,10.258035310095066,22.7434724203955,14.884563150746944,11.83793571751924,9.013128112267994,0.8220293269472172,0,Surplus,Healthy,0.07119613802967996,Low Saving
30070.0,6986.0,1691,4086,3253,2610,3887.0,22513.0,7557.0,31.030959889841427,7.511215742015724,18.14951361435615,11.489829961092749,11.593301647936748,17.2655798871763,0.771520307702576,0,Surplus,Healthy,0.12926504822081808,Low Saving
32818.0,8479.0,2601,5034,3555,1783,6034.0,27486.0,5332.0,30.848431928982027,9.462999345121151,18.314778432656624,12.933857236411264,6.486938805209926,21.952994251619007,0.8375281857517216,0,Surplus,Healthy,0.1838625144737644,Low Saving
27043.0,10970.0,2603,6896,3552,1814,5887.0,31722.0,-4679.0,34.58167833049618,8.205661685896223,22.7434724203955,11.197276338188008,5.718428850639935,18.558098480549777,1.1613535994304462,5,Deficit,Unhealthy,0.2176903450061014,Healthy Saving
37775.0,3905.0,2134,3259,2936,1963,7442.0,21639.0,16136.0,18.046120430703823,9.8618235593142,15.060769906187902,11.489829961092749,7.68221184475491,34.39160774527474,0.5934167142442187,0,Surplus,Healthy,0.19700860357379218,Low Saving
24427.0,7558.0,1549,7187,3320,2026,4758.0,26398.0,-1971.0,28.63095689067353,5.867868777937722,27.225547389953785,12.576710356845217,7.674823850291689,18.02409273429805,1.0806894010725836,5,Deficit,Unhealthy,0.19478445981905268,Low Saving
21303.0,8086.0,1793,6521,2808,2063,5162.0,26433.0,-5130.0,25.713459313536447,8.643463170073275,31.435595834940223,11.489829961092749,9.945044350173545,10.725993058233705,1.2667363610179505,2,Deficit,Unhealthy,0.24231328920809275,Healthy Saving
35533.0,4695.0,2143,7316,2538,2279,7113.0,26084.0,9449.0,17.999539947860757,8.215764453304708,28.047845422481217,9.730102744977764,8.737156877779482,20.143709574077935,0.7904012318911853,0,Surplus,Healthy,0.20018011425998367,Healthy Saving
18626.0,9933.0,1905,5969,2865,1913,7872.0,30457.0,-11831.0,32.79408366073492,6.289411997754961,19.152167453530986,9.45887946119053,6.315824226616924,25.98963320017168,1.6351873724900676,5,Deficit,Unhealthy,0.42263502630731237,Healthy Saving
28979.0,9089.0,2469,3938,2961,2471,6796.0,27724.0,1255.0,30.91315275062832,8.905641321598615,14.204299523878229,10.680277016303563,8.912855287837253,24.51305727889193,0.9749309752748161,1,Surplus,Healthy,0.2345146485385969,Healthy Saving
43220.375,8898.0,1235,5969,2169,2222,4672.0,25165.0,18055.375,34.7225474127839,4.819324123936627,25.0917037383907,11.489829961092749,8.670881136345898,18.23148364941856,0.5651484422553472,0,Surplus,Healthy,0.1080971648209901,Low Saving
29939.0,9842.0,1252,7274,3430,1696,7088.0,30582.0,-643.0,32.182329474854484,4.093911451180433,23.78523314367929,11.215747825518278,5.545745863579884,23.177032241187625,1.0214770032399212,5,Deficit,Unhealthy,0.2367480543772337,Healthy Saving
24396.0,7040.0,2090,6924,1616,2667,10205.5,30542.5,-6146.5,21.86742871342486,6.491892899298006,21.50711312666957,5.019568863763435,7.68221184475491,20.143709574077935,1.5136233864290016,5,Deficit,Unhealthy,0.41832677488112807,Healthy Saving
29713.0,7134.0,1754,5337,4357,1320,5230.0,25132.0,4581.0,30.91315275062832,6.9791500875378,21.235874582205952,17.33646347286328,5.252268024828903,20.81012255292058,0.8249776157593428,0,Surplus,Healthy,0.17601723151482515,Low Saving
30161.0,8086.0,1686,5969,2990,1953,2376.0,23060.0,7101.0,43.83459712281199,5.974062787895967,21.56473673021048,13.287506200836226,6.920133229395507,8.418963928849834,0.7645635091674677,0,Surplus,Healthy,0.07877722887172176,Low Saving
30803.0,7506.0,1115,5467,2990,2004,3827.0,22909.0,7894.0,30.91315275062832,4.792194954227017,22.7434724203955,11.489829961092749,10.671766880130658,16.448188421369323,0.7662651420317332,0,Surplus,Healthy,0.12424114534298607,Low Saving
33311.0,8086.0,2009,5180,3004,1638,6250.0,26167.0,7144.0,34.37261805379115,7.291931327356539,18.80149540851512,10.90341548401147,5.945337737287213,22.68520198903851,0.7855363093272493,0,Surplus,Healthy,0.18762570922518088,Low Saving
24804.0,8012.0,1973,6955,3151,2154,1790.0,24035.0,769.0,33.334720199708755,8.208862076138965,22.7434724203955,13.110047846889952,8.961930517994592,7.447472436030789,1.032974132063175,1,Surplus,At Risk,0.07216577971294952,Low Saving
38437.0,4303.0,2326,4802,2705,2271,5338.0,21745.0,16692.0,19.788457116578524,10.696711887790295,22.08323752586801,11.489829961092749,7.68221184475491,24.548171993561738,0.5875366522031272,0,Surplus,Healthy,0.13887660327288812,Low Saving
31225.0,3910.0,2034,5106,3096,1569,5760.0,21475.0,9750.0,18.207217694994178,9.471478463329452,23.77648428405122,14.41676367869616,7.306169965075669,26.821885913853315,0.6877502001601281,0,Surplus,Healthy,0.1844675740592474,Low Saving
33633.0,6842.0,1933,4895,2928,1963,8070.0,26631.0,7002.0,25.69186286658406,7.258458187826218,22.7434724203955,10.99470541849724,7.371108858097705,30.303030303030305,0.7587117653932983,0,Surplus,Healthy,0.23994291321023994,Healthy Saving
26859.0,8086.0,2588,5969,2952,1921,7620.0,29136.0,-2277.0,34.044845464951855,8.713217965120194,15.180795905999595,9.938724665005722,6.467577940879401,25.65483805804323,1.0847760527197587,4,Deficit,Unhealthy,0.28370378644029937,Healthy Saving
36431.0,9576.0,1343,6146,3090,1724,5162.0,27041.0,9390.0,33.47315436241611,4.694491051454139,21.48350111856823,10.801174496644297,6.026286353467562,23.521392617449667,0.742252477285828,0,Surplus,Healthy,0.14169251461667262,Low Saving
30161.0,9828.0,2268,7161,2343,2004,674.0,24278.0,5883.0,38.65638766519824,7.68669977673486,28.16629955947136,9.215701699181876,12.389867841409693,2.651038388923852,0.8150039759605906,0,Surplus,Healthy,0.02234673916647326,Low Saving
31387.0,6025.0,1164,5815,3019,2004,5162.0,23189.0,8198.0,24.608912306498382,4.754319323612302,23.7511742841972,12.3310051872728,7.68221184475491,27.945921659927297,0.7309618594601682,0,Surplus,Healthy,0.16446299423328128,Low Saving
25334.0,8086.0,1580,4494,3081,2502,6411.0,26154.0,-820.0,38.33236629236493,5.392675517935766,15.338407454179324,11.489829961092749,8.539540598655245,21.88129287689,1.0224081615158993,4,Deficit,Unhealthy,0.25305913002289415,Healthy Saving
25015.0,6070.0,1393,6839,3064,1803,5511.0,24680.0,335.0,24.594813614262563,5.644246353322528,27.710696920583462,12.414910858995135,7.30551053484603,22.329821717990274,0.9866080351788926,0,Surplus,At Risk,0.2203078153108135,Healthy Saving
33441.0,8425.0,2390,7685,2892,1456,1539.0,24387.0,9054.0,34.54709476360356,9.800303440357569,22.7434724203955,11.85877721736991,7.68221184475491,6.310739328330668,0.7846289168469839,1,Surplus,Healthy,0.04602135103615323,Low Saving
27781.0,7979.0,1967,5353,3568,2051,3446.0,24364.0,3417.0,32.74913807256608,8.073386964373666,21.97094073222788,14.644557543917257,8.418157937941224,14.143818748973896,0.8770022677369425,0,Surplus,Healthy,0.12404161117310392,Low Saving
25730.0,7652.0,1993,5521,2823,2324,2666.0,22979.0,2751.0,33.29996953740372,8.673136341877367,24.026284868793248,11.489829961092749,10.113581966143,11.601897384568518,0.9002416265580836,0,Surplus,Healthy,0.10361445783132531,Low Saving
26784.0,10677.0,1446,6515,3113,2460,969.0,25180.0,1604.0,42.40270055599682,5.742652899126291,25.87370929308976,11.489829961092749,9.76965845909452,3.848292295472597,0.9483944688907607,1,Surplus,Healthy,0.03617831541218638,Low Saving
33494.0,6589.0,1850,5969,3648,2781,5162.0,25999.0,7495.0,23.974820798311683,6.731433977367828,27.729869373794703,13.273660080777208,10.118982643816176,18.1712331259324,0.7762285782528214,0,Surplus,Healthy,0.15411715531139905,Low Saving
26854.0,5300.0,1618,5480,2960,3472,3404.0,22234.0,4620.0,23.837366195916164,7.277143114149501,24.64693712332464,13.312944139606008,15.615723666456775,15.30988576054691,0.827958590898935,0,Surplus,Healthy,0.1267595144112609,Low Saving
29411.0,8039.0,2191,4667,3107,2125,10205.5,30334.5,-923.5,26.46235886632213,7.212218967049607,15.362585996905755,10.227459758385727,6.994963626189144,33.74041278514763,1.0313998163952265,5,Deficit,Unhealthy,0.3469960218965693,Healthy Saving
30075.0,7200.0,1504,5969,2990,1668,4662.0,23993.0,6082.0,29.2492687682808,6.109847253818654,26.9377640558986,11.988137796555083,7.68221184475491,18.93890152746181,0.7906082873452879,0,Surplus,Healthy,0.15501246882793018,Low Saving
20413.0,12878.625,2664,6799,3618,2004,7587.0,35550.625,-15137.625,39.18933276668084,7.076073098172546,18.05939226519337,9.610072248193797,5.912664683382916,20.15246493837654,1.741567873414001,5,Deficit,Unhealthy,0.3716749130456082,Healthy Saving
22644.0,8086.0,1999,6006,2871,1866,1861.0,22689.0,-45.0,40.45590207188892,5.026168951944288,25.978632293784333,12.418357195380423,8.07128336000692,8.049656126995112,1.0019872813990462,4,Deficit,Unhealthy,0.08218512630277336,Low Saving
31681.0,7181.0,1596,5441,3641,2462,3939.0,24260.0,7421.0,29.600164880461666,6.578730420445177,22.427864798021435,15.008244023083265,10.148392415498764,16.236603462489697,0.7657586566080616,0,Surplus,Healthy,0.12433319655313911,Low Saving
26314.0,5887.0,2838,6994,2948,2004,5193.0,25864.0,450.0,30.91315275062832,11.256990995993812,27.741858712466783,11.69330847645869,5.358771964618619,20.59815160049185,0.913795480062206,1,Surplus,At Risk,0.19734741962453448,Low Saving
35283.0,4239.0,1782,6528,2570,3184,10205.5,28508.5,6774.5,30.91315275062832,8.293772689192963,30.382574699804525,11.96127711067672,14.818951875639952,14.814297682211672,0.7267189137369094,0,Surplus,Healthy,0.28924694612136154,Healthy Saving
34834.0,5949.0,1342,5231,3339,2428,4155.0,22444.0,12390.0,26.505970415255742,5.97932632329353,23.30689716628052,14.87702726786669,10.818036000712883,20.143709574077935,0.63397313645823,0,Surplus,Healthy,0.11928001377964058,Low Saving
33595.0,8229.0,2109,6049,2847,1157,4564.0,24955.0,8640.0,32.97535564015227,8.45121218192747,24.23963133640553,11.40853536365458,4.636345421759167,18.28892005610098,0.742818871855931,0,Surplus,Healthy,0.1358535496353624,Low Saving
39098.0,10854.0,1762,4648,3310,1645,4532.0,26751.0,12347.0,40.57418414264888,6.586669657209077,17.375051399947665,12.37336921984225,6.149302829800756,16.941422750551382,0.6842037955905672,0,Surplus,Healthy,0.11591385748631644,Low Saving
29584.0,8086.0,1582,6685,1635,2408,5162.0,25558.0,4026.0,32.76397018840163,5.060294917314398,21.383104628474555,5.22982439305249,7.702395803345809,27.860410069411124,0.8639129259058951,4,Surplus,Healthy,0.1744862087614927,Low Saving
33244.0,8458.0,1452,5737,3002,2588,5756.0,26993.0,6251.0,30.91315275062832,5.379172378023933,21.25365835587004,11.121401844922758,9.587670877634942,21.3240469751417,0.8153980535246057,0,Surplus,Healthy,0.17314402598965226,Low Saving
27077.0,7353.0,3384,5564,2770,1363,5959.0,26393.0,684.0,27.85965975826924,12.821581479937864,21.08134732694275,10.495207062478688,5.164248096086084,22.57795627628538,0.9747387081286701,0,Surplus,At Risk,0.22007607932932008,Healthy Saving
42261.0,8537.0,1874,5967,2990,2356,6079.0,27803.0,14458.0,31.29284117151131,6.869249660936183,21.872365382500643,9.046589201275614,8.636047065723398,22.28290751805286,0.657887887177303,0,Surplus,Healthy,0.1438442062421618,Low Saving
39918.0,6962.0,1037,6040,2990,1026,6225.0,24280.0,15638.0,28.992628992629,4.318494149002623,25.153042102194647,11.33969100070795,4.272685628617832,25.92345812684796,0.6082469061576231,0,Surplus,Healthy,0.15594468660754546,Low Saving
30059.0,11436.0,2746,6894,2713,2004,4834.0,30627.0,-568.0,37.39943750408791,8.980312643076722,22.545621034730853,8.872391915756426,6.393485512459939,15.808751389888156,1.0188961708639674,5,Deficit,Unhealthy,0.16081705978242788,Low Saving
31932.0,7621.0,2305,6591,2976,2556,4358.0,26407.0,5525.0,28.85977203014352,8.728746165789374,24.9592910970576,11.2697390843337,9.679251713560795,16.503199909115008,0.8269760741575849,0,Surplus,Healthy,0.1364775147187774,Low Saving
36796.0,7827.0,1616,5843,2316,1724,5333.0,24659.0,12137.0,31.74094651040188,6.553388215256094,23.69520256295876,9.392108358003163,6.99136218013707,21.626992173243035,0.6701543646048483,0,Surplus,Healthy,0.14493423198173713,Low Saving
29264.0,3568.0,1533,6763,3158,1246,10205.5,26473.5,2790.5,15.13082566473008,6.500996565031169,28.67986938637038,13.392137738009414,5.283915016326704,31.01225562953225,0.9046439311098963,0,Surplus,Healthy,0.3487390650628759,Healthy Saving
26716.0,7609.0,1999,6400,3683,2073,7252.0,29016.0,-2300.0,25.922392941096312,7.958300684768167,21.803563519912785,12.547269444349812,7.06231049637175,24.70616291350117,1.0860907321455309,4,Deficit,Unhealthy,0.27144782153016916,Healthy Saving
34369.0,9672.0,1876,5573,3140,1697,4519.0,26477.0,7892.0,36.5298183328927,7.08539487102013,21.04845715148997,11.85934962420214,6.409336405181857,17.067643615213203,0.7703744653612267,0,Surplus,Healthy,0.13148476825045827,Low Saving
30392.0,5864.0,1037,5875,3404,2004,6535.0,24719.0,5673.0,23.428822565823644,4.143193895081705,23.472771584961443,13.600223740461065,9.245275480442688,26.109712733229458,0.813339036588576,0,Surplus,Healthy,0.21502369044485392,Healthy Saving
30914.0,6498.0,2893,5851,3547,2004,4610.0,25403.0,5511.0,26.0378265747716,11.59240262862638,23.445263664048728,14.213014906234974,6.238980605866325,18.472511620452,0.8217312544478229,1,Surplus,Healthy,0.1491233745228699,Low Saving
25828.0,9585.0,1783,6505,3618,1613,5067.0,28171.0,-2343.0,34.02435128323453,6.329203791132724,23.09112207589365,12.842994568882894,5.72574633488339,17.98658194597281,1.0907155025553663,5,Deficit,Unhealthy,0.1961824376645501,Low Saving
21411.0,5046.0,2747,5632,3935,989,4052.0,22401.0,-990.0,22.52578009910272,12.262845408687111,25.14173474398465,17.566180081246372,4.414981474041337,18.088478192937814,1.046237915090374,5,Deficit,Unhealthy,0.18924851711736956,Low Saving
30161.0,10115.0,2639,5609,2750,2084,4636.0,27833.0,2328.0,36.34175259583947,9.48155067725362,20.15233715373837,11.489829961092749,7.487514820536773,16.65648690403478,0.9081970520186552,0,Surplus,Healthy,0.15370843141805643,Low Saving
34524.0,6935.0,1499,7968,2640,1919,7682.0,28643.0,5881.0,24.21184931745976,5.233390357155326,22.7434724203955,9.21691163635094,6.699717208392976,26.819816360018155,0.8740093317089415,1,Surplus,Healthy,0.22251187579654733,Healthy Saving
28870.0,7222.0,2516,6939,3391,1405,5184.0,26657.0,2213.0,27.092320966350304,9.438421427767564,26.03068612371985,12.72086131222568,5.270660614472746,19.447049555463856,0.9233460339452719,0,Surplus,Healthy,0.17956356078974714,Low Saving
37182.0,5752.0,1674,5239,3354,2096,5270.0,23385.0,13797.0,24.596963865725893,7.158434894162926,22.40324994654693,11.489829961092749,8.963010476801369,22.5358135556981,0.6474017675932235,0,Surplus,Healthy,0.14173524823839492,Low Saving
30161.0,8756.0,1066,6570,3387,2513,2105.0,24397.0,5764.0,35.889658564577616,4.369389679058901,26.92954051727672,13.882854449317538,10.30044677624298,8.628110013526253,0.8088922781074898,0,Surplus,Healthy,0.06979211564603295,Low Saving
24726.0,12878.625,1787,6118,3944,1892,5162.0,31781.625,-7055.625,41.61914886762669,5.756902161657163,19.70941657807416,11.489829961092749,6.095164459907864,14.113591701298285,1.3011740402069882,5,Deficit,Unhealthy,0.20876809835800372,Healthy Saving
30161.0,9562.0,2198,6391,3005,2134,4517.0,27807.0,2354.0,34.38702484985795,7.904484482324594,22.98342144064444,10.806631423742225,7.674326608407956,16.244111195022835,0.9219521899141274,0,Surplus,Healthy,0.149762938894599,Low Saving
29587.0,6271.0,1768,6137,3213,2136,3341.0,22866.0,6721.0,27.42499781334733,7.732003848508703,26.838974897227324,14.051430070847545,9.341380215166623,14.611213154902474,0.7728394227194377,0,Surplus,Healthy,0.11292121539865481,Low Saving
33849.0,10271.0,1846,7189,2509,1397,5043.0,28255.0,5594.0,36.35108830295523,6.533356927977349,25.443284374447,8.879844275349495,4.944257653512653,17.848168465758274,0.8347366244202192,0,Surplus,Healthy,0.14898519897190463,Low Saving
26125.0,7366.0,2571,6345,4067,3028,4141.0,27518.0,-1393.0,26.76793371611309,9.342975506940912,23.05763500254379,14.779417108801512,11.00370666472854,15.048332000872156,1.0533205741626794,5,Deficit,Unhealthy,0.15850717703349282,Low Saving
36840.0,10748.0,2053,5937,2831,1764,5159.0,28492.0,8348.0,37.72286957742524,7.68669977673486,20.837428049978943,11.489829961092749,6.191211568159483,18.10683700687912,0.7579746364036088,0,Surplus,Healthy,0.14003800217155266,Low Saving
39834.0,9613.0,1578,7042,2845,2328,5243.0,28649.0,11185.0,33.554399804530696,5.508045656043841,22.7434724203955,9.9305385877343,8.12593807811791,18.30081329191246,0.7326672957967578,0,Surplus,Healthy,0.1316212280966009,Low Saving
29804.0,3299.625,2351,6233,2826,2384,10205.5,27299.125,2504.875,11.123979994735455,12.376941300342196,32.81389839431429,14.877599368254804,12.55067122927086,16.25690971308239,0.9159550731445445,0,Surplus,Healthy,0.3424204804724198,Healthy Saving
36248.0,5991.0,2098,6121,2677,2004,4202.0,23093.0,13155.0,26.02632607845693,9.114210000434424,26.59107693644381,11.629523437160609,8.384378122420609,18.254485425083622,0.6370834252924299,0,Surplus,Healthy,0.11592363716618848,Low Saving
24717.0,9888.0,739,6314,2635,2303,5162.0,27041.0,-2324.0,36.57751636888248,2.733695853216439,22.7434724203955,9.747345836570116,8.51921725298709,19.06558650538231,1.1007739245351027,5,Deficit,Unhealthy,0.20884411538617145,Healthy Saving
35376.0,8086.0,2214,5906,2738,2122,7368.0,28434.0,6942.0,28.97979128128163,7.727478971065582,20.613591148651008,9.556385466475865,7.406373250497365,25.71637988202855,0.8037652645861602,0,Surplus,Healthy,0.20827679782903663,Healthy Saving
35236.0,5952.0,2195,6009,2317,1291,5513.0,23277.0,11959.0,25.57030545173347,9.4299093525798,25.815182368861965,11.489829961092749,5.546247368647163,23.684323581217512,0.6506107255404667,0,Surplus,Healthy,0.15645930298558292,Low Saving
34317.0,6732.0,2010,5969,2607,1833,3676.0,22827.0,11490.0,30.22765030757488,9.025189708589645,24.30515019532127,11.70580575636478,7.68221184475491,20.143709574077935,0.6452442975257338,0,Surplus,Healthy,0.10711892065157211,Low Saving
29922.0,4187.0,2445,5248,3974,1693,5798.0,23345.0,6577.0,17.935318055258083,10.473334761190834,22.480188477189976,17.022917112872136,7.68221184475491,24.836153351895483,0.7768537428095104,0,Surplus,Healthy,0.19377046988837646,Low Saving
30161.0,7823.0,1663,5001,3367,1769,10205.5,29828.5,332.5,27.90141950210429,5.931236179470719,17.83650759683287,12.008702475212212,6.309294528853698,30.01283971752621,0.9889758297138689,0,Surplus,At Risk,0.3383674281356719,Healthy Saving
26791.0,12421.0,2168,4608,3462,1347,6833.0,30839.0,-4048.0,40.27692207918545,7.68669977673486,14.942118745744024,11.22604494309154,4.367845909400434,22.15700898213301,1.1435862672963626,5,Deficit,Unhealthy,0.25504833712814007,Healthy Saving
26870.0,9609.0,1216,5120,3588,2563,6095.0,28191.0,-1321.0,34.08534638714483,4.313433365258415,18.161824695824908,12.72746621262105,9.091554042070165,21.620375297080628,1.0491626349088203,5,Deficit,Unhealthy,0.2268328991440268,Healthy Saving
25108.0,12380.0,2203,5969,3917,2800,6451.0,33720.0,-8612.0,36.87157493447701,6.561234214915415,17.348701453419107,11.66607100309745,8.339289969025494,19.213128425065523,1.3429982475704956,5,Deficit,Unhealthy,0.25693006213159153,Healthy Saving
30161.0,9764.0,2976,6103,2114,2489,7879.0,31325.0,-1164.0,31.16999201915403,9.500399042298485,19.4828411811652,6.748603351955307,7.9457302474062255,20.143709574077935,1.0933560796002701,5,Deficit,Unhealthy,0.261231391532111,Healthy Saving
27905.0,10054.0,1502,5728,2385,2635,7151.0,29455.0,-1550.0,34.133423866915635,5.099304023086063,19.446613478187064,8.097097267017485,8.945849601086403,24.277711763707348,1.055545601146748,5,Deficit,Unhealthy,0.2562623185808995,Healthy Saving
25876.0,11948.0,1999,3644,2598,1827,6133.0,28149.0,-2273.0,43.024846957148,5.83363341735686,13.122074180770616,9.35541951746489,6.579042131796903,22.08498379546273,1.0878420157675066,5,Deficit,Unhealthy,0.23701499458958109,Healthy Saving
24705.0,8754.0,1644,7574,2990,2004,7137.0,30103.0,-5398.0,30.91315275062832,5.562510573507021,25.626797496193536,9.355439012011503,5.687700896633396,24.14819827440365,1.2029347222526794,5,Deficit,Unhealthy,0.28888888888888886,Healthy Saving
26422.0,7625.0,2064,7086,2849,1610,2836.0,24070.0,2352.0,31.678437889489,8.57498961362692,29.43913585375987,11.836310760282508,6.688824262567511,11.7823016202742,0.9109832715161607,0,Surplus,Healthy,0.10733479676027553,Low Saving
30161.0,10065.0,1468,6445,2776,2322,1995.0,25071.0,5090.0,40.14598540145985,5.855370747078298,25.70699214231582,11.072553946791114,9.261696781141556,7.957400981213354,0.8312390172739631,0,Surplus,Healthy,0.06614502171678657,Low Saving
26694.0,10907.0,2210,7907,3109,2113,5314.0,31560.0,-4866.0,34.5595690747782,7.002534854245882,25.05386565272497,9.851077313054498,6.695183776932827,16.837769328263626,1.1822881546414923,5,Deficit,Unhealthy,0.19907095227391924,Low Saving
27425.0,7040.0,2423,5022,3017,1961,5137.0,24600.0,2825.0,28.61788617886179,7.68669977673486,20.414634146341463,12.264227642276422,7.971544715447154,20.88211382113821,0.9168216742145985,1,Surplus,Healthy,0.18731084776663628,Low Saving
27716.0,8086.0,2267,7887,2638,2647,5162.0,28687.0,-971.0,25.305901879800825,8.750530744586406,30.443509476203342,10.182576137723396,7.68221184475491,15.10016597830702,1.0619555935053033,2,Deficit,Unhealthy,0.18624621157454177,Low Saving
31694.0,8277.0,1115,5034,1912,2202,6651.0,25191.0,6503.0,32.856972728355366,7.68669977673486,19.98332737882577,7.590012305982295,8.741217101345718,26.402286530903897,0.7697222915794829,0,Surplus,Healthy,0.20985044487915694,Healthy Saving
32281.0,9662.0,1999,6238,2503,1580,1274.0,23256.0,9025.0,30.91315275062832,10.51191378294182,26.260840279531863,10.537172686705397,6.651511324408521,5.363307232466111,0.7983605494011199,0,Surplus,Healthy,0.03946593971686131,Low Saving
17329.375,9596.0,2468,4726,2725,1659,5162.0,26336.0,-9006.625,38.22498406628426,7.68669977673486,18.825685149776927,10.854843849585723,6.6085086042065,15.654875717017209,1.5530349959961727,5,Deficit,Unhealthy,0.29787571681032926,Healthy Saving
43220.375,5151.0,2415,6014,2876,2340,4030.0,22826.0,20394.375,22.566371681415927,10.580040304915448,22.7434724203955,12.599667046350651,10.25146762463857,17.655305353544204,0.54787414706873,0,Surplus,Healthy,0.09324305955235233,Low Saving
37181.0,11823.0,2186,6386,2435,2520,1727.0,27077.0,10104.0,43.66436458987332,8.07327251911216,23.58459208922702,8.9928721793404,9.306791742068915,6.37810688037818,0.7282482988623221,0,Surplus,Healthy,0.046448454855974826,Low Saving
24749.0,6717.0,2110,5845,2754,2275,5162.0,24863.0,-114.0,24.257854821235103,7.620079451065366,21.1087035030697,9.945828819068256,8.215962441314554,28.85157096424702,1.004606246717039,5,Deficit,Unhealthy,0.20857408380136572,Healthy Saving
25138.0,7469.0,2516,6713,2434,2004,2281.0,23417.0,1721.0,30.65966093345921,10.32798325191905,27.556340051722017,9.991379664217396,12.101309470054597,9.363326628627725,0.9315379107327554,0,Surplus,Healthy,0.0907391200572838,Low Saving
27748.0,6194.0,2961,6099,2937,2817,3823.0,24831.0,2917.0,24.944625669526,11.924610366074663,24.56203938625105,11.827956989247312,11.344690105110548,15.396077483790425,0.8948753063283841,0,Surplus,Healthy,0.1377756955456249,Low Saving
30161.0,12878.625,1523,5969,2463,2220,6815.0,31868.625,-1707.625,42.001630400702325,4.77519282623691,17.172508935850004,7.72245563428858,6.960556844547564,21.367655358374616,1.0566169888266304,5,Deficit,Unhealthy,0.2259540466164915,Healthy Saving
31119.0,8086.0,2539,5433,2990,1580,6292.0,26920.0,4199.0,31.53551648515036,9.43760918856633,20.19477381704643,9.571423261346318,5.872950972010557,20.143709574077935,0.8940701429361371,1,Surplus,Healthy,0.20219158713326263,Healthy Saving
20267.0,6298.0,1956,6810,2345,1345,2783.0,21537.0,-1270.0,29.24269861169151,9.0820448530436,31.620002785903328,11.489829961092749,6.245066629521289,12.921948275061524,1.056308783234692,5,Deficit,Unhealthy,0.1373168204470321,Low Saving
24410.0,9727.0,1999,5346,2923,1806,6364.0,28165.0,-3755.0,34.614426532863604,6.885875947475179,19.024234013024447,10.401765061741576,6.426817550976834,22.646880893918368,1.1538303973781237,5,Deficit,Unhealthy,0.2607128226136829,Healthy Saving
37695.0,9538.0,1231,6915,2566,2376,5579.0,28205.0,9490.0,33.816699166814395,4.364474383974472,24.51692962240737,9.097677716716897,8.424038291083141,19.780180819003725,0.7482424724764558,0,Surplus,Healthy,0.1480037140204271,Low Saving
25358.0,7624.0,1857,7222,3453,2913,9666.0,32735.0,-7377.0,23.29005651443409,5.672827249121736,22.062013135787385,10.54834275240568,8.898732243775775,29.528028104475336,1.2909141099455792,5,Deficit,Unhealthy,0.38118148118936823,Healthy Saving
36217.0,9681.0,1501,4331,3202,2208,5162.0,26085.0,10132.0,36.21773288439955,5.6154133931911705,16.202768424990648,11.979049756827534,8.260381593714927,21.724653946876167,0.7202418753623989,0,Surplus,Healthy,0.14252975122180192,Low Saving
31776.0,6349.0,1768,7132,2965,2584,4717.0,25515.0,6261.0,24.88340192043896,6.92925729962767,27.95218498922203,11.620615324319028,10.127376053301978,18.48716441309034,0.8029645015105741,0,Surplus,Healthy,0.14844536757301108,Low Saving
20953.0,7014.0,1450,8060,2601,1877,3286.0,24288.0,-3335.0,28.87845849802372,7.68669977673486,33.18511198945981,10.70899209486166,7.728096179183136,20.143709574077935,1.070021529483021,4,Deficit,Unhealthy,0.15682718465136258,Low Saving
33176.0,3979.0,1775,6252,3190,2311,3511.0,21018.0,12158.0,30.91315275062832,8.445142259016082,29.7459320582358,15.177466933104958,10.9953373299077,16.70472927966505,0.5657441527856072,0,Surplus,Healthy,0.10582951531227393,Low Saving
29411.0,5352.0,1796,6599,3345,2004,3348.0,22444.0,6967.0,23.42129447288959,7.859612270797776,28.878386066255302,14.638309045555994,10.550960570653364,14.651437573847971,0.7631158410118664,0,Surplus,Healthy,0.11383495970895244,Low Saving
27722.0,11615.0,2048,7037,3071,1010,7742.0,32523.0,-4801.0,35.71318759032069,6.297082065000153,21.63699535713188,9.442548350398178,7.68221184475491,23.804692064077727,1.1218402944587755,4,Deficit,Unhealthy,0.2792727797417214,Healthy Saving
31224.0,11282.0,1192,5724,3801,1793,5035.0,28827.0,2397.0,39.13692024837825,4.135012314843723,19.856384639400563,13.18555520865855,6.219863322579526,17.466264266139383,0.9232321291314374,0,Surplus,Healthy,0.16125416346400204,Low Saving
30161.0,8131.0,1277,6182,3229,2474,6130.0,27423.0,2738.0,29.65029354921052,4.656675053786967,22.543120738066584,11.774787587061954,9.02162418407906,22.35349888779492,0.9092205165611219,0,Surplus,Healthy,0.2032425980570936,Healthy Saving
30161.0,11325.0,1999,4685,3456,2137,8028.0,31630.0,-1469.0,35.60089277294018,6.852975385872812,14.72760994624501,10.864166483291942,6.717802018169817,25.236553393480243,1.0487052816551174,4,Deficit,Unhealthy,0.266171546036272,Healthy Saving
35891.0,7679.0,1601,6138,3066,1401,283.0,20168.0,15723.0,38.07516858389528,7.938318127727093,30.43435144783816,15.20230067433558,7.68221184475491,1.4032130107100356,0.5578204771361426,0,Surplus,Healthy,0.007884985093756096,Low Saving
32040.0,7513.0,2537,6498,2990,784,5162.0,25484.0,6556.0,26.617303195635227,8.988166938283852,23.02132785375186,11.822433217600793,2.777580953730604,26.773187840997664,0.7953807740324593,0,Surplus,Healthy,0.16111111111111112,Low Saving
23121.0,8113.0,2112,6516,2601,1817,5110.0,26269.0,-3148.0,30.884312307282347,8.039894933191214,24.80490311774335,9.901404697552248,6.916898245079752,19.45258669915109,1.1361532805674495,5,Deficit,Unhealthy,0.22101120193763246,Healthy Saving
27631.0,7750.0,1999,7065,2770,1964,5870.0,27418.0,213.0,30.91315275062832,8.307481422696775,25.48517422985355,9.9920640646418,7.084625928865161,21.174518433013493,0.9637917818621975,3,Surplus,At Risk,0.21244254641525823,Healthy Saving
43220.375,8086.0,2705,5225,3174,1558,3343.0,24091.0,19129.375,32.1074064647493,11.474505811487232,22.7434724203955,13.463985747009415,6.608975990498006,14.180877237634682,0.5541891486087059,0,Surplus,Healthy,0.07734777868077267,Low Saving
33622.0,10286.0,1999,5969,3171,2071,3489.0,26985.0,6637.0,39.06718827148772,7.007482243913556,20.764176383455503,12.043754035474192,7.8658513426260015,13.251547723043034,0.8025994884301945,0,Surplus,Healthy,0.10377134019392065,Low Saving
41846.0,8086.0,1712,7895,3253,2253,10205.5,33404.5,8441.5,28.24089826471589,5.825110581830555,26.862878530112283,11.068390609050695,7.665872745831916,20.33684926845866,0.7982722362949863,0,Surplus,Healthy,0.2438823304497443,Healthy Saving
36977.0,8086.0,2435,5849,3550,2335,9769.0,32024.0,4953.0,28.24770697200408,7.2987230981356035,17.531922546609916,10.640848869971824,6.998980876446256,29.28181763683233,0.8660518700814019,0,Surplus,Healthy,0.26419125402277094,Healthy Saving
31209.0,10062.0,2254,6200,2287,822,7006.0,28631.0,2578.0,35.14372533268136,7.87258565890119,21.65484963850372,7.987845342460968,2.871013935943558,24.469980091509203,0.9173956230574513,0,Surplus,Healthy,0.22448652632253516,Healthy Saving
31507.0,8776.0,1906,5932,2512,1342,5162.0,25630.0,5877.0,31.34397657059181,6.807385978070646,21.186470945390905,8.971748991035394,4.793028322440087,26.89738919247116,0.8134700225346748,0,Surplus,Healthy,0.163836607737963,Low Saving
29817.0,6059.0,2695,5178,3114,1847,4615.0,23508.0,6309.0,25.77420452611877,11.464182405989453,22.026544155181217,13.246554364471669,7.856899778798707,19.63161476944019,0.7884092967099304,0,Surplus,Healthy,0.15477747593654625,Low Saving
21310.0,5294.0,1999,7623,2637,2286,3799.0,23638.0,-2328.0,22.497025327214008,8.044365119836817,32.39418663946966,11.20601733809281,7.68221184475491,16.14397416284209,1.1322543812496457,5,Deficit,Unhealthy,0.17827311121539183,Low Saving
30090.0,8297.0,2016,5472,4688,2004,3438.0,25915.0,4175.0,31.722424010705407,7.707895239915887,20.92142993691455,17.923915121391705,8.579621487287326,13.144714203785126,0.8612495845795946,0,Surplus,Healthy,0.11425722831505483,Low Saving
36053.0,7657.0,2010,5969,3257,2235,5162.0,26290.0,9763.0,31.83254344391785,8.356198553255176,20.25442753803941,13.540367506443834,9.291593913694188,16.724869044649537,0.7292042271100879,0,Surplus,Healthy,0.14317809890993816,Low Saving
27001.0,8174.0,1532,5969,2960,1808,10205.5,30648.5,-3647.5,39.07826170100875,7.324186068747908,26.5286608978343,14.15116890567481,8.643686953195965,4.27403547353827,1.1350875893485426,0,Deficit,Unhealthy,0.3779674826858265,Healthy Saving
32059.0,7967.0,2038,3998,2742,1836,3550.0,22131.0,9928.0,35.99927703221725,9.20880213275496,18.06515747142018,12.389860376846956,8.29605530703538,20.143709574077935,0.6631143065123566,0,Surplus,Healthy,0.11073333541283259,Low Saving
34257.0,12878.625,2698,5348,2759,1635,3879.0,29197.625,5059.375,44.65509055144815,9.15010513464017,18.137421149019875,9.356982974971173,5.545004408872007,13.155395781048634,0.8523112064687509,0,Surplus,Healthy,0.11323233207811542,Low Saving
25451.0,5339.0,2222,5031,3015,2384,5162.0,23153.0,2298.0,23.5821554770318,9.814487632508834,22.22173144876325,13.31713780918728,10.530035335689046,20.53445229681979,0.909708852304428,0,Surplus,Healthy,0.20282110722564928,Healthy Saving
27743.0,4020.0,2015,6617,3055,1539,5162.0,22408.0,5335.0,17.859522857523658,8.951974765649295,29.39713003687414,13.572348838242482,6.837265093962415,23.381758407748013,0.8076992394477887,0,Surplus,Healthy,0.1860649533215586,Low Saving
24910.0,8664.0,1919,5326,2771,2425,5724.0,26829.0,-1919.0,32.29341384322934,7.152707890715271,19.851653061985168,10.328376011032836,9.038726750903871,21.33512244213351,1.077037334403854,5,Deficit,Unhealthy,0.2297872340425532,Healthy Saving
25889.0,7247.0,2165,6887,2863,2103,4970.0,26235.0,-346.0,27.623403849818946,8.252334667429007,26.251191156851533,10.91290261101582,8.01600914808462,18.94415856680008,1.0133647495075129,5,Deficit,Unhealthy,0.19197342500675962,Low Saving
23561.0,8632.0,2374,7398,3672,1977,3837.0,27890.0,-4329.0,30.95016134815346,8.512011473646467,26.525636428827536,13.166009322337754,7.088562208676945,13.757619218357831,1.183735834641993,5,Deficit,Unhealthy,0.16285386868129537,Low Saving
25497.0,9167.0,2304,6781,3692,1671,1073.0,24688.0,809.0,37.13139987038237,9.33246921581335,27.466785482825664,14.954633830200908,6.76847051198963,4.346241088788076,0.9682707769541514,0,Surplus,At Risk,0.04208338235870887,Low Saving
37097.0,8086.0,1834,5784,3126,1322,3849.0,24001.0,13096.0,39.90484461730166,6.925197296378808,21.840425933617794,11.803798663293437,4.991881584412642,14.533851904995656,0.6469795401245384,0,Surplus,Healthy,0.10375502062161361,Low Saving
25422.0,8086.0,2162,5969,2329,1676,3055.0,23277.0,2145.0,24.498722233143305,10.625122862197758,30.17987025751917,11.445842343227836,8.236681737762925,15.013760566149006,0.9156242624498466,1,Surplus,Healthy,0.12017150499567304,Low Saving
30632.0,6886.0,2239,4475,3269,2004,5932.0,24805.0,5827.0,27.95210066977877,9.088694946214735,18.16521209661052,11.489829961092749,7.444692510655572,24.07956159935052,0.8244485193880657,0,Surplus,Healthy,0.19365369548184905,Low Saving
27485.0,8857.0,1496,5866,3777,815,6818.0,27629.0,-144.0,32.05689673893373,5.414600600817981,21.23131492272612,11.489829961092749,2.9497991241087265,24.67696985051938,1.0276479985722902,5,Deficit,Unhealthy,0.24806257958886666,Healthy Saving
35894.0,9540.0,2084,5139,3684,1901,6877.0,29225.0,6669.0,32.64328485885372,7.130881094952951,17.58426005132592,12.605645851154836,6.504704875962361,20.143709574077935,0.8427512446686987,0,Surplus,Healthy,0.19159190951133895,Low Saving
36555.0,8086.0,919,6694,3367,2462,6513.0,28041.0,8514.0,38.29813549364584,2.8415942611545715,20.69818496645125,10.410933489997218,7.612627933582759,20.13852385516836,0.7670906852687729,0,Surplus,Healthy,0.17816988100123102,Low Saving
34320.0,9911.0,2241,8572,3711,2283,4732.0,31450.0,2870.0,31.513513513513512,7.125596184419713,27.25596184419714,11.489829961092749,7.259141494435611,15.04610492845787,0.9192235245296707,0,Surplus,Healthy,0.13787878787878788,Low Saving
31530.0,7886.0,2330,6499,3026,1751,3956.0,25448.0,6082.0,30.91315275062832,7.68669977673486,25.53835271927067,11.89091480666457,6.880697893744106,15.545425966677143,0.8197677573938951,0,Surplus,Healthy,0.12546780843640976,Low Saving
28844.0,6219.0,2373,4008,3314,2023,3505.0,21442.0,7402.0,29.003824270124056,7.68669977673486,18.692286167335137,15.455647794049062,9.434754220688369,16.346422908310792,0.7693862341551355,1,Surplus,Healthy,0.1215157398419082,Low Saving
24040.0,6871.0,1802,5969,2659,1721,1985.0,21007.0,3033.0,33.23176629909073,8.715418843103114,27.268330431418068,12.860321145289223,8.323660282453085,9.600502998645773,0.8738352745424294,0,Surplus,Healthy,0.08257071547420965,Low Saving
39717.0,6814.0,2154,6122,2990,2074,6983.0,27137.0,12580.0,24.96610852599568,7.892133514087861,22.430659876158725,11.526765104605577,7.599018063239658,25.585314915912505,0.6832590578341768,0,Surplus,Healthy,0.1758189188508699,Low Saving
26201.0,9310.0,2711,6087,3664,2770,4650.0,29192.0,-2991.0,31.89229926007125,9.286790901616882,20.851603178953138,12.5513839408057,9.488901068785967,20.143709574077935,1.0690968523126416,5,Deficit,Unhealthy,0.17747414220831265,Low Saving
33318.0,8513.0,1999,5269,2705,2484,2507.0,23477.0,9841.0,30.91315275062832,11.189216010585511,21.7871319880913,11.489829961092749,10.27125372146874,10.36635792259345,0.7338643727055233,0,Surplus,Healthy,0.07524461252176001,Low Saving
35297.0,5352.0,1985,6245,2569,2260,3347.0,21758.0,13539.0,24.59784906700984,9.123081165548305,28.702086588840885,11.80715139259123,10.386984097803106,15.382847688206637,0.6164263251834433,0,Surplus,Healthy,0.09482392271297845,Low Saving
27223.0,7128.0,2069,4757,3048,1753,3266.0,22021.0,5202.0,32.3691022206076,9.395576949275693,21.60210707960583,13.84133327278507,7.960583079787476,14.83129739793833,0.8089115821180619,0,Surplus,Healthy,0.11997208243029792,Low Saving
35190.0,9755.0,2555,5055,2886,2004,5086.0,27341.0,7849.0,30.91315275062832,9.220165277326693,22.7434724203955,10.414636786835551,8.5669950561149,20.143709574077935,0.7617033740511886,0,Surplus,Healthy,0.14452969593634554,Low Saving
33821.0,8703.0,1249,6645,3324,1156,5162.0,26239.0,7582.0,30.849668568997902,4.427351033284889,23.55464180638758,11.782637978093652,4.09769238949346,25.28800822374252,0.7758197569557376,0,Surplus,Healthy,0.1526270660240679,Low Saving
30161.0,9137.0,1838,4984,2773,1873,4304.0,24909.0,5252.0,30.91315275062832,7.378859046930828,20.00883214902244,11.132522381468544,7.519370508651492,17.278895178449556,0.8764231552790844,0,Surplus,Healthy,0.14270083883160373,Low Saving
27653.0,8765.0,2667,6538,3859,2291,494.0,24614.0,3039.0,35.60981555212481,10.835296985455432,26.562119119200457,15.678069391403266,9.307711058747056,2.006987893068985,0.8901023397099772,0,Surplus,Healthy,0.017864246193903012,Low Saving
23570.0,11252.0,2487,4630,2990,2370,4621.0,28350.0,-4780.0,40.59895363521559,8.97348006494678,16.70575500631427,8.497203680317519,8.551325996752661,20.143709574077935,1.1624579055571795,5,Deficit,Unhealthy,0.19605430632159526,Low Saving
27472.0,8472.0,1999,7764,3626,2334,4687.0,28882.0,-1410.0,29.146454742491485,7.513675301888739,22.7434724203955,12.474627584546049,8.029724429765714,16.124815082395845,1.0947564984748541,4,Deficit,Unhealthy,0.17061007571345368,Low Saving
31044.0,7227.0,1247,5225,2617,2147,4550.0,23013.0,8031.0,31.40398904966758,5.418676400295485,22.70455829313866,11.371833311606483,9.329509407726068,19.771433537565724,0.7413026671820642,0,Surplus,Healthy,0.14656616415410384,Low Saving
30291.0,8086.0,1975,5776,2102,1902,3745.0,23586.0,6705.0,28.465940557504155,9.114823703156729,26.656821118700385,9.700941480524277,8.777921358685619,17.283551781428834,0.7786471229077943,0,Surplus,Healthy,0.12363408273084414,Low Saving
30161.0,8086.0,1705,6330,2990,2268,5434.0,26813.0,3348.0,31.070410177670546,6.233092052350662,23.141039701688968,11.398698545002558,7.68221184475491,19.86546757329824,0.8944436009795894,0,Surplus,Healthy,0.18016644010477106,Low Saving
20454.0,3299.625,2165,5434,2872,1523,5132.0,20425.625,28.375,15.402094447737602,10.694526773364949,26.84252124086149,14.186919581110452,7.523216755581901,25.350721201343607,0.9986127407841987,1,Surplus,At Risk,0.25090446856360615,Healthy Saving
32352.0,7631.0,1595,6143,2990,2004,4950.0,25313.0,7039.0,31.350396450433426,6.55272996179286,25.237254015858017,10.044780411651123,6.4787806581488026,20.33605850211577,0.7824245796241345,0,Surplus,Healthy,0.15300445103857566,Low Saving
39861.0,7588.0,1487,6575,2159,2004,5825.0,25638.0,14223.0,29.566708229426435,5.794108478802992,25.61954488778055,8.412562344139651,7.909912718204488,22.697163341645883,0.6431850681116881,0,Surplus,Healthy,0.1461328115200321,Low Saving
32321.0,5271.0,1999,6960,2995,2086,4140.0,23451.0,8870.0,23.511307373210222,7.68669977673486,31.045095677773315,13.359204246398145,9.304607698826889,18.46647932557206,0.701887974356805,0,Surplus,Healthy,0.12809009622227036,Low Saving
33045.0,6143.0,2610,6791,2990,1087,4026.0,23647.0,9398.0,25.44317428760769,10.81013916500994,22.7434724203955,14.442511597084165,4.502153744201458,16.674950298210735,0.7563170106208913,0,Surplus,Healthy,0.1218338629142079,Low Saving
32862.0,9619.0,1800,5828,3292,2227,10205.5,32971.5,-109.5,31.51084321561947,5.896612723579899,19.091921640568696,11.489829961092749,7.68221184475491,25.42095263054445,0.9924904284188489,0,Deficit,Unhealthy,0.3105562655955207,Healthy Saving
31985.0,8461.0,1999,5853,2990,2386,6118.0,27807.0,4178.0,30.30010027216732,7.441627274029508,20.96046411688869,10.843718664947716,8.544621114453516,21.90946855751325,0.8693762701266218,0,Surplus,Healthy,0.1912771611692981,Low Saving
34658.0,8203.0,1998,8349,3239,2004,6653.0,30446.0,4212.0,26.98089004374568,6.571719896062889,22.7434724203955,10.653553925599448,7.68221184475491,21.882708943196395,0.9101939065347823,1,Surplus,Healthy,0.1919614519014369,Low Saving
31976.0,8612.0,1466,6949,2986,3187,7452.0,30652.0,1324.0,28.0960459350124,4.782722171473313,22.670625081560747,9.741615555265565,10.397363956674932,24.31162730001305,0.9585939454590943,0,Surplus,Healthy,0.23304978734050538,Healthy Saving
28436.0,8086.0,1370,5078,2285,1658,6051.0,24528.0,3908.0,33.23587931944614,5.562999959394161,20.619645104966093,9.278434238843545,6.7324481260405244,24.57059325130954,0.8625685750457167,0,Surplus,Healthy,0.2127936418624279,Healthy Saving
26020.0,10485.0,1497,6099,2289,1819,6856.0,29045.0,-3025.0,30.91315275062832,5.15407126872095,20.998450679979342,7.880874505078326,6.262695816835945,23.604751248063348,1.1773121791271413,5,Deficit,Unhealthy,0.26348962336664106,Healthy Saving
28755.0,8246.0,1638,5664,2990,1802,1841.0,22181.0,6574.0,30.91315275062832,7.415455656661687,25.641722124134187,13.119652315632216,8.157906650368963,8.334465118384717,0.8242781385385208,0,Surplus,Healthy,0.06402364806120675,Low Saving
31570.0,5083.0,2183,5864,2919,1961,5408.0,23418.0,8152.0,21.70552566401913,9.32188914510206,25.040567085148176,12.464770689213426,8.37390041848151,23.0933469980357,0.7417801710484637,0,Surplus,Healthy,0.1713018688628445,Low Saving
28419.0,12878.625,1602,4770,3425,1835,4634.0,29144.625,-725.625,40.9067790452663,5.819952045338953,17.329070696795757,12.44278137034077,6.666424471408849,16.834992370849378,1.0255330940567928,1,Deficit,Unhealthy,0.16305992469826525,Low Saving
31571.0,8740.0,1999,5969,3378,1296,8355.0,29737.0,1834.0,28.91167714191201,9.503804168044988,18.48494872643069,11.17433013562686,4.2871319880913,27.638107839894143,0.941908713692946,1,Surplus,Healthy,0.2646416014697032,Healthy Saving
32195.0,6821.0,2513,7811,3302,1726,6855.0,29028.0,3167.0,23.49800192917183,8.657158605484359,26.90850213586881,11.375223921730743,5.945983188645446,23.6151302190988,0.9016306879950304,0,Surplus,Healthy,0.2129212610653828,Healthy Saving
34165.0,5493.0,2404,6579,2859,1951,3739.0,23025.0,11140.0,23.85667752442997,10.440825190010855,28.57328990228013,11.489829961092749,8.473398479913138,16.238870792616723,0.680241891935261,0,Surplus,Healthy,0.10943948485291966,Low Saving
36413.0,8086.0,1940,3508,2309,2614,5745.0,24202.0,12211.0,35.295298510458906,7.78897498695146,22.7434724203955,11.489829961092749,10.495041554583048,23.06580479383306,0.5994428136351817,0,Surplus,Healthy,0.1577733227144152,Low Saving
30390.0,7765.0,2757,5969,3206,3101,5335.0,28133.0,2257.0,26.42954390742001,7.68669977673486,24.560925799863853,10.91218515997277,10.554799183117767,18.15861130020422,0.941715268674493,1,Surplus,Healthy,0.17555116814741692,Low Saving
23461.0,11148.0,1890,7089,3262,2667,5908.0,31964.0,-8503.0,34.87673632836942,5.912902014766613,22.1780753347516,10.20523088474534,8.343761731948442,18.4832937054186,1.3624312689143683,5,Deficit,Unhealthy,0.25182217296790416,Healthy Saving
28274.0,7308.0,1984,5640,1805,1612,2962.0,21311.0,6963.0,34.29214959410633,9.309746140490828,26.46520576228239,8.469804326404203,7.564168739148797,13.898925437567453,0.753731343283582,0,Surplus,Healthy,0.10476055740256066,Low Saving
30220.0,6325.0,2084,6717,2582,1652,5720.0,25080.0,5140.0,30.91315275062832,8.309409888357257,26.7822966507177,10.29505582137161,6.5869218500797455,22.807017543859647,0.7852055052289778,0,Surplus,Healthy,0.18927862342819324,Low Saving
20821.0,9791.0,1999,5140,2654,1920,4543.0,26047.0,-5226.0,37.08993105538298,7.68669977673486,19.47117205848928,10.053791953935905,7.273278278657474,17.20963709371922,1.2663894240445395,5,Deficit,Unhealthy,0.21819317035685126,Healthy Saving
36943.0,9850.0,2318,5529,3059,2892,5564.0,29212.0,7731.0,33.719019580994114,7.935095166369985,18.927153224702177,10.47172394906203,9.900041079008629,19.04696699986307,0.7907316677043013,0,Surplus,Healthy,0.15061039980510516,Low Saving
30711.0,8337.0,1762,7498,2598,1917,3551.0,25663.0,5048.0,32.48645910454741,6.865915910065075,29.217160893114603,11.489829961092749,7.469898297159334,13.837041655301409,0.8243655729341268,0,Surplus,Healthy,0.11562632281592915,Low Saving
31906.0,9352.0,1733,5728,2980,1336,3829.0,24958.0,6948.0,37.470951198012656,6.943665357801105,22.950556935651896,11.940059299623368,5.352993028287523,15.341774180623446,0.7822353162414594,0,Surplus,Healthy,0.12000877577885037,Low Saving
36827.0,8086.0,2319,4130,2894,1749,7347.0,26525.0,10302.0,30.057277244623148,7.68669977673486,15.665895383681674,10.97750635360164,6.63429806926374,27.86860372491749,0.7283421465897624,0,Surplus,Healthy,0.19950036657886877,Low Saving
26849.0,8467.0,1999,5936,2920,2378,2896.0,24596.0,2253.0,33.93043199487057,9.445379498276829,23.787769495872404,11.701530816702734,9.529534343191472,11.605353851085995,0.9160862601959104,0,Surplus,Healthy,0.10786249022309956,Low Saving
32870.0,10329.0,1803,5921,2641,2344,3044.0,26082.0,6788.0,39.60202438463308,6.9128134345525645,22.70147994785676,10.125757227206504,8.987040871098841,20.143709574077935,0.7315099435205509,0,Surplus,Healthy,0.09260724064496502,Low Saving
29450.0,9250.0,1206,7198,2680,1899,4896.0,27129.0,2321.0,34.09635445464264,4.445427402410704,26.532492904272186,9.878727560912678,6.999889417228795,18.047108260533008,0.9211884550084887,0,Surplus,Healthy,0.16624787775891342,Low Saving
29079.0,7661.0,1896,5969,2459,2341,3456.0,23782.0,5297.0,32.15259999160616,7.957359298275065,25.240273639148864,10.320224954883116,9.82498845847148,14.50455365761531,0.8178410536813508,0,Surplus,Healthy,0.11884865366759517,Low Saving
26139.0,10704.0,2311,5578,3190,863,3229.0,25875.0,264.0,30.91315275062832,8.931400966183576,21.55748792270532,12.328502415458937,3.335265700483092,12.479227053140097,1.1054774049825142,1,Surplus,At Risk,0.12353188721833276,Low Saving
38328.0,3299.625,2902,7045,3285,2051,5210.0,23792.625,14535.375,13.760888776669614,7.68669977673486,29.64693010141817,13.82401211968186,7.68221184475491,21.92484113958676,0.6567148451556722,0,Surplus,Healthy,0.13593195575036526,Low Saving
28122.0,12104.0,1401,6120,2614,2430,1989.0,26658.0,1464.0,45.40475654587741,5.255458023857754,22.95746117488184,9.805686848225674,9.11546252532073,7.461174881836596,0.9479411137187967,0,Surplus,Healthy,0.07072754427138894,Low Saving
30161.0,4588.0,1786,5249,3760,1583,2984.0,19950.0,10211.0,22.99749373433584,8.952380952380953,22.7434724203955,18.847117794486216,7.934837092731829,14.957393483709271,0.6859190380284417,0,Surplus,Healthy,0.09893571168064719,Low Saving
20624.0,12878.625,1805,7154,2842,2004,10205.5,36889.125,-16265.125,23.07166068069096,6.1741063793398325,24.4706687190012,9.721224559603217,5.407901487942535,31.154438173422268,1.7886503588052751,5,Deficit,Unhealthy,0.4948361132660978,Healthy Saving
35899.0,7918.0,2677,6193,3765,1066,5918.0,27537.0,8362.0,28.75404001888369,9.721465664378837,22.48974107564368,13.672513345680356,3.87115517303991,21.491084722373536,0.7670687205771749,0,Surplus,Healthy,0.16485138861806736,Low Saving
35261.0,7707.0,1982,6002,2678,2794,3506.0,24669.0,10592.0,31.241639304390123,8.034375126677206,22.7434724203955,10.8557298633913,7.68221184475491,14.21216911913738,0.7382235293781565,1,Surplus,Healthy,0.09942996511726837,Low Saving
30487.0,12878.625,1999,6177,1986,2004,5836.0,30880.625,-393.625,36.81423738785116,7.68669977673486,22.712898955728782,7.302544491837034,6.026621561994411,21.45903809383733,0.9930303729176402,2,Deficit,Unhealthy,0.19142585364253617,Low Saving
28865.0,5884.0,2279,4929,3201,2120,6134.0,24547.0,4318.0,23.97034260805801,9.284230252169309,20.079846824459203,13.0402900558113,8.636493257831916,24.988797001670264,0.8504070673826434,0,Surplus,Healthy,0.212506495756106,Healthy Saving
43220.375,8521.0,1797,5472,3124,2301,6988.0,28203.0,15017.375,30.213097897386803,6.371662589086268,22.7434724203955,11.076835797610183,8.158706520582918,24.77750593908449,0.6314412293579303,0,Surplus,Healthy,0.16168300251906653,Low Saving
41443.0,6843.0,1387,6003,3017,2756,4745.0,24751.0,16692.0,27.64736778311988,5.603813987313644,24.253565512504547,12.189406488626725,11.134903640256958,19.170942588178256,0.5972299302656661,0,Surplus,Healthy,0.11449460705064787,Low Saving
21183.0,8590.0,1553,5805,2678,1923,6952.0,27501.0,-6318.0,31.23522780989781,5.647067379368023,21.10832333369696,9.737827715355806,6.992473000981783,25.27908076069961,1.298258037105226,5,Deficit,Unhealthy,0.3281876976821036,Healthy Saving
33910.0,7870.0,2867,7272,2990,1730,923.0,23652.0,10258.0,33.28540010150567,12.125697851463372,30.756217222128235,12.61207917442057,7.316866858399594,3.9037387920825584,0.6974933647891477,0,Surplus,Healthy,0.027219109407254496,Low Saving
25441.0,8185.0,2192,6217,2744,2086,5162.0,26586.0,-1145.0,33.66788696474847,9.016494590925918,25.572785981654395,11.28707169594011,8.580477972934062,11.875282793797046,1.0450060925278095,0,Deficit,Unhealthy,0.20290082936991471,Healthy Saving
29900.0,6900.0,2053,6854,2848,2642,5327.0,26624.0,3276.0,25.916466346153843,7.711087740384616,25.74368990384616,10.697115384615383,9.923377403846152,20.008263221153847,0.8904347826086956,0,Surplus,Healthy,0.17816053511705685,Low Saving
28760.0,6979.0,1875,6009,2990,1914,5659.0,25426.0,3334.0,26.991800742574256,7.68669977673486,23.240253712871286,13.22710396039604,7.402537128712872,21.88660272277228,0.8802460512058689,0,Surplus,Healthy,0.1967663421418637,Low Saving
27858.0,8574.0,2146,5969,3092,1522,5162.0,26465.0,1393.0,33.53672846749589,8.393960729093328,27.599155127904247,12.094187592896816,5.953219119142612,12.422748963467106,0.9499964103668607,0,Surplus,Healthy,0.18529686266063608,Low Saving
29947.0,9887.0,1999,6397,3304,2004,5518.0,29109.0,838.0,34.72168568920105,7.515364354697103,22.465320456540823,11.603160667251975,4.316066725197542,19.3784021071115,0.9720172304404447,1,Surplus,At Risk,0.1842588573145891,Low Saving
24329.0,6803.0,2146,6013,2990,1389,3752.0,23093.0,1236.0,29.59498847174489,9.335711489102536,26.158263366250488,12.546221777526428,6.042545786749032,20.143709574077935,0.9142585847257844,0,Surplus,Healthy,0.15421924452299723,Low Saving
35145.0,6262.0,2057,5986,2828,2432,4446.0,24011.0,11134.0,26.07971346466203,8.56690683436758,24.930240306526173,11.777935113073177,7.68221184475491,18.51651326475365,0.7003316468468976,0,Surplus,Healthy,0.1265044814340589,Low Saving
21029.0,9226.0,2434,5045,2423,1839,7049.0,28016.0,-6987.0,32.93118218161051,7.68669977673486,18.007567104511708,8.648629354654483,6.564106225014278,25.16062250142776,1.3457287973308376,5,Deficit,Unhealthy,0.33520376622759046,Healthy Saving
32698.0,8086.0,2011,6506,2814,1696,6817.0,27930.0,4768.0,28.56217150262798,7.239542083663331,23.42141262869897,10.13031895744834,6.105551155590756,20.143709574077935,0.893469150034848,0,Surplus,Healthy,0.20848369930882624,Healthy Saving
28367.0,9660.0,1511,5959,1339,1642,3005.0,23116.0,5251.0,41.78923689219588,6.5365980273403705,25.77868143277384,5.792524658245371,7.103305070081328,12.99965391936321,0.8148905418267706,0,Surplus,Healthy,0.10593295025910389,Low Saving
24145.0,6188.0,1693,5498,2704,2042,2885.0,21010.0,3135.0,29.45264159923846,8.058067586863398,22.7434724203955,11.489829961092749,9.719181342217992,13.73155640171347,0.9140834548084099,1,Surplus,Healthy,0.1194864361151377,Low Saving
31011.0,4441.0,1010,7106,2959,1880,4177.0,21573.0,9438.0,20.58591758216289,7.68669977673486,32.939322301024426,13.7162193482594,7.68221184475491,19.362165670050526,0.6821997409443457,0,Surplus,Healthy,0.1346941407887524,Low Saving
22215.0,6933.0,3013,5969,3281,2004,4946.0,26146.0,-3931.0,27.9725640508372,12.156546298164212,19.160782731490823,11.489829961092749,7.516643130925964,19.955618317530764,1.1978918448053313,5,Deficit,Unhealthy,0.22264235876659916,Healthy Saving
30198.0,6467.0,2431,5577,2865,2674,3684.0,23698.0,6500.0,27.28922271921681,10.258249641319942,23.533631530086925,12.089627816693392,11.283652628913831,20.143709574077935,0.7502564605896388,0,Surplus,Healthy,0.12199483409497318,Low Saving
22885.0,8086.0,1584,7027,3173,2769,7081.0,29720.0,-6835.0,26.60469534536572,7.68669977673486,23.83973402089836,10.764689917220789,9.394083322024697,24.02293391233546,1.2693101826937878,4,Deficit,Unhealthy,0.30941664845968975,Healthy Saving
32306.0,6726.0,1859,6315,1910,1194,5694.0,23698.0,8608.0,28.382141952907418,7.844543843362309,26.647818381298,8.059751877795595,5.038399864967508,24.02734407966917,0.733547947749644,0,Surplus,Healthy,0.1762520893951588,Low Saving
25378.0,9482.0,1681,5952,2971,2163,5162.0,27411.0,-2033.0,33.790670325362605,5.990520651437939,21.21093332383023,10.587648337550338,7.708207120202417,20.71202024161648,1.0801087556150997,5,Deficit,Unhealthy,0.2034045236031208,Healthy Saving
27745.0,7423.0,2771,6251,2160,1611,5162.0,25378.0,2367.0,32.72639097081386,12.216735737589278,27.559298121858745,9.52296975575346,7.68221184475491,10.872057137818537,0.909415779092244,0,Surplus,Healthy,0.18605154081816544,Low Saving
31469.0,8300.0,1290,6179,2395,1875,7334.0,27373.0,4096.0,30.321849998173384,4.712673072005261,22.573338691411244,8.749497680195814,6.849815511635553,26.792825046578745,0.8698401601576154,0,Surplus,Healthy,0.23305475229591027,Healthy Saving
26137.0,8315.0,1999,4483,2906,2154,5162.0,25019.0,1118.0,43.13878080415046,10.671854734111545,23.258106355382623,15.076523994811932,11.17509727626459,20.143709574077935,0.7753068306113454,0,Surplus,Healthy,0.1974978000535639,Low Saving
29710.0,8389.0,1945,5969,2990,1893,5162.0,26348.0,3362.0,29.766171096050808,6.901323492885782,20.047546393215768,12.908490934251144,6.716815101302204,23.65965298229429,0.8868394479973073,1,Surplus,Healthy,0.17374621339616292,Low Saving
22430.0,7951.0,2413,7616,3185,2115,6868.0,30148.0,-7718.0,26.373225421255142,8.003847684755208,25.262040599708108,10.564548228738223,7.015390739020831,22.780947326522487,1.344092732946946,5,Deficit,Unhealthy,0.30619705751226034,Healthy Saving
33154.0,9021.0,1947,5969,3009,2336,5162.0,27444.0,5710.0,34.98138669148441,7.68669977673486,20.707305723592366,11.668217775709632,9.058476810919808,16.034589731658137,0.826643593390602,0,Surplus,Healthy,0.15569765337515834,Low Saving
38824.0,6408.0,1120,5681,2990,2147,7545.0,25891.0,12933.0,24.74991309721525,4.325827507628134,21.94198756324592,11.548414506971534,8.292456838283574,29.141400486655595,0.6668813105295692,0,Surplus,Healthy,0.19433855347207912,Low Saving
43220.375,10798.0,1874,5458,2643,1676,4873.0,27322.0,15898.375,30.91315275062832,6.858941512334383,19.97657565331967,9.67352316814289,6.134250786911647,17.835443964570675,0.691697662236831,0,Surplus,Healthy,0.11274774918079725,Low Saving
30161.0,12878.625,1513,5912,2990,1685,5124.0,30102.625,58.375,30.73342045083306,6.178536426004574,24.14243711205489,11.489829961092749,6.880921267559621,20.92453446586083,0.9945866859877902,1,Surplus,At Risk,0.16988826630416765,Low Saving
33941.0,5376.0,2039,5416,3213,1280,5679.0,23003.0,10938.0,23.370864669825675,8.864061209407469,23.54475503195236,13.9677433378255,5.564491588053732,24.68808416293527,0.6777348929023893,0,Surplus,Healthy,0.16731976076132113,Low Saving
21096.0,8376.0,2717,6486,2307,1573,10205.5,31664.5,-10568.5,25.511695906432745,8.275462962962964,19.755116959064328,7.026681286549708,4.791057504873295,34.63998538011696,1.5009717481987106,5,Deficit,Unhealthy,0.4837646947288585,Healthy Saving
37513.0,6297.0,1130,6197,3296,2004,7688.0,26612.0,10901.0,22.82431403820363,4.095835296676212,22.7434724203955,11.94679038747327,10.8050309906122,27.86617854942187,0.7074151709241666,0,Surplus,Healthy,0.20494228667395303,Healthy Saving
33881.0,9330.0,1599,6773,2805,1603,6402.0,28512.0,5369.0,32.72306397306397,5.608164983164983,23.754910213243548,9.837962962962964,5.62219416386083,22.453703703703702,0.8415336029042826,0,Surplus,Healthy,0.18895546176323014,Low Saving
27580.0,12878.625,1723,5969,3412,1403,3174.0,28559.625,-979.625,45.860413589364846,6.362629246676514,18.275480059084195,12.599704579025111,5.180945347119645,11.72082717872969,1.0355193981145758,2,Deficit,Unhealthy,0.1150833937635968,Low Saving
36185.0,6426.0,1809,5659,3480,2159,5287.0,24820.0,11365.0,25.89041095890411,7.288477034649476,22.80016116035456,14.020950846091862,8.698630136986301,21.3013698630137,0.6859195799364377,0,Surplus,Healthy,0.1461102666850905,Low Saving
28727.0,8664.0,2370,5774,2163,1944,3373.0,24288.0,4439.0,35.67193675889328,9.757905138339922,23.77305665349144,8.905632411067193,8.003952569169961,13.887516469038207,0.8454763811048839,0,Surplus,Healthy,0.11741567166776899,Low Saving
27709.0,4488.0,1913,6455,2709,1902,6644.0,24111.0,3598.0,18.61391066318278,7.934137945336153,26.772012774252417,11.235535647629714,7.68221184475491,27.5558873543196,0.8719493570203227,0,Surplus,Healthy,0.23977768955934894,Healthy Saving
32376.0,8907.0,2207,5206,2572,2704,5280.0,26876.0,5500.0,33.14109242446793,8.21178746837327,19.370442030064,9.569876469712757,10.061020985265664,19.645780622116384,0.8301210773412403,0,Surplus,Healthy,0.16308376575240918,Low Saving
30161.0,8086.0,1687,6915,2093,2274,2750.0,23805.0,6356.0,28.377454777418325,7.68669977673486,31.50772315122796,9.536610926322505,10.36132501025197,12.53018635804438,0.7892642816882729,0,Surplus,Healthy,0.09117734823115944,Low Saving
30161.0,6750.0,2114,7186,2483,1735,5162.0,25430.0,4731.0,26.54345261502163,8.313016122689737,28.257963035784503,9.764058198977583,6.822650412898152,20.29885961462839,0.8431418056430491,0,Surplus,Healthy,0.17114817147972547,Low Saving
24720.0,5797.0,2388,5011,4220,1787,3301.0,22504.0,2216.0,25.759864912904373,10.61144685389264,22.26715250622112,18.75222182723072,7.940810522573765,14.668503377177393,0.9103559870550161,0,Surplus,Healthy,0.1335355987055016,Low Saving
24749.0,9464.0,1633,5509,2990,1748,5302.0,26646.0,-1897.0,35.103857566765576,6.057121661721069,22.7434724203955,12.25519287833828,6.483679525222552,19.666172106824924,1.0523456785696603,3,Deficit,Unhealthy,0.21423087801527335,Healthy Saving
25451.0,10014.0,2390,5468,3958,2437,3281.0,27548.0,-2097.0,36.35109626833164,8.675765935821113,19.84899085233048,11.489829961092749,7.68221184475491,11.910120516915928,1.1279866667035368,5,Deficit,Unhealthy,0.12891438450355586,Low Saving
33797.0,8046.0,2026,8632,3414,1845,5054.0,29017.0,4780.0,27.728572905538133,6.982113933211566,29.748078712478893,11.765516766033704,6.358341661784471,17.417376020953235,0.8585673284611061,0,Surplus,Healthy,0.14953989999112346,Low Saving
26916.0,6271.0,2522,5570,2990,1103,6500.0,24956.0,1960.0,25.497052246391544,10.254116690384224,22.64687944704208,10.689164464322015,4.484651351900793,26.42813579995934,0.9271808589686433,1,Surplus,Healthy,0.24149204933868332,Healthy Saving
23260.0,11179.0,1899,7677,2809,1975,5162.0,30701.0,-7441.0,36.73435856992639,6.240141955835962,25.22673501577287,9.230415352260778,6.489879074658254,16.07847003154574,1.3199054170249356,5,Deficit,Unhealthy,0.22192605331040413,Healthy Saving
26971.0,6499.0,2190,4733,3294,1231,4218.0,22165.0,4806.0,29.3210015790661,9.880442138506655,21.353485224452967,14.861267764493572,5.553801037672006,19.030002255808707,0.8218086092469689,0,Surplus,Healthy,0.15639019687812836,Low Saving
29839.0,3675.0,1979,5010,3218,3092,5406.0,22380.0,7459.0,16.420911528150135,8.842716711349418,22.7434724203955,14.378909740840037,13.815907059874888,24.15549597855228,0.747353991287602,0,Surplus,Healthy,0.1811722912966252,Low Saving
24095.0,8916.0,1951,5313,2711,1517,6394.0,26802.0,-2707.0,33.26617416610701,7.2793075143646,19.82314752630401,10.114916797253937,5.660025371240953,23.856428624729496,1.112346959950197,5,Deficit,Unhealthy,0.2653662585598672,Healthy Saving
24241.0,5790.0,2129,5154,2245,1919,2785.0,20022.0,4219.0,28.91818999100989,10.633303366297072,25.74168414743782,11.21266606732594,7.68221184475491,13.909699330736188,0.8419724050177535,1,Surplus,Healthy,0.11488799966998062,Low Saving
40556.0,9977.0,1999,5732,4643,2129,5521.0,30001.0,10555.0,30.91315275062832,7.492566897918731,18.936240502147346,15.338619094813346,7.033366369342583,18.2391807069706,0.7552005800541103,0,Surplus,Healthy,0.13613275470953742,Low Saving
25697.0,7237.0,1375,5291,2929,1855,7635.0,26322.0,-625.0,27.494111389712028,5.2237671909429375,20.101056150748423,11.127573892561356,7.047336828508471,29.006154547526787,1.0243219052807722,5,Deficit,Unhealthy,0.29711639490991165,Healthy Saving
28384.0,9207.0,2716,5180,2837,1854,6147.0,27941.0,443.0,32.95157653627286,9.720482445152284,18.539064457249204,10.15353781181776,7.68221184475491,21.99992842060055,0.9741947303534142,0,Surplus,At Risk,0.21656567080045097,Healthy Saving
28163.0,10803.0,1070,7158,3056,2210,5115.0,29412.0,-1249.0,30.91315275062832,3.6379708962328303,24.337005303957568,10.39031687746498,7.513939888480891,17.390860873113017,1.108847917562674,5,Deficit,Unhealthy,0.1816212761424564,Low Saving
27893.0,5582.0,1657,7223,2878,2763,6279.0,26382.0,1511.0,21.158365552270485,6.280797513456145,27.378515654613,10.908953074065652,10.473049806686378,23.800318398908345,0.9458287025418564,0,Surplus,Healthy,0.22511024271322555,Healthy Saving
33106.0,6868.0,1952,6949,3061,2383,5904.0,27117.0,5989.0,25.327285466681417,7.198436405207066,25.625991075708964,11.288121842386694,8.787845263119076,21.772319946896783,0.8190962363317827,0,Surplus,Healthy,0.17833625324714553,Low Saving
34740.0,7848.0,2206,6523,3643,2004,6507.0,28731.0,6009.0,26.634086744043984,7.486594719337542,22.13737867372565,12.36340188692052,9.295459173284463,22.083078802687844,0.8270293609671848,0,Surplus,Healthy,0.1873056994818653,Low Saving
28470.0,11075.0,2788,5969,2937,1476,5162.0,29407.0,-937.0,43.74012638230648,11.011058451816744,24.06003159557662,11.59952606635071,5.829383886255924,3.7598736176935232,1.032911837021426,0,Deficit,Unhealthy,0.18131366350544434,Low Saving
23817.0,8086.0,1070,5502,2418,2158,1893.0,21127.0,2690.0,33.882579598458726,5.424863110930846,27.894950314337866,12.259176637598864,10.940985601297912,9.597444737375788,0.8870554645841205,1,Surplus,Healthy,0.07948104295251292,Low Saving
36372.0,8086.0,1746,5046,2919,2077,7009.0,26883.0,9489.0,26.5942906236576,6.81844808060296,22.7434724203955,11.399226773929003,8.111063381106728,27.37142187683056,0.7173208479768016,0,Surplus,Healthy,0.19270317826899813,Low Saving
29523.0,8956.0,1999,6362,2767,2175,1989.0,24248.0,5275.0,38.62842354970886,4.037092948026742,27.440155272805693,11.93444037092948,9.381065343972397,8.578822514556826,0.8213257460285202,1,Surplus,Healthy,0.06737120211360634,Low Saving
38651.0,6845.0,2015,4826,3711,2688,5803.0,25888.0,12763.0,26.440822002472185,7.783529048207664,18.64184177997528,14.33482694684796,10.3831891223733,22.41579110012361,0.669788621251714,0,Surplus,Healthy,0.15013841815218235,Low Saving
18772.0,8305.0,2135,5006,3585,1889,4295.0,25215.0,-6443.0,32.93674400158636,8.467182232797937,19.85326194725362,14.217727543129092,7.491572476700377,17.03351179853262,1.3432239505646708,5,Deficit,Unhealthy,0.22879821010014917,Healthy Saving
30977.0,4896.0,2795,7152,3053,1797,3007.0,22700.0,8277.0,21.568281938325992,7.68669977673486,31.50660792951541,13.44933920704846,7.916299559471366,20.143709574077935,0.7165298085443257,1,Surplus,Healthy,0.0970720211770023,Low Saving
39593.0,12428.0,2060,7900,2360,2266,5699.0,32713.0,6880.0,37.991012747225874,6.297190719285911,24.1494207195916,7.214257328890655,7.68221184475491,20.143709574077935,0.7984629420566381,0,Surplus,Healthy,0.1439395852802263,Low Saving
28233.0,5304.0,2522,6393,2387,1110,5402.0,23118.0,5115.0,30.91315275062832,10.909248204862012,27.65377627822476,10.325287654641404,4.801453412924993,23.36707327623497,0.758385749498556,0,Surplus,Healthy,0.19133637941416073,Low Saving
28872.0,7356.0,2291,7106,3007,1881,9220.0,30861.0,-1989.0,30.91315275062832,7.423609085901299,23.025825475519262,9.743689446226629,6.095071449402158,29.875895142736788,0.9982422416462752,4,Deficit,Unhealthy,0.31934053754502634,Healthy Saving
31477.0,8086.0,1782,5754,3168,1932,3750.0,24472.0,7005.0,32.62612557049464,7.327001356852103,23.65856667077833,13.025780189959294,7.943752312816085,15.418773899099545,0.777456555580265,0,Surplus,Healthy,0.11913460622041491,Low Saving
27206.0,11825.0,1999,4662,2812,1539,7880.0,30717.0,-3511.0,39.39959350947922,4.314796921334088,15.53326891680272,9.369273314896878,5.127777962882751,26.25528937460434,1.1290524149084762,5,Deficit,Unhealthy,0.2896419907373374,Healthy Saving
28439.0,5350.0,1999,6612,2990,2528,5704.0,25183.0,3256.0,21.323236349143084,8.517337584695097,26.353128736548427,10.99641291351136,10.075727381426864,22.73415703467517,0.8855093357713,0,Surplus,Healthy,0.20056964028271038,Healthy Saving
28310.0,11967.0,1253,6569,2703,1468,5162.0,29122.0,-812.0,43.30064768245468,4.53377718276224,23.768860585447047,9.780366899446394,5.311719795925752,13.304627853963888,1.0286824443659484,0,Deficit,Unhealthy,0.18233839632638643,Low Saving
26862.0,9514.0,2647,6071,2988,1932,6598.0,29750.0,-2888.0,31.97983193277312,8.897478991596639,20.40672268907563,10.043697478991596,6.494117647058824,22.178151260504205,1.1075124711488347,5,Deficit,Unhealthy,0.24562579108033653,Healthy Saving
36144.0,8834.0,1999,5757,1808,2146,6131.0,26675.0,9469.0,33.21801910205309,7.21215311724449,21.64774009175002,6.798525983304504,8.069489358501917,23.05407234714597,0.7380201416555998,0,Surplus,Healthy,0.1696270473660912,Low Saving
30161.0,6030.0,2597,6962,2449,2676,5071.0,25785.0,4376.0,23.38568935427574,10.071747139809966,27.00019391118868,9.497770021330233,10.378126817917394,19.66647275547799,0.8549119724147077,0,Surplus,Healthy,0.168131030138258,Low Saving
31253.0,8086.0,1759,5969,2686,1994,5532.0,26026.0,5227.0,34.9906227274467,6.732498947448999,19.190875339686915,11.489829961092749,7.68221184475491,21.17349867952693,0.8223936987693578,0,Surplus,Healthy,0.17700700732729657,Low Saving
34042.0,6553.0,2134,5226,3603,2468,3806.0,23790.0,10252.0,27.54518705338377,7.68669977673486,21.9672131147541,15.145018915510718,10.37410676754939,15.998318621269442,0.7079285559552981,0,Surplus,Healthy,0.1118030667998355,Low Saving
30161.0,10533.0,2104,4991,2593,2350,3348.0,25919.0,4242.0,40.63814190362282,8.117597129518886,19.25614414136348,10.004243990894713,9.066707820517768,12.917165014082332,0.8593547959285169,0,Surplus,Healthy,0.11100427704651702,Low Saving
26128.0,6057.0,1977,6084,3090,2061,6518.0,25787.0,341.0,23.488579516810795,7.666653740256718,23.593283437390934,11.982782021949044,7.992399270950479,25.276302012642027,0.986948867115738,0,Surplus,At Risk,0.24946417636252297,Healthy Saving
26986.0,7773.0,1783,5969,3113,1455,4552.0,24645.0,2341.0,32.953196540613874,7.68669977673486,20.82414787179922,13.197388502628456,6.168390707139223,19.297948109208072,0.9120859295493549,1,Surplus,Healthy,0.16868005632550212,Low Saving
30008.0,6889.0,2196,5315,3648,1282,4839.0,24169.0,5839.0,28.503454838843144,9.086019280897018,21.990980181223883,15.09371508957756,5.304315445405272,20.021515164053124,0.8054185550519861,0,Surplus,Healthy,0.161256998133831,Low Saving
24703.0,6024.0,1536,5294,3631,2053,5559.0,24097.0,606.0,24.99896252645557,6.374237456944848,21.969539776735694,15.06826575922314,8.519732746814956,23.069261733825787,0.9754685665708621,0,Surplus,At Risk,0.22503339675343076,Healthy Saving
27498.0,12878.625,1395,5969,2971,1728,5530.0,30471.625,-2973.625,35.321288880610915,5.1964984168374,21.37828273421493,11.067237846898864,6.436952877630844,20.59973924380704,1.1081396828860282,2,Deficit,Unhealthy,0.2011055349479962,Healthy Saving
27419.0,9070.0,2621,4512,2762,2459,2141.0,23565.0,3854.0,30.91315275062832,11.122427328665394,19.14704010184596,11.72077233184808,10.434967112242733,9.085508168894547,0.9298902485348619,1,Surplus,Healthy,0.0780845399175754,Low Saving
40622.0,10418.0,2363,6087,2668,2372,7572.0,31480.0,9142.0,33.094027954256674,7.506353240152477,19.33608640406608,8.475222363405337,7.534942820838627,24.05336721728081,0.7749495347348727,0,Surplus,Healthy,0.18640145733838806,Low Saving
17329.375,4440.0,2032,7247,2879,1907,5242.0,23747.0,-6417.625,18.697098580873373,8.556870341516824,30.51753905756517,12.123636669895143,8.030488061649892,20.143709574077935,1.3973094294965616,5,Deficit,Unhealthy,0.3024921556605475,Healthy Saving
29101.0,10128.0,2832,6135,2782,1421,4594.0,27892.0,1209.0,36.311487164778434,7.68669977673486,21.99555428079736,11.489829961092749,5.094650795927148,16.47067259429227,0.9676584883004439,1,Surplus,Healthy,0.1578639909281468,Low Saving
38628.0,12878.625,1866,7541,3276,2255,5861.0,33677.625,4950.375,38.48087787275578,7.68669977673486,22.30471176313999,9.689727587328818,6.66982164512408,17.335620692714958,0.8533489145183478,0,Surplus,Healthy,0.15172931552241897,Low Saving
30609.0,7096.0,2661,7333,3210,1491,5473.0,27264.0,3345.0,26.02699530516432,9.76012323943662,26.896273474178408,11.773767605633804,5.46875,20.07409037558685,0.890718416152112,0,Surplus,Healthy,0.1788036198503708,Low Saving
33767.0,11790.0,2087,6777,3295,1620,6534.0,32103.0,1664.0,36.72553966918979,6.500950066971935,21.11017661900757,10.263838270566614,5.046257359125315,20.35323801513877,0.9507211182515474,0,Surplus,Healthy,0.1935025320579264,Low Saving
30499.0,8086.0,1487,6074,3629,1510,6075.0,26861.0,3638.0,28.47074062785736,5.665193538555319,23.140810728436453,13.825815300213348,5.752819262419994,23.14462054251753,0.8807174005705105,0,Surplus,Healthy,0.1991868585855274,Low Saving
26663.0,5255.0,2924,6022,3931,1930,6435.0,26497.0,166.0,19.83243386043703,11.035211533381135,22.727101181265805,14.835641770766502,7.283843453975922,24.285768200173603,0.9937741439447924,0,Surplus,At Risk,0.24134568503169185,Healthy Saving
18790.0,7388.0,1999,6763,3062,2585,7701.0,29498.0,-10708.0,24.63159298526372,8.318330332733213,22.7434724203955,11.489829961092749,8.618390344735614,25.675135027005403,1.5470317859932756,5,Deficit,Unhealthy,0.4098456625864822,Healthy Saving
31027.0,10096.0,1999,5969,3549,1997,6767.0,30377.0,650.0,30.91315275062832,6.472826812658567,18.72079049272266,11.847376151689144,6.666444118039792,22.58979837094405,1.0071459619961438,2,Surplus,At Risk,0.2181003641989235,Healthy Saving
26121.0,6323.0,2363,4117,2990,1778,4679.0,22250.0,3871.0,28.63158848034776,10.70005433798225,18.64245607679768,12.787538489404094,8.051077703314617,21.1872849121536,0.8518050610619807,0,Surplus,Healthy,0.17912790475096665,Low Saving
25998.0,8086.0,1798,6492,2990,1237,2754.0,23357.0,2641.0,29.988532110091743,7.930486944248412,28.63443895553987,15.84333098094566,5.4560691601976,12.14714184897671,0.8984152627125164,1,Surplus,Healthy,0.10593122547888299,Low Saving
27505.0,9187.0,2414,4868,3530,2276,8335.0,30610.0,-3105.0,30.01306762495916,7.8863116628552765,15.903299575302189,11.53217902646194,7.43547860176413,27.229663508657303,1.1128885657153247,5,Deficit,Unhealthy,0.30303581167060534,Healthy Saving
38724.0,8006.0,804,5037,3504,1609,5162.0,24122.0,14602.0,34.091296201669216,3.4236075625958104,21.448645886561064,14.92079713847726,6.8514733435530575,19.26417986714359,0.6229211858279105,0,Surplus,Healthy,0.133302344799091,Low Saving
42024.0,9169.0,1490,6000,3047,2058,4053.0,25817.0,16207.0,35.5153580973777,5.77139094395166,23.24050044544293,11.802300809544098,7.68221184475491,15.698958050896698,0.6161217408796847,0,Surplus,Healthy,0.09644488863506567,Low Saving
31086.0,8475.0,2489,5904,2665,1822,1526.0,22881.0,8205.0,37.03946505834535,10.87802106551287,25.803068047725187,11.647218215987063,7.96293868274988,6.669288929679647,0.7360548156726501,0,Surplus,Healthy,0.04908962233802998,Low Saving
27676.0,8959.0,1875,4587,2302,2419,5676.0,25818.0,1858.0,34.700596483073824,7.262375087148501,17.766674413200093,8.916259973661786,9.369432179099851,21.984661863815944,0.9328660211013153,0,Surplus,Healthy,0.20508744038155802,Healthy Saving
24113.0,8086.0,2103,6165,2979,1921,5297.0,26551.0,-2438.0,27.87109375,8.21484375,24.08203125,11.63671875,7.50390625,20.69140625,1.1011072865259401,5,Deficit,Unhealthy,0.2196740347530378,Healthy Saving
32342.0,8463.0,1326,6966,3766,1970,5162.0,27653.0,4689.0,34.599345870809486,5.4210956663941126,28.47914963205233,15.396565821749796,8.053965658217498,8.049877350776779,0.8550182425329295,0,Surplus,Healthy,0.15960670335786284,Low Saving
38914.0,6145.0,2923,4871,2990,2242,5162.0,24333.0,14581.0,24.64703994866036,11.723888978020216,22.7434724203955,11.411038023423712,8.992459489812289,23.68843253649928,0.6058755692815947,0,Surplus,Healthy,0.1326514878963869,Low Saving
28763.0,10576.0,2595,7272,3392,3053,4003.0,30891.0,-2128.0,34.236509015570874,8.400505001456734,23.5408371370302,10.980544495160403,9.883137483409406,20.143709574077935,1.0019886232254134,5,Deficit,Unhealthy,0.13917185272746235,Low Saving
18105.0,6731.0,1899,4439,3421,2444,5162.0,24096.0,-5991.0,22.96172477314593,6.478133315139524,22.7434724203955,11.6701917172682,7.68221184475491,35.40970184894589,1.2444692510781519,5,Deficit,Unhealthy,0.2851146092239713,Healthy Saving
33350.0,10257.0,1999,8117,2858,1955,3861.0,29047.0,4303.0,35.55902236089444,6.229849193967759,28.14005893569076,9.908129658519671,6.777604437510834,13.385335413416536,0.8709745127436281,0,Surplus,Healthy,0.11577211394302848,Low Saving
34926.0,7532.0,2514,5588,3658,2001,5162.0,26455.0,8471.0,29.62788136259932,9.889072456927073,21.980961372039964,14.389111792935251,7.871135237196129,16.241837778302255,0.7574586268109718,0,Surplus,Healthy,0.14779820191261525,Low Saving
22070.0,8086.0,2991,6145,1545,1737,3250.0,23754.0,-1684.0,34.90922687050808,12.42574051763533,25.52864442690374,6.418511902289062,7.2161522163599345,13.501724066303852,1.0763026733121885,5,Deficit,Unhealthy,0.14725872224739464,Low Saving
30882.0,7010.0,2476,4107,2388,1525,7555.0,25061.0,5821.0,27.971748932604445,9.879893060931328,16.38801324767567,9.52874985036511,6.085152228562308,30.146442679861146,0.8115083219998704,0,Surplus,Healthy,0.2446408911339939,Healthy Saving
32256.0,5968.0,3085,5969,2542,1723,4254.0,23541.0,8715.0,25.3860223744098,13.122633884895146,25.25415798204943,10.812880173550557,7.329108001191033,18.09519758390404,0.7298177083333334,0,Surplus,Healthy,0.13188244047619047,Low Saving
29634.0,4510.0,1538,6228,2590,1613,3550.0,20029.0,9605.0,22.517349842728045,7.678865644815018,22.7434724203955,12.93124968795247,8.053322682110938,17.724299765340255,0.737468278300645,0,Surplus,Healthy,0.11979483026253628,Low Saving
26046.0,5889.0,1590,5913,3168,2326,6413.0,25299.0,747.0,30.91315275062832,6.284833392624215,23.37246531483457,12.522234080398434,9.19403929009052,25.34882801691766,0.9024155557140943,0,Surplus,At Risk,0.2462182292866467,Healthy Saving
35079.0,7352.0,1405,5436,3145,1464,2239.0,21041.0,14038.0,34.94130507105175,6.677439285205075,25.835273988878853,14.94700822204268,6.957844208925431,10.641129223896202,0.5998175546623336,0,Surplus,Healthy,0.06382736109923316,Low Saving
27983.0,8423.0,2220,5053,3196,2666,6250.0,27808.0,175.0,30.289844649021862,7.98331415420023,18.17102991944764,11.493095512082856,9.587169159953971,22.47554660529344,0.9937462030518529,0,Surplus,At Risk,0.22334989100525318,Healthy Saving
22574.0,10020.0,2087,7130,3298,2376,8562.0,33473.0,-10899.0,29.93457413437696,6.234875870104263,21.300749858094584,9.852717115286948,7.098258297732501,25.578824724404743,1.4828120846992114,5,Deficit,Unhealthy,0.37928590413750335,Healthy Saving
19752.0,7108.0,1924,6030,2524,2010,6133.0,25729.0,-5977.0,27.62641377434024,7.47794317695985,23.436589062925105,9.809942088693692,7.812196354308368,23.836915542772747,1.3026022681247467,5,Deficit,Unhealthy,0.31050020251113813,Healthy Saving
30161.0,6236.0,2404,7540,2390,2000,6275.0,26845.0,3316.0,23.229651704227976,8.955112683926243,28.08716707021792,8.902961445334327,7.450176941702366,23.374930154591173,0.8900566957329001,0,Surplus,Healthy,0.20805013096382746,Healthy Saving
33083.0,8086.0,2616,5473,3198,2004,6740.0,28117.0,4966.0,20.569543882229908,10.522081892044085,22.01351460059529,12.863003780870406,6.922210602525944,27.109645241734377,0.8498926941329382,1,Surplus,Healthy,0.20373001239307198,Healthy Saving
30439.0,8960.0,1237,5565,2684,2135,8419.0,29000.0,1439.0,30.89655172413793,4.26551724137931,19.1896551724138,9.255172413793105,7.68221184475491,29.03103448275862,0.9496847741961062,0,Surplus,Healthy,0.2765859588028516,Healthy Saving
27798.0,10766.0,1701,6815,2214,2004,7419.0,30919.0,-3121.0,34.22232111637369,5.407037731650719,21.66311707301568,7.0377316507199845,8.086716043103722,23.58307638513621,1.1122742643355636,4,Deficit,Unhealthy,0.26688970429527303,Healthy Saving
27355.0,10532.0,2410,4377,3485,1648,5879.0,28331.0,-976.0,37.17482616215453,7.68669977673486,15.449507606508773,12.301013024602025,5.816949631146094,20.75112068052664,1.0442405872005274,5,Deficit,Unhealthy,0.21491500639736794,Healthy Saving
43220.375,9419.0,1766,4786,3697,1233,6807.0,27708.0,15512.375,33.993792406525195,7.68669977673486,17.272989750252634,13.34271690486502,4.4499783456041575,24.56691208315288,0.6327775899660805,0,Surplus,Healthy,0.157495162871678,Low Saving
27842.0,9277.0,1600,7097,3778,2004,3228.0,26984.0,858.0,33.943141487687974,5.854158281804544,22.7434724203955,13.82313124291098,8.601953825326552,11.810764333540668,1.001464230089761,1,Surplus,At Risk,0.11593994684289921,Low Saving
19399.0,11395.0,2509,4828,3093,2162,6552.0,30539.0,-11140.0,37.312944104260126,8.215724155997249,15.8092930351354,10.128033006974688,7.079472150365107,21.45453354726743,1.5742564049693284,5,Deficit,Unhealthy,0.3377493685241507,Healthy Saving
26319.0,8664.0,1355,5969,3312,1439,2988.0,23727.0,2592.0,39.49311696599508,6.1764974017686205,19.05369678183973,15.097091804175404,6.55939465767162,13.620202388549547,0.9015160150461644,1,Surplus,Healthy,0.11353014932178274,Low Saving
28445.0,9292.0,1849,7868,3684,1633,4265.0,28591.0,-146.0,32.49973767968941,6.467070057010947,27.519149382672868,12.885173656045607,5.711587562519674,14.917281662061487,1.005132712251714,5,Deficit,Unhealthy,0.14993847776410618,Low Saving
33049.0,7358.0,2164,4606,2679,1570,5162.0,23539.0,9510.0,42.74924471299094,12.572623750871484,26.760399721124795,11.489829961092749,9.121543109458518,20.143709574077935,0.5798280807180265,0,Surplus,Healthy,0.1561923204938122,Low Saving
30161.0,5275.0,1713,6184,3555,1637,5802.0,24166.0,5995.0,21.82818836381693,7.088471406107755,25.589671439212115,14.710750641397006,6.7739799718612925,24.0089381776049,0.8012333808560724,0,Surplus,Healthy,0.19236762706806804,Low Saving
33974.0,6632.0,2391,6069,3137,1838,3712.0,23779.0,10195.0,27.8901551789394,10.055090626182766,25.522519870473943,13.192312544682284,7.729509230833929,15.610412548887671,0.6999175840348502,0,Surplus,Healthy,0.10926002237004769,Low Saving
36745.0,7981.0,1715,3189,3456,1866,7222.0,25429.0,11316.0,31.38542608832435,6.7442683550277245,12.540799874159426,13.590782177828464,7.338078571709465,28.40064493295057,0.6920397332970473,0,Surplus,Healthy,0.19654374744863246,Low Saving
35290.0,8121.0,2704,5732,3093,1674,5780.0,27104.0,8186.0,29.962367178276267,9.976387249114522,21.14817001180637,11.411599763872491,7.68221184475491,21.325265643447462,0.7566412410117725,0,Surplus,Healthy,0.16378577500708416,Low Saving
32352.0,11852.0,1937,6448,3648,1620,7248.0,32753.0,-401.0,36.18599822916985,5.913962079809483,19.6867462522517,11.13791103105059,4.946111806552072,22.129270601166308,1.0123949060336301,5,Deficit,Unhealthy,0.22403560830860533,Healthy Saving
30059.0,8162.0,2335,6354,3111,1885,2832.0,24679.0,5380.0,33.07265286275781,9.461485473479476,22.7434724203955,12.605859232545887,7.638072855464159,11.475343409376393,0.846438164154469,0,Surplus,Healthy,0.09421471106823248,Low Saving
25096.0,10357.0,2373,6903,2258,2083,7076.0,31050.0,-5954.0,33.35587761674718,7.642512077294686,22.231884057971016,7.272141706924315,6.708534621578099,22.789049919484704,1.2372489639783233,5,Deficit,Unhealthy,0.2819572840293274,Healthy Saving
33699.0,7129.0,1999,5612,3725,1841,9211.0,29517.0,4182.0,24.41103958361868,7.68669977673486,19.216545678674155,12.755102040816327,6.303930968360498,20.143709574077935,0.9676647422772882,0,Surplus,Healthy,0.27333155286507016,Healthy Saving
30161.0,7376.0,973,6712,2526,2579,6528.0,26694.0,3467.0,27.631677530531206,3.645013860792688,25.144227167153662,9.462800629354913,9.661347119202818,24.454933692964712,0.8850502304300256,0,Surplus,Healthy,0.21643844700109413,Healthy Saving
31710.0,5341.0,2180,5310,3626,2254,6580.0,25291.0,6419.0,21.118184334348182,8.619667075244159,20.995611086947928,14.337115970107943,8.912261278715748,26.017160254636035,0.7975717439293598,0,Surplus,Healthy,0.20750551876379691,Healthy Saving
39586.0,6515.0,2036,4589,2990,1204,5339.0,22673.0,16913.0,28.78031541281972,8.99412466316208,20.272120864072093,13.049432345275433,5.318725979590935,23.58528073507973,0.5727529934825444,0,Surplus,Healthy,0.13487091395948062,Low Saving
22372.0,9053.0,2277,4702,3588,2004,3950.0,25574.0,-3202.0,35.04703650652317,8.814989741008866,18.20293445859626,13.89028686462003,8.753048662459834,20.143709574077935,1.090227436699207,5,Deficit,Unhealthy,0.1765599856964062,Low Saving
24229.0,8015.0,1886,5969,3567,2302,6522.0,28261.0,-4032.0,29.87438965298744,7.029706660702971,16.91080547169108,13.295314771329531,8.580267620858027,24.30951582243096,1.166412150728466,5,Deficit,Unhealthy,0.269181559288456,Healthy Saving
34276.0,9885.0,1784,7009,3215,1782,1987.0,25662.0,8614.0,38.51999064765022,6.951913334892058,27.312758163822,12.528251889954015,6.944119710077157,7.742966253604551,0.7486871280196056,0,Surplus,Healthy,0.05797059166763916,Low Saving
31321.0,8362.0,3004,5969,3254,1252,4164.0,26005.0,5316.0,34.10138248847927,12.250723869336486,18.29044492475837,13.27025814607887,5.105827657925859,16.98136291342115,0.8302736183391336,1,Surplus,Healthy,0.1329459468088503,Low Saving
36568.0,7295.0,1263,6274,3211,2004,1457.0,21504.0,15064.0,33.92392113095239,5.873325892857143,29.175967261904763,14.932105654761903,9.319196428571429,6.7754836309523805,0.5880551301684535,0,Surplus,Healthy,0.03984357908553927,Low Saving
29922.0,12296.0,2366,5734,2990,1996,3592.0,28974.0,948.0,43.95038781856525,8.456946777710261,20.495406941416164,7.123708760767773,7.68221184475491,20.143709574077935,0.8978176468528205,1,Surplus,At Risk,0.12004545150725218,Low Saving
25660.0,7812.0,1712,5897,2990,2004,6284.0,26699.0,-1039.0,29.81338014731137,6.5336030225546695,22.50505667290005,11.489829961092749,5.4917375872991645,23.981986795405103,1.0424133073717248,5,Deficit,Unhealthy,0.24489477786438035,Healthy Saving
28932.0,10326.0,1832,7363,2441,1274,6010.0,29246.0,-314.0,35.30739246392669,6.26410449292211,22.7434724203955,8.346440538877111,4.356151268549546,20.5498187786364,1.036056349040239,5,Deficit,Unhealthy,0.2077284667496198,Healthy Saving
22336.0,7197.0,1841,5561,3085,1956,5101.0,24741.0,-2405.0,29.089365829998787,7.441089689179904,22.476860272422293,12.469180712178163,7.905905177640355,20.61759831858049,1.1076737106017192,5,Deficit,Unhealthy,0.22837571633237821,Healthy Saving
24357.0,8086.0,1598,6611,2990,1883,5340.0,26508.0,-2151.0,34.5283918032186,5.857985996554126,24.23475933868544,11.489829961092749,6.902745701821915,19.575497635543822,1.0608438877345083,4,Deficit,Unhealthy,0.21923882251508806,Healthy Saving
34862.0,9856.0,2285,6037,2407,1791,5162.0,27538.0,7324.0,41.75563463819692,9.680562616505677,25.576173529910182,10.197424165395695,7.587697000508388,5.202508049483138,0.7899145201078537,0,Surplus,Healthy,0.14806953129481956,Low Saving
34363.0,8416.0,1999,5969,3802,1958,4254.0,26398.0,7965.0,31.2027287557467,9.99184339314845,21.67803648227792,11.489829961092749,7.259380097879283,15.771911612042116,0.7887673990134683,0,Surplus,Healthy,0.12379594331111952,Low Saving
31815.0,3299.625,2235,8299,3534,1448,3637.0,22452.625,9362.375,14.663161646765282,9.958117982534308,36.976474781678846,15.745856353591158,6.451612903225806,16.2047763322046,0.7057245010215306,0,Surplus,Healthy,0.11431714600031431,Low Saving
21394.0,8036.0,2051,4558,2990,1782,3681.0,23098.0,-1704.0,34.78035057346895,8.876866479117073,19.72733174637524,12.971218351006277,7.712616316814542,15.931616533217918,1.0796484995793214,5,Deficit,Unhealthy,0.17205758623913248,Low Saving
28207.0,10460.0,1506,5969,3092,2266,6199.0,29492.0,-1285.0,33.94781254056861,4.887706088536933,23.656367648967937,10.035051278722577,7.354277554199662,20.118784889004285,1.0455560676427835,4,Deficit,Unhealthy,0.2197681426596235,Healthy Saving
23875.0,9054.0,2258,5969,2876,1825,3278.0,25260.0,-1385.0,34.89420742282345,8.702354800169577,25.65229120900297,11.084133040428569,7.033568427949281,12.633445099626162,1.0580104712041885,4,Deficit,Unhealthy,0.13729842931937172,Low Saving
43220.375,8891.0,3078,5520,3284,1164,3790.0,25727.0,17493.375,30.91315275062832,7.68669977673486,21.45605783806896,12.764799626851168,4.524429587592802,14.731604928674155,0.6464733999847477,0,Surplus,Healthy,0.08769012300332887,Low Saving
27081.0,4555.0,1809,7629,2661,1763,825.0,19242.0,7839.0,23.67217544953747,9.40130963517306,39.64764577486748,13.829123791705644,9.16224924644008,4.28749610227627,0.7105350614822198,0,Surplus,Healthy,0.030464163066356485,Low Saving
24571.0,6559.0,1812,4151,3496,1464,4411.0,21893.0,2678.0,29.9593477367195,7.68669977673486,18.960398300826743,15.968574430183164,7.68221184475491,20.143709574077935,0.8874515638527738,0,Surplus,Healthy,0.17952057303325059,Low Saving
30148.0,8822.0,1719,5478,2873,2133,2824.0,23849.0,6299.0,36.99106880791647,7.68669977673486,22.96951654157407,12.0466266929431,7.68221184475491,11.841167344542749,0.7973046591097623,0,Surplus,Healthy,0.09367122197160674,Low Saving
26799.0,8820.0,1755,4791,2790,2159,5158.0,25473.0,1326.0,34.624896949711456,6.889647862442587,18.8081498056766,10.952773524908729,8.475640874651592,20.24889098260904,0.9505205418112617,0,Surplus,Healthy,0.1924698682786671,Low Saving
37418.0,10429.0,627,6412,3010,1170,3097.0,24745.0,12673.0,30.91315275062832,2.5338452212568194,25.91230551626591,12.164073550212164,4.728227924833299,12.51565972923823,0.7449961869126658,0,Surplus,Healthy,0.08276765193222513,Low Saving
30161.0,7710.0,2202,4886,2704,2379,5209.0,25090.0,5071.0,30.72937425269032,8.776404942208051,19.473893981666,10.77720207253886,9.481865284974091,20.76125946592268,0.831868969861742,0,Surplus,Healthy,0.17270647524949437,Low Saving
23003.0,8811.0,1577,6433,3164,1443,4710.0,26138.0,-3135.0,30.91315275062832,6.033361389547784,24.611676486341725,12.104981253347615,5.520697834570357,18.01974137271406,1.1689756775579294,5,Deficit,Unhealthy,0.20475590140416466,Healthy Saving
19235.0,8032.0,1194,5813,2731,2779,8344.0,28893.0,-9658.0,27.799120894334266,4.132488838126882,20.11905997992593,9.45211642958502,9.618246634132834,28.878967223895064,1.502105536781908,5,Deficit,Unhealthy,0.4337925656355602,Healthy Saving
29846.0,6026.0,2376,5520,3234,1975,5994.0,25125.0,4721.0,23.98407960199005,9.456716417910448,21.970149253731343,12.871641791044777,7.860696517412935,23.856716417910448,0.8418213495945857,0,Surplus,Healthy,0.2008309321182068,Healthy Saving
43220.375,3488.0,1458,6388,2990,1376,1320.0,17020.0,26200.375,19.775484748837737,8.266243338246968,36.21725819253884,20.45583399478399,7.801338020183694,7.483841705408777,0.39379575026824726,0,Surplus,Healthy,0.03054115101962905,Low Saving
30161.0,8862.0,1830,5969,2640,1429,2470.0,23200.0,6961.0,38.59419911157565,7.969689051476352,24.95862729727376,11.497256336556047,6.223325494294922,10.756902708823274,0.7692052650774178,0,Surplus,Healthy,0.08189383641125958,Low Saving
35946.0,8347.0,2733,4911,2934,2174,5110.0,26209.0,9737.0,31.847838528749666,10.427715670189633,18.737838147201344,11.19462779961082,8.294860544087909,20.143709574077935,0.7244373187962094,0,Surplus,Healthy,0.1421576809658933,Low Saving
33336.0,6763.0,1295,8801,3230,2004,5162.0,27255.0,6081.0,27.01633843326808,5.173171413733871,35.157591978588265,12.902968082131586,7.20648743658371,12.543442655694484,0.8175845932325414,0,Surplus,Healthy,0.15484761219102472,Low Saving
29858.0,4761.0,1233,5512,2782,1951,5162.0,21401.0,8457.0,31.11154675553813,8.057243677710254,36.01908122590341,18.17944193948899,12.7491341567013,20.143709574077935,0.5676844878415249,0,Surplus,Healthy,0.17288498894768572,Low Saving
36821.0,8086.0,1999,3782,3232,2004,7699.0,26802.0,10019.0,32.024764803541785,7.381018262313227,13.081073602656335,11.178749308245711,7.68221184475491,26.62908135030437,0.7429300640438479,0,Surplus,Healthy,0.20909263735368405,Healthy Saving
33312.0,7468.0,2574,5157,3277,1650,6440.0,26566.0,6746.0,28.111119476021983,9.68907626289242,19.41203041481593,12.335315817209969,6.210946322366935,24.24151170669277,0.7974903938520653,0,Surplus,Healthy,0.19332372718539864,Low Saving
25885.0,9113.0,1212,4732,3541,2029,6041.0,26668.0,-783.0,34.1720413979301,4.544772761361933,17.74411279436028,13.278086095695215,7.608369581520924,22.652617369131544,1.0302491790612325,5,Deficit,Unhealthy,0.23337840448135985,Healthy Saving
30161.0,11728.0,2203,6826,2697,2709,3785.0,29948.0,213.0,39.16121276879925,7.35608387872312,22.79284092426873,9.005609723520768,9.045679177240553,20.143709574077935,0.9236190348211065,0,Surplus,At Risk,0.12549318656543218,Low Saving
34089.0,8086.0,2290,6321,2528,2135,5855.0,27215.0,6874.0,16.26980653068371,10.023636522804868,27.667863083253085,11.065394379760134,9.34518077562812,25.628118707870083,0.7983513743436299,1,Surplus,Healthy,0.17175628501862772,Low Saving
31981.0,6600.0,970,5969,2846,1196,3591.0,21172.0,10809.0,30.55414101199019,4.490532845701588,29.618999120411093,13.175315957594554,5.536780704597009,20.143709574077935,0.6395106295502577,0,Surplus,Healthy,0.11228541946780901,Low Saving
30848.0,7581.0,1999,5629,2516,2252,5409.0,25386.0,5462.0,29.399674241836653,9.30349802218258,22.7434724203955,9.75723260684092,8.733421236329791,20.143709574077935,0.8222721709321205,0,Surplus,Healthy,0.1753436203319502,Low Saving
25767.0,10909.0,2438,5720,3282,1418,3158.0,26925.0,-1158.0,40.516248839368615,9.054781801299908,21.24419684308264,12.189415041782729,5.266480965645311,20.143709574077935,0.9638360123991866,5,Deficit,Unhealthy,0.12255986339115924,Low Saving
33039.0,4727.0,1844,5969,2419,2703,8032.0,25694.0,7345.0,18.6440009465962,7.68669977673486,22.201624990139624,9.540900844048275,10.661039678157293,31.679419420998663,0.7744830507039223,0,Surplus,Healthy,0.24310663155664516,Healthy Saving
26222.0,11871.0,2626,5918,4166,1588,1859.0,28028.0,-1806.0,42.35407449693164,9.369202226345084,21.114599686028257,14.863707720850575,5.665762808619951,6.63265306122449,1.0688734650293645,5,Deficit,Unhealthy,0.07089466859888643,Low Saving
29490.0,8271.0,2568,6835,3647,3484,5162.0,29967.0,-477.0,25.63141095168738,7.958102203353063,21.181319532678422,11.301868666522047,10.796739905172146,23.13055874058694,1.01617497456765,5,Deficit,Unhealthy,0.17504238724991522,Low Saving
37234.0,7807.0,2051,6336,3006,2733,5077.0,27010.0,10224.0,28.90410958904109,7.593483894853757,23.45797852647168,11.129211403184003,10.118474639022583,18.79674194742688,0.7254122576140087,0,Surplus,Healthy,0.1363538701187087,Low Saving
26695.0,7603.0,1774,6500,3433,1601,4021.0,24932.0,1763.0,30.49494625381036,7.1153537622332745,26.07091288304188,13.769452911920425,7.68221184475491,16.127867800417135,0.9223294434266577,0,Surplus,Healthy,0.15062745832552912,Low Saving
22135.0,7127.0,1513,6499,2181,2004,5334.0,24658.0,-2523.0,28.89636717482972,6.134446967239702,26.35014596172559,8.842847875445994,8.149529678884203,21.6266623418748,1.113982380844816,5,Deficit,Unhealthy,0.2409758301332731,Healthy Saving
24737.0,10096.0,1981,6884,4261,2376,6466.0,32064.0,-7327.0,31.487025948103792,6.178268463073852,21.46956087824352,13.289046906187624,7.410179640718563,20.165918163672654,1.2961959817277762,5,Deficit,Unhealthy,0.2613898209160367,Healthy Saving
34971.0,8086.0,2284,6288,2704,2391,7733.0,29486.0,5485.0,21.502457633335776,8.37796199838603,23.06507226175629,9.918567970068228,8.770449710219353,28.36549042623432,0.8431557576277487,1,Surplus,Healthy,0.22112607589145292,Healthy Saving
31273.0,8086.0,1837,6358,2939,2221,10205.5,31646.5,-373.5,30.91315275062832,6.638719236746052,22.7434724203955,11.489829961092749,8.02645368797658,20.3317552672473,1.0104943294383348,0,Deficit,Unhealthy,0.32633581683880664,Healthy Saving
29355.0,7231.0,901,7188,2072,2626,3218.0,23236.0,6119.0,30.91315275062832,3.877603718368049,30.934756412463425,8.9171974522293,11.301428817352384,13.849199517989328,0.7931909136702254,0,Surplus,Healthy,0.10962357349684893,Low Saving
27454.0,6475.0,2634,5334,3243,1938,5162.0,24786.0,2668.0,26.17748130179908,10.648878107944208,21.56458459672529,13.110976349302607,7.835051546391752,20.66302809783707,0.9028192613098273,0,Surplus,Healthy,0.18802360311794275,Low Saving
32426.0,12878.625,2095,5144,2446,1816,8633.0,33012.625,-586.625,39.54661462242907,7.68669977673486,15.44512835910524,7.344242606215283,5.452634739528599,25.921032877946253,1.0040708194251047,4,Deficit,Unhealthy,0.26623697033244925,Healthy Saving
25754.0,8838.0,1810,4814,3050,1826,7695.0,28033.0,-2279.0,31.52712874112653,6.456676060357436,17.172617985945134,10.88003424535369,6.513751649841258,27.449791317375947,1.0884911081773705,5,Deficit,Unhealthy,0.2987885377028811,Healthy Saving
31528.0,9226.0,2428,6182,2727,2429,6817.0,29809.0,1719.0,30.950384112180885,8.145191049682982,20.738703076252136,9.148243818980845,8.148545741219095,22.868932201684057,0.9454770362852067,0,Surplus,Healthy,0.2162205024105557,Healthy Saving
26343.0,10275.0,2762,4146,2461,2182,6591.0,28417.0,-2074.0,36.157933631277054,9.719534081711652,14.589858183481718,8.660308969982756,7.678502304958299,23.19386282858852,1.0787305925672854,5,Deficit,Unhealthy,0.2501992939300763,Healthy Saving
25511.0,8086.0,599,5969,2597,2145,6398.0,25794.0,-283.0,22.07808887747239,2.5644318862916347,27.665039815052666,11.11824642520764,9.183149242229645,27.391043753746043,1.0110932538904784,1,Deficit,Unhealthy,0.2507937752342127,Healthy Saving
26812.0,11504.0,2217,5890,3112,2397,7317.0,32437.0,-5625.0,35.46567191787157,6.83478743410303,18.158276042790643,9.593982180842865,7.389709282609366,22.55757314178253,1.2097941220349098,5,Deficit,Unhealthy,0.27290019394301057,Healthy Saving
28122.0,3299.625,1286,7134,2359,2004,4086.0,20168.625,7953.375,15.84400403804261,6.832793156580415,37.90446841294299,12.533871739014929,5.175070400085011,21.709792253334044,0.7171831662043952,1,Surplus,Healthy,0.14529549818647322,Low Saving
29755.0,6462.0,2249,5328,2625,2155,2289.0,21108.0,8647.0,30.61398521887436,10.654728065188554,25.241614553723707,12.436043206367255,10.209399279893878,10.844229675952246,0.7093933792639893,0,Surplus,Healthy,0.07692824735338599,Low Saving
31177.0,7081.0,2063,5796,3331,2109,5138.0,25518.0,5659.0,27.74903989340857,8.084489380045458,22.713378791441336,13.053530840974997,8.264754291088643,20.13480680304099,0.8184879879398276,0,Surplus,Healthy,0.1648009750777817,Low Saving
17329.375,9163.0,2317,7122,4301,2834,3364.0,29101.0,-11771.625,31.48689048486306,7.961925707020377,24.4733857943026,14.779560839833684,9.738496958867394,11.559740215112884,1.6792873372524975,5,Deficit,Unhealthy,0.19412125365167526,Low Saving
25961.0,8437.0,1750,7383,3238,1235,2889.0,24932.0,1029.0,33.84004492218835,7.019091930049735,29.61254612546125,12.987325525429169,4.953473447777956,11.587518049093534,0.960363622356612,0,Surplus,Healthy,0.11128230807750086,Low Saving
28042.0,7666.0,1063,5319,2541,2778,3559.0,22926.0,5116.0,33.438017970862774,4.636657070574893,23.200732792462706,11.08348599842973,7.68221184475491,15.52385937363692,0.8555011502269197,1,Surplus,Healthy,0.1269167677055845,Low Saving
37525.0,7976.0,1774,6181,2816,2037,9970.0,30754.0,6771.0,25.93483774468362,5.7683553358912665,20.09819860831111,9.156532483579372,6.623528646680106,32.418547180854524,0.819560293137908,0,Surplus,Healthy,0.26568954030646236,Healthy Saving
24599.0,6043.0,2203,6294,3015,2244,5272.0,25071.0,-472.0,24.10354592956005,8.78704479278848,25.10470264448965,12.025846595668302,7.68221184475491,21.028279685692635,1.0322808976709548,5,Deficit,Unhealthy,0.21431765518923535,Healthy Saving
30813.0,5005.0,2507,6373,2825,2837,5723.0,25270.0,5543.0,19.806094182825483,9.9208547685002,25.21962801741195,11.179263949347051,11.226751088246932,22.64740799366838,0.8201083958069646,0,Surplus,Healthy,0.18573329438873204,Low Saving
37475.0,9453.0,1414,5737,3451,2280,2555.0,24890.0,12585.0,37.979108075532345,5.680996384089996,23.049417436721576,13.865006026516674,9.16030534351145,20.143709574077935,0.604463892805741,0,Surplus,Healthy,0.06817878585723816,Low Saving
23435.0,9387.0,2513,7281,3108,2200,1312.0,25801.0,-2366.0,36.38231076314872,9.73993256075346,28.21983644044804,12.046044726948567,8.52680128677183,5.085074221929382,1.100960102410924,5,Deficit,Unhealthy,0.05598463836142522,Low Saving
31969.0,11168.0,1676,4110,3453,2121,3361.0,25889.0,6080.0,43.138012283209086,6.47379195797443,15.875468345629418,13.337710996948507,7.68221184475491,12.982347715245856,0.8139707284074719,0,Surplus,Healthy,0.10513309768838562,Low Saving
25988.0,6419.0,2181,5578,2842,1758,7876.0,26654.0,-666.0,24.082689277406768,8.182636752457418,20.927440534253773,10.662564718241164,6.595632925639679,29.5490357920012,1.0256272125596428,5,Deficit,Unhealthy,0.3030629521317531,Healthy Saving
27476.0,9385.0,1745,6447,3662,1985,5668.0,28892.0,-1416.0,32.48304028796899,6.039734182472657,22.31413540080299,12.674788868891044,6.870413955420185,19.61788730444414,1.0515358858640265,5,Deficit,Unhealthy,0.2062891250545931,Healthy Saving
25984.0,12878.625,2091,5969,2916,1642,6197.0,31693.625,-5709.625,27.79876566298859,7.821208154105105,24.15186085655508,10.907050682625773,6.141761735552646,23.17935290817281,1.2197361838054188,4,Deficit,Unhealthy,0.23849291871921183,Healthy Saving
26340.0,10380.0,2445,7352,2514,1977,5162.0,29830.0,-3490.0,33.327982019585804,7.8503772676192,23.605715203082354,8.071921656766737,6.347728367314176,20.796275485631725,1.1324981017463933,5,Deficit,Unhealthy,0.19597570235383446,Low Saving
43220.375,10043.0,1386,7198,2990,832,3817.0,26266.0,16954.375,36.70150562783219,5.065048969448911,26.304633825464112,14.939336354334165,7.68221184475491,13.948984066656925,0.5807651353789477,0,Surplus,Healthy,0.08831482836509401,Low Saving
34222.0,8422.0,1660,5714,2087,2214,7775.0,27872.0,6350.0,30.21670493685419,5.955797933409874,20.500861079219288,7.4878013777267505,7.94345579793341,27.895378874856487,0.8144468470574484,0,Surplus,Healthy,0.2271930337209982,Healthy Saving
35508.0,7320.0,2092,7299,2630,1939,3734.0,25014.0,10494.0,30.91315275062832,8.363316542736069,29.179659390741183,10.514112097225553,7.751659070920285,14.927640521308067,0.693029170573595,0,Surplus,Healthy,0.10515940069843416,Low Saving
32459.0,9921.0,3200,5285,2686,1831,7812.0,30735.0,1724.0,32.279160566129825,10.41158288596063,17.195379860094352,11.489829961092749,5.957377582560599,25.41727672035139,0.9215389224437677,0,Surplus,Healthy,0.24067284882467113,Healthy Saving
21968.0,9293.0,1568,6930,4254,2109,5884.0,30038.0,-8070.0,30.93747919302217,5.220054597509821,23.07077701578001,14.162061388907384,7.021106598308808,19.5885212064718,1.3673525127458122,5,Deficit,Unhealthy,0.26784413692643844,Healthy Saving
31974.0,6631.0,3020,7810,3903,1283,1421.0,24068.0,7906.0,27.55110520192787,12.547781286355328,32.449725776965266,16.21655309955127,5.330729599468174,5.904105035732092,0.7527365984862701,0,Surplus,Healthy,0.04444235941702633,Low Saving
35364.0,8086.0,3002,7214,3746,2964,3503.0,28515.0,6849.0,20.734877585069647,11.64784852364878,27.99053272804873,14.534590462887516,11.500407403096265,13.59174329724906,0.8063284696301324,1,Surplus,Healthy,0.09905553670399277,Low Saving
25733.0,8086.0,1951,6105,2834,1948,1430.0,22354.0,3379.0,30.91315275062832,8.994928538497003,28.146611341632088,13.06592899953896,8.981097279852467,6.592899953895805,0.8983850592134213,1,Surplus,Healthy,0.055570668013834375,Low Saving
34826.0,11030.0,1999,5668,4213,1927,7326.0,32163.0,2663.0,30.91315275062832,5.778721809208472,17.704754170050602,13.1598675579434,6.019241581807959,22.883738364465547,0.9574322577882491,1,Surplus,Healthy,0.21036007580543273,Healthy Saving
33521.0,10292.0,1653,4471,3184,1517,4950.0,26067.0,7454.0,39.48287106302988,6.341351133617216,17.15195457858595,12.21467756166801,5.819618674953006,18.989526988145933,0.7776319322215924,0,Surplus,Healthy,0.14766862563765998,Low Saving
39260.0,5775.0,1965,6310,3488,2011,543.0,20092.0,19168.0,28.742783197292454,9.780011945052758,31.40553454111089,17.360143340633087,10.008958789567988,2.702568186342824,0.5117677024961792,0,Surplus,Healthy,0.013830871115639328,Low Saving
27911.0,5664.0,1296,4884,2990,2693,5751.0,23278.0,4633.0,24.228942978140907,5.543910681439021,20.89233006801557,11.489829961092749,11.519869957650682,24.60110364888565,0.8486387368061759,0,Surplus,Healthy,0.2060477947762531,Healthy Saving
24511.0,10549.0,1961,5206,2975,2517,3925.0,27133.0,-2622.0,38.87885600560204,7.227361515497733,19.18696789886853,10.964508163490953,9.276526738657722,20.143709574077935,1.0474962755565165,5,Deficit,Unhealthy,0.1601321855493452,Low Saving
28191.0,8086.0,2748,4809,2874,2427,2032.0,22976.0,5215.0,27.781550101852748,13.32815986031623,23.3242797555534,13.939276360461731,11.771267824231254,9.855466097584635,0.8150118832251427,1,Surplus,Healthy,0.0720797417615551,Low Saving
37177.0,9018.0,1694,5539,2895,2273,8355.0,29774.0,7403.0,30.91315275062832,5.689527775911869,18.603479545912545,9.723248471821051,7.63417747027608,28.06139584872708,0.7958972928460468,0,Surplus,Healthy,0.22473572370013717,Healthy Saving
20857.0,6767.0,1879,5972,3304,1820,5214.0,24956.0,-4099.0,27.11572367366565,7.529251482609392,22.7434724203955,13.239301170059305,7.292835390286904,20.892771277448308,1.210897796485919,5,Deficit,Unhealthy,0.2499880136165316,Healthy Saving
19658.0,11234.0,1149,6273,3183,1274,5162.0,28275.0,-8617.0,40.81232289471773,4.174235268473443,22.789362784276683,11.563612584465597,4.62835137688004,16.032115091186512,1.438345711669549,5,Deficit,Unhealthy,0.2625902940278767,Healthy Saving
30446.0,6459.0,2187,5399,2984,1899,4201.0,23129.0,7317.0,27.92598037096286,9.45566172337758,23.34298932076614,12.90155216395002,8.210471702192052,18.16334471875135,0.7596728634303357,0,Surplus,Healthy,0.13798200091966104,Low Saving
27787.0,10286.0,2132,7069,3754,1882,1973.0,27096.0,691.0,37.96132270445823,7.868320047239445,26.08872158252141,11.489829961092749,6.945674638323,7.281517567168586,0.9987488051608765,1,Surplus,At Risk,0.0710044265303919,Low Saving
30161.0,8369.0,2031,5791,1516,2524,2390.0,22621.0,7540.0,36.996596083285446,8.978382918527032,25.600106096105392,6.701737323725741,11.157773750055258,10.565403828301136,0.7500082888498392,0,Surplus,Healthy,0.07924140446271676,Low Saving
43220.375,8504.0,1891,5212,3254,2154,7569.0,28584.0,14636.375,29.750909599776097,6.6155891407780585,18.23397705009796,11.383991043940666,7.535684298908481,26.47984886649873,0.6613547429886946,0,Surplus,Healthy,0.1751257364148275,Low Saving
30161.0,4059.0,1853,6226,3358,2806,4052.0,22354.0,7807.0,30.91315275062832,8.28934418895947,27.851838597119084,15.021920014315112,12.552563299633176,18.12650979690436,0.6573133226707321,0,Surplus,Healthy,0.13434567819369383,Low Saving
20634.0,3594.0,1999,7963,3573,2598,5044.0,24771.0,-4137.0,14.363360242986174,8.992086963472143,31.82399488450164,14.279434097993764,10.38286308048917,20.15826073055711,1.2004943297470194,5,Deficit,Unhealthy,0.24445090627120286,Healthy Saving
40222.0,7558.0,1985,6335,2990,1771,911.0,21550.0,18672.0,35.10939750081293,9.220978306313002,29.42815998513495,13.782691503693036,8.226877874297394,4.231894829748688,0.5357764407538164,0,Surplus,Healthy,0.022649296404952515,Low Saving
25013.0,8493.0,2157,5637,3103,1102,2363.0,22855.0,2158.0,37.16035878363597,9.43775978998031,22.7434724203955,13.576897834171952,4.821702034565741,20.143709574077935,0.8469520098656838,0,Surplus,Healthy,0.09447087514492464,Low Saving
24704.0,5749.0,2107,4472,3492,2004,6219.0,24043.0,661.0,23.24612834094861,8.51967166713841,18.0825684363754,14.11993045165986,10.885123933524726,25.146577170352995,0.9732431994818653,4,Surplus,At Risk,0.25174060880829013,Healthy Saving
35518.0,5822.0,2561,5780,3745,2679,5755.0,26342.0,9176.0,22.10158681952775,9.722116771695392,21.942145622959533,14.216840027332776,10.170070609672766,21.847240148811785,0.7416521200518047,0,Surplus,Healthy,0.16203051973647165,Low Saving
28077.0,9122.0,2338,6234,2849,1316,5162.0,27021.0,1056.0,30.041165815906474,7.699654207146385,22.7434724203955,9.38251276140293,7.68221184475491,28.012514408035567,0.9116854699341919,3,Surplus,Healthy,0.18385155109164084,Low Saving
29683.0,9125.0,2096,5612,3133,2754,7685.0,30405.0,-722.0,30.01151126459464,6.8936030258181225,18.457490544318368,10.304226278572605,9.057720769610262,25.275448117086007,1.0243236869588654,5,Deficit,Unhealthy,0.2589024020483105,Healthy Saving
32413.0,8086.0,2759,4334,3839,2004,10205.5,31227.5,1185.5,30.42741776639748,10.868623202678746,17.073074650384086,15.12310419539098,8.631081347252314,17.876698837896395,0.9634251689137074,0,Surplus,Healthy,0.3148582358930059,Healthy Saving
35417.0,9560.0,2210,5149,1937,2080,5945.0,26881.0,8536.0,30.91315275062832,8.221420334064954,19.154793348461737,7.205833116327517,7.737807373237603,22.11599270860459,0.7960081392729992,0,Surplus,Healthy,0.1678572436965299,Low Saving
28332.0,5651.0,2652,7454,2654,2807,4366.0,25584.0,2748.0,22.08802376485303,10.365853658536585,29.135397123202,10.373671044402752,10.971701063164478,17.06535334584115,0.9030072003388397,0,Surplus,Healthy,0.15410136947621064,Low Saving
37599.0,7288.0,2303,7434,3732,2672,9109.0,32538.0,5061.0,22.39842645522159,7.077878173212859,22.8471325834409,11.469666236400515,8.211936812342492,27.99495973938165,0.865395356259475,0,Surplus,Healthy,0.24226708157131838,Healthy Saving
30161.0,8086.0,1079,5113,3546,2325,7298.0,27447.0,2714.0,36.84433716075157,3.519702505219207,16.67862734864301,11.567066805845512,7.584159707724426,23.806106471816285,0.9100162461456847,4,Surplus,Healthy,0.24196810450581877,Healthy Saving
33798.0,8136.0,2652,6672,3261,2236,5162.0,28119.0,5679.0,28.75318066157761,9.372349448685329,23.57930449533503,11.52459711620017,7.9021769861464515,18.868391292055414,0.8319723060536126,0,Surplus,Healthy,0.15273093082430914,Low Saving
25802.0,8252.0,1999,4821,2775,2308,5162.0,25317.0,485.0,32.20544042461851,7.68669977673486,18.81512703430512,10.830113569839597,9.007532295203529,21.074815595363543,0.9849484839618452,1,Surplus,At Risk,0.2000620106968452,Healthy Saving
36861.0,12611.0,1974,7404,2559,1799,7889.0,34236.0,2625.0,36.835494800794486,5.765860497721696,21.62635821941816,11.489829961092749,5.254702652178993,23.04299567706508,0.8929330992208772,0,Surplus,Healthy,0.21402023819212718,Healthy Saving
30710.0,8086.0,2140,6245,2704,1972,6159.0,27306.0,3404.0,30.91315275062832,8.762949920150689,25.57225338847713,11.07243765611564,8.075017403054748,25.22009745710659,0.8111565538804363,0,Surplus,Healthy,0.20055356561380658,Healthy Saving
26635.0,9592.0,1827,6949,3774,1548,8117.0,31807.0,-5172.0,30.91315275062832,7.68669977673486,21.84739208350363,11.865312667022982,4.866853208413242,25.519539723960133,1.1627972700841025,4,Deficit,Unhealthy,0.3047493899005069,Healthy Saving
33314.0,11327.0,2113,4284,2685,1833,612.0,22854.0,10460.0,49.56243983547738,9.245646276363,18.74507744814912,11.748490417432397,8.020477815699659,2.677868206878446,0.6860178903764184,0,Surplus,Healthy,0.018370654979888334,Low Saving
34465.0,7350.0,1704,6677,3050,1816,5922.0,26519.0,7946.0,27.715977223877218,6.425581658433575,25.17817413929636,11.50118782759531,7.68221184475491,22.33115879180965,0.7630809459798307,0,Surplus,Healthy,0.171826490642681,Low Saving
33209.0,9719.0,2637,5992,2623,1682,3969.0,26622.0,6587.0,36.50739989482383,7.68669977673486,22.50770039816693,9.85275336188115,6.318082788671024,14.908722109533468,0.8198394548524472,1,Surplus,Healthy,0.11951579391128911,Low Saving
24851.0,6035.0,1943,6851,3421,2068,8512.0,28830.0,-3979.0,30.91315275062832,6.739507457509538,23.763440860215056,11.866111689212628,7.173083593479015,29.524800554977453,1.0548402063209361,4,Deficit,Unhealthy,0.3425214277091465,Healthy Saving
27579.0,6626.0,1999,6914,2730,1838,8092.0,28199.0,-620.0,23.657526421022563,6.455298486146815,24.685804055984004,9.747215081405312,6.562410739788632,28.89174521565267,1.0224808731281048,5,Deficit,Unhealthy,0.2934116537945538,Healthy Saving
29979.0,8769.0,1537,6065,2951,2251,5065.0,26638.0,3341.0,32.91913807342894,5.769952699151588,22.76822584278099,11.489829961092749,8.450334109167356,19.01419025452361,0.8849123948832968,0,Surplus,Healthy,0.1689515994529504,Low Saving
29793.0,9597.0,1999,5399,2158,1188,8071.0,28412.0,1381.0,33.61824359827653,7.4753914596980415,18.91267033313483,7.559463341156689,4.161558132203034,28.27267313553088,0.9536468297922329,0,Surplus,Healthy,0.27090256100426274,Healthy Saving
33748.0,10241.0,2093,6779,2193,1943,8566.0,31815.0,1933.0,32.189218921892184,6.578657865786579,21.307559327361307,6.892975011786893,7.68221184475491,26.924406726386923,0.9281046084935916,0,Surplus,Healthy,0.253822448737703,Healthy Saving
19925.0,11139.0,2194,5939,3003,2065,5148.0,29488.0,-9563.0,37.77468800868149,7.4403147042864894,20.1403960933261,10.183803581117742,7.002848616386327,17.457948996201843,1.4799498117942285,5,Deficit,Unhealthy,0.2583688833124216,Healthy Saving
31671.0,7865.0,1999,5127,2337,1844,9943.0,29115.0,2556.0,27.498077057548425,5.1954408782602615,17.92531990769876,8.170757289700022,6.447101601286623,34.763303265505904,0.9192952543336175,1,Surplus,Healthy,0.31394651258248873,Healthy Saving
28550.0,10387.0,1199,5079,4052,2004,5162.0,27883.0,667.0,37.67910907969674,4.34940327202815,18.42420285123517,14.698733993543003,7.68221184475491,17.909094206841512,0.9694369344013011,0,Surplus,At Risk,0.18080560420315236,Low Saving
25807.0,7315.0,2312,4522,1969,1207,4570.0,21895.0,3912.0,33.40945421329071,10.559488467686688,20.65311715003425,8.992920758163965,5.512674126512902,20.87234528431149,0.848413221219049,0,Surplus,Healthy,0.17708373697058938,Low Saving
26287.0,9804.0,2742,5969,2599,2178,6731.0,30023.0,-3736.0,33.18552618217513,9.281386453643842,18.57969739024473,8.797346241072335,7.37230477608909,22.783738956774872,1.1421234830905012,5,Deficit,Unhealthy,0.2560581275915852,Healthy Saving
28927.0,8414.0,1486,7102,3008,2323,4292.0,26625.0,2302.0,31.6018779342723,5.581220657276996,26.674178403755867,11.297652582159625,8.72488262910798,16.120187793427228,0.9204203685138452,0,Surplus,Healthy,0.1483734918933868,Low Saving
17329.375,8891.0,2794,6177,2817,2246,5170.0,28095.0,-10765.625,31.64620039152874,9.944830040932551,21.98611852642819,10.02669514148425,7.68221184475491,18.401850863142908,1.626311225321548,5,Deficit,Unhealthy,0.2983373606953511,Healthy Saving
26493.0,8847.0,2141,5470,2447,2004,7818.0,28727.0,-2234.0,30.254428561657885,7.32166062512824,18.705970863826003,8.368100677108268,8.614321865809451,26.735517406470144,1.0843241610991585,4,Deficit,Unhealthy,0.29509681802740345,Healthy Saving
25620.0,4790.0,1996,6804,2521,2004,5038.0,23153.0,2467.0,20.60303668975009,8.58531549744075,29.265774872037507,10.843477138801669,9.032646565443676,21.669749236526304,0.9037080405932865,0,Surplus,Healthy,0.19664324746291958,Low Saving
32663.0,5751.0,1801,5167,2504,2239,1609.0,19071.0,13592.0,30.15573383671543,7.68669977673486,27.09349273766452,13.129883068533374,11.740338734203764,8.436893712967333,0.59431349841069,0,Surplus,Healthy,0.04926063129534948,Low Saving
30161.0,8086.0,1307,6095,2990,2078,5162.0,25718.0,4443.0,30.91315275062832,4.9743101807802095,23.19695528068506,10.86964795432921,7.908658420551855,21.82302568981921,0.8553785854950859,0,Surplus,Healthy,0.17114817147972547,Low Saving
28924.0,12878.625,1999,5820,3975,2343,3607.0,30622.625,-1698.625,20.22919126973713,10.904080829287494,25.45597690591786,17.386169793990288,10.247998950268991,15.776582250798231,1.0587271815793113,1,Deficit,Unhealthy,0.12470612640022127,Low Saving
37711.0,9662.0,1612,6779,3038,1211,6730.0,29032.0,8679.0,33.28051804904932,5.552493799944888,23.35009644530173,10.464315238357674,4.171259300082667,20.143709574077935,0.7939727252750133,0,Surplus,Healthy,0.17846251756781842,Low Saving
34971.0,9743.0,1610,5969,3591,1553,6392.0,28858.0,6113.0,35.67427044048186,5.895060598293727,16.191278239537183,13.148548204020358,5.686353483944198,23.40448903372268,0.8251980212175802,1,Surplus,Healthy,0.18278001772897542,Low Saving
34511.0,8654.0,2495,5149,3253,2793,7942.0,30286.0,4225.0,28.57425873340817,8.238129828963878,17.00125470514429,10.740936406260316,7.68221184475491,26.223337515683813,0.8913001378987643,1,Surplus,Healthy,0.2301295239199096,Healthy Saving
27500.0,5757.0,1058,4361,3556,2004,6815.0,23551.0,3949.0,25.79763398458505,7.68669977673486,19.54203262233376,15.934755332496865,3.4459580569994626,30.53862699408496,0.8318948180484693,1,Surplus,Healthy,0.24781818181818183,Healthy Saving
32715.0,10760.0,1238,5740,1600,1929,7180.0,28447.0,4268.0,37.82472668471192,7.68669977673486,20.177874644074947,5.624494674306605,6.781031391710901,25.23991985095089,0.8414787778858456,0,Surplus,Healthy,0.2194711905853584,Healthy Saving
28830.0,12074.0,1990,7211,2847,2586,3661.0,30369.0,-1539.0,39.757647601172245,6.552734696565576,22.7434724203955,11.489829961092749,8.515262274029437,12.055056142777174,1.0417764717119506,4,Deficit,Unhealthy,0.1269857787027402,Low Saving
29019.0,8294.0,2146,5969,3653,1953,5162.0,27177.0,1842.0,30.91315275062832,7.624258357906704,19.51895406259992,12.978292535616584,6.938572494404377,23.473194301346503,0.923171369233382,1,Surplus,Healthy,0.1778834556669768,Low Saving
32048.0,9021.0,2242,5489,2714,1797,8936.0,30199.0,1849.0,29.871850061260307,7.42408689029438,18.17609854630948,8.987052551408988,5.950528163184211,29.590383787542635,0.9423052920619072,0,Surplus,Healthy,0.2788317523714428,Healthy Saving
27015.0,8403.0,1849,6871,3881,2004,5162.0,28170.0,-1155.0,31.48370176095916,6.927688272761334,25.74372424128888,14.541026601723493,7.7332334207568385,20.143709574077935,0.9784403225095747,0,Deficit,Unhealthy,0.19107903016842495,Low Saving
37465.0,9060.0,3265,7068,3741,1823,5162.0,30119.0,7346.0,26.99964238884253,7.68669977673486,21.063297174871856,11.148527834068425,5.432709500536417,25.6258195255692,0.82069291152706,1,Surplus,Healthy,0.13778192980114773,Low Saving
29199.0,7760.0,1999,5911,2765,2015,3901.0,24351.0,4848.0,32.015842891327665,7.781170063536595,24.387325686937867,11.407706906510438,7.68221184475491,16.094562257612015,0.8392641873043784,0,Surplus,Healthy,0.13360046576937568,Low Saving
33091.0,7930.0,1884,6684,2748,1658,3296.0,24200.0,8891.0,32.768595041322314,7.785123966942149,27.6198347107438,11.355371900826446,7.68221184475491,13.619834710743802,0.7252897164725034,0,Surplus,Healthy,0.09960412196669789,Low Saving
37278.0,9811.0,1601,4923,2493,2554,5162.0,26544.0,10734.0,36.37206198561578,5.935345147178764,18.25090828204938,9.242233261659376,9.468376955586862,20.73107436790984,0.7120553677772413,0,Surplus,Healthy,0.13847309405011,Low Saving
35158.0,12691.0,2061,7377,2685,2711,6431.0,33956.0,1202.0,37.37483802568029,6.069619507598068,21.72517375427024,7.907291789374485,7.983861467781836,18.939215455295088,0.9658114796063485,0,Surplus,Healthy,0.1829171170146197,Low Saving
22955.0,5199.0,2307,8148,2383,1933,6823.0,26793.0,-3838.0,19.40432202440936,8.610457955436122,22.7434724203955,8.894114134288806,7.214570970029485,25.465606688314114,1.2641227417456573,5,Deficit,Unhealthy,0.2972337181441952,Healthy Saving
32224.0,7792.0,2601,6521,3214,1306,3076.0,24510.0,7714.0,31.79110567115463,10.611995104039169,26.60546715626275,13.113015095879232,5.32843737250102,20.143709574077935,0.7069307920931587,0,Surplus,Healthy,0.09545680238331679,Low Saving
34253.0,5639.0,1999,5969,2271,1738,5869.0,23485.0,10768.0,27.258664861990624,6.066611881858172,18.92492869918306,10.977908831633393,8.401411514477692,28.37047421085706,0.6856333751788165,0,Surplus,Healthy,0.17134265611771232,Low Saving
34459.0,11184.0,1877,5441,3301,1908,3628.0,27339.0,7120.0,40.90859212114562,6.865649804308863,19.901971542485093,12.074326054354586,6.97904093053879,13.27041954716705,0.7933776371920253,0,Surplus,Healthy,0.10528454104878261,Low Saving
24433.0,6824.0,2223,6612,3314,2252,2022.0,23247.0,1186.0,29.35432528928464,9.562524196670536,28.44237966189186,14.255602873489051,9.687271475889364,8.697896502774553,0.9514590922113535,0,Surplus,Healthy,0.08275692710678181,Low Saving
26714.0,8086.0,2293,5578,2169,1495,3142.0,22763.0,3951.0,25.83628094997473,11.5866599292572,28.185952501263262,10.960080848913591,7.554320363820111,15.876705406771096,0.8521000224601334,1,Surplus,Healthy,0.11761623118963839,Low Saving
30161.0,9276.0,1999,7272,3774,1615,3498.0,27434.0,2727.0,33.80712879947518,7.300094759093229,26.50338945987317,13.754646840148698,5.885997521685254,12.74874261972447,0.9095852259540466,0,Surplus,Healthy,0.11597758695003481,Low Saving
30161.0,11488.0,2271,6588,3256,2255,6043.0,31901.0,-1740.0,36.011410300617534,7.68669977673486,20.651390238550515,10.206576596344942,7.068743926522679,18.94297984389204,1.0517187287592213,4,Deficit,Unhealthy,0.20035807831305327,Healthy Saving
28501.0,9327.0,1595,5293,3374,2469,5162.0,27220.0,1281.0,31.765547306041825,5.432191267624821,18.026701178393843,11.489829961092749,8.40882773653021,24.875689666916426,0.9550657924587157,5,Surplus,Healthy,0.18111645205431387,Low Saving
37879.0,8409.0,2778,6032,2620,1689,2053.0,23581.0,14298.0,35.66006530681481,11.780670879097578,25.579916034095245,11.110639921971078,7.162546117637081,8.706161740384207,0.6225349138044827,0,Surplus,Healthy,0.054198896486179676,Low Saving
29761.0,8818.0,2496,5106,3311,1333,5703.0,26767.0,2994.0,32.943549893525606,9.324915007285089,19.075727574999064,12.369708970000373,4.980012702207943,21.30608585198192,0.8993985417156682,0,Surplus,Healthy,0.19162662544941367,Low Saving
26366.0,10829.0,1327,5817,3563,3642,2646.0,27824.0,-1458.0,38.919637722829215,4.76926394479586,20.90641173087981,12.80549166187464,13.089419206440484,9.509775733179987,1.0552984904801639,5,Deficit,Unhealthy,0.10035651976029736,Low Saving
25611.0,6251.0,1462,5445,2950,2391,6258.0,24757.0,854.0,25.24942440521872,5.905400492789918,21.99377953710061,11.915821787777196,9.65787454053399,25.277699236579554,0.9666549529499043,0,Surplus,At Risk,0.24434813166217642,Healthy Saving
31663.0,7776.0,1476,7174,4000,1866,3754.0,26046.0,5617.0,29.85487214927436,5.6668970283344855,27.543576748829,15.357444521231669,7.164247869154574,20.143709574077935,0.7780144641433802,0,Surplus,Healthy,0.11856109654802136,Low Saving
23334.0,7094.0,2338,8116,3022,2434,2897.0,25901.0,-2567.0,27.388903903324195,9.026678506621366,31.33469750202695,11.667503185205204,9.397320566773484,11.1848963360488,1.1100111425387846,5,Deficit,Unhealthy,0.12415359561155395,Low Saving
28763.0,5664.0,1357,4568,3570,1937,5162.0,22258.0,6505.0,23.90377716817894,5.726946613209538,19.278328761342056,15.066469719350073,8.174720405148765,27.849757332770626,0.7738413934568716,0,Surplus,Healthy,0.1794666759378368,Low Saving
31666.0,7343.0,1834,4076,3146,2433,3826.0,22658.0,9008.0,32.40797952158178,7.68669977673486,17.989231176626358,13.884720628475597,10.737929208226674,16.885868126048194,0.7184590882114786,0,Surplus,Healthy,0.12082359628623761,Low Saving
30161.0,10215.0,2227,5969,3292,2079,4368.0,28150.0,2011.0,36.567030606765705,7.972078038303204,22.7434724203955,11.489829961092749,7.442276713799893,15.636298550205836,0.9163627431460457,0,Surplus,Healthy,0.14482278439043797,Low Saving
33337.0,9133.0,1966,4481,2164,2045,560.0,20349.0,12988.0,44.88181237407244,7.68669977673486,22.020738119809327,10.634429210280604,10.049633888643177,2.7519779841761265,0.6226993536630092,0,Surplus,Healthy,0.01679815220325764,Low Saving
26429.0,9288.0,1999,6046,3185,1943,6893.0,29354.0,-2925.0,31.5018315018315,7.220865554198888,20.50603717270384,10.802469135802468,6.5900149233482574,23.37878171211505,1.1106738809640924,5,Deficit,Unhealthy,0.26081198683264595,Healthy Saving
35892.0,8292.0,1467,6748,2990,1276,6641.0,27414.0,8478.0,30.647545830869312,5.422087522176227,24.94086339444116,9.727971614429332,4.716144293317564,24.54538734476641,0.763791374122367,0,Surplus,Healthy,0.1850273041346261,Low Saving
28502.0,8086.0,2297,7494,2576,2969,5010.0,28432.0,70.0,30.77708219923789,7.815051714752314,25.49673380511704,8.764289602612955,7.68221184475491,20.143709574077935,0.9908156138063157,4,Surplus,At Risk,0.1757771384464248,Low Saving
23821.0,6398.0,1693,6201,3872,1529,1944.0,21637.0,2184.0,29.569718537690072,7.8245597818551555,28.65924111475713,17.89527198779868,7.0665988815455005,8.984609696353468,0.9083161915956508,0,Surplus,Healthy,0.0816086646236514,Low Saving
43220.375,7380.0,1837,5806,2893,1319,5162.0,24397.0,18823.375,27.689190710239,6.892282294676022,21.78366412786553,11.489829961092749,4.94878625295464,27.831763778936708,0.5609144301791822,0,Surplus,Healthy,0.11943441027524634,Low Saving
37190.0,8384.0,2118,4021,2498,1893,3667.0,22581.0,14609.0,37.12855940835215,9.37956689252026,22.7434724203955,11.062397590895,8.383153979008902,16.23931623931624,0.5786161563873833,0,Surplus,Healthy,0.09860177467061038,Low Saving
30826.0,8555.0,2051,6026,2990,1519,4093.0,25234.0,5592.0,34.13262049154165,8.183051388445579,24.042451324609,11.25119693584424,6.060485157995531,20.143709574077935,0.7885242049621936,0,Surplus,Healthy,0.13277752546551613,Low Saving
30062.0,8640.0,2011,6071,2349,1974,5162.0,26207.0,3855.0,28.171769539274184,7.68669977673486,19.79523297140435,7.659199843490169,6.436466790570283,31.380221070135967,0.8620276410031329,4,Surplus,Healthy,0.17171179562238043,Low Saving
38186.0,7723.0,1624,6638,3716,2343,3592.0,25636.0,12550.0,30.91315275062832,6.334841628959276,25.89327508191605,14.495241067249182,9.1394913403027,14.011546263067562,0.66609966383962,0,Surplus,Healthy,0.09406588802178809,Low Saving
22843.0,8086.0,1850,5291,2652,2497,6484.0,26860.0,-4017.0,27.8450363196126,7.110188708251662,22.7434724203955,10.19255159690995,9.596833083515891,24.92025058611015,1.1482000805983774,5,Deficit,Unhealthy,0.2838506325789082,Healthy Saving
23572.0,12878.625,2001,5564,3264,2407,6124.0,32238.625,-8666.625,42.50927988121752,5.942093541202673,16.522642910170752,9.692650334075724,7.147735708982925,18.185597624350407,1.3676660868827422,5,Deficit,Unhealthy,0.2597997624300017,Healthy Saving
21920.0,12878.625,1312,4521,3678,1847,5780.0,30016.625,-8096.625,36.4105228006382,4.868093948276502,16.774887759266818,13.646988980000744,6.853177989684984,21.44632852213276,1.369371578467153,5,Deficit,Unhealthy,0.2636861313868613,Healthy Saving
31863.0,8826.0,1768,3708,2749,2024,5564.0,24639.0,7224.0,35.82125897966638,7.175615893502171,15.049312066236451,11.157108648889972,8.214619099801128,22.58208531190389,0.7732793522267206,0,Surplus,Healthy,0.17462260301917584,Low Saving
30832.0,7533.0,1999,4891,2990,2203,5752.0,25368.0,5464.0,29.15473333849369,8.48749903243285,18.929483706169208,12.640297236628223,7.68221184475491,22.26178496787677,0.8297848255886027,0,Surplus,Healthy,0.18655941878567722,Low Saving
37713.0,7097.0,1361,4429,2484,1121,5543.0,22035.0,15678.0,32.20785114590424,6.176537326979805,20.099841161788063,11.272974812797822,5.087361016564556,25.155434535965508,0.5842812823164426,0,Surplus,Healthy,0.14697849547901254,Low Saving
31217.0,7738.0,2578,6336,4222,2285,4896.0,28055.0,3162.0,27.58153626804491,9.189092853323828,22.58420958830868,15.049010871502404,8.144715736945287,17.45143468187489,0.8987090367428004,0,Surplus,Healthy,0.15683762052727682,Low Saving
27979.0,8585.0,2634,5481,3468,2004,8022.0,30194.0,-2215.0,29.140219272937102,8.940633379722344,18.60425647466142,11.771494518176572,4.314178065917654,27.22921828858491,1.0791665177454521,5,Deficit,Unhealthy,0.2867150362772079,Healthy Saving
30161.0,4239.0,1377,5461,2990,3020,2374.0,19461.0,10700.0,21.879838959430163,7.107463611025085,28.187261278001447,14.983999174150926,15.587901311035408,12.253535666356974,0.6452372268823978,0,Surplus,Healthy,0.07871091807300819,Low Saving
30588.0,8086.0,2678,5015,2613,2004,7042.0,27438.0,3150.0,20.249104390569027,11.155544447221528,20.89061068066317,10.884778805298676,7.485628592851786,20.143709574077935,0.9878037635193059,1,Surplus,Healthy,0.23022100170001308,Healthy Saving
30161.0,6726.0,1928,2767,2943,1907,6644.0,22915.0,7246.0,30.91315275062832,8.413702814750163,12.075060004363952,12.843115862971851,8.322059786166266,28.994108662448177,0.7480769990394822,0,Surplus,Healthy,0.2202844733264812,Healthy Saving
43220.375,8414.0,2209,5969,2830,1615,5162.0,26199.0,17021.375,29.0418334944084,7.624603065028303,25.91467623912743,9.768051912191082,5.574347646003037,22.07648764324175,0.6061724360327738,0,Surplus,Healthy,0.11943441027524634,Low Saving
32599.0,7521.0,1751,4999,3976,1685,7233.0,27165.0,5434.0,27.68636112644948,6.445794220504325,18.402355972759064,14.636480765691145,6.202834529725751,26.62617338487024,0.8333077701769992,0,Surplus,Healthy,0.22187797171692383,Healthy Saving
31050.0,10956.0,2461,5587,2387,3137,4814.0,29342.0,1708.0,37.33896803217232,8.387294662940494,19.04096516938177,8.135096448776498,10.69115943016836,16.40651625656056,0.9449919484702092,0,Surplus,Healthy,0.1550402576489533,Low Saving
33075.0,5035.0,2203,4545,3067,2004,1262.0,18116.0,14959.0,27.09611451942741,11.855559143256915,24.459154020019376,16.50522010547842,13.29243353783231,6.7915186739855775,0.5477248677248677,0,Surplus,Healthy,0.0381557067271353,Low Saving
33547.0,6497.0,1592,6971,2990,1225,4855.0,24130.0,9417.0,26.924989639452964,6.597596353087443,28.889349357646083,12.391214256112724,5.076668048072938,20.12018234562785,0.7192893552329568,0,Surplus,Healthy,0.14472232986556174,Low Saving
29297.0,11040.0,1417,6143,2941,2752,5162.0,29455.0,-158.0,40.42475283778836,5.188575613328451,22.493592090809223,10.768949102892714,10.076894910289273,11.047235444891982,1.005393043656347,0,Deficit,Unhealthy,0.17619551489913643,Low Saving
26843.0,8262.0,1269,5173,2945,2596,3536.0,23781.0,3062.0,34.74202094108742,5.3361927589251925,21.75265968630419,12.383835835330729,7.68221184475491,14.869013077667043,0.915538407590818,1,Surplus,Healthy,0.1317289423685877,Low Saving
43220.375,9769.0,2093,5969,2941,1859,2515.0,25146.0,18074.375,39.41655907036798,8.444964493221434,22.623466752743703,11.866526791478371,7.500806972240155,10.147675919948352,0.5818089269239335,0,Surplus,Healthy,0.05819014758664172,Low Saving
31928.0,12102.0,2286,7678,3436,2153,4045.0,31700.0,228.0,38.17665615141956,7.211356466876971,24.22082018927445,10.839116719242902,6.79179810725552,12.7602523659306,0.9928589325983463,0,Surplus,At Risk,0.12669130543723378,Low Saving
25950.0,6612.0,2325,5927,2990,2004,3806.0,23664.0,2286.0,27.589084536426604,9.701243428189937,24.73086873070183,11.489829961092749,8.311775014604022,15.88083117750146,0.9333404376731036,1,Surplus,Healthy,0.14666666666666667,Low Saving
37095.0,7801.0,1941,5818,3209,2986,244.0,21999.0,15096.0,35.460702759216325,8.823128324014728,22.7434724203955,14.587026683031045,7.68221184475491,1.1091413246056638,0.6559818616933,1,Surplus,Healthy,0.006577705890281709,Low Saving
31466.0,7455.0,1421,5058,1483,1601,6400.0,23418.0,8048.0,31.83448629259544,6.067981894269366,21.598770176787088,6.332735502604833,6.83662140234008,27.329404731403194,0.7442318693192652,0,Surplus,Healthy,0.2033941397063497,Healthy Saving
33649.0,4090.0,1658,4105,3149,2073,9440.0,24515.0,9134.0,16.683663063430554,6.763206200285539,16.744850091780542,12.845196818274529,8.45604731796859,38.50703650826025,0.7285506255757972,0,Surplus,Healthy,0.28054325537163066,Healthy Saving
36959.0,7379.0,2576,5839,2990,1785,6212.0,26781.0,10178.0,28.42121480568501,9.921811809112969,22.489696876324,8.365751261410468,6.875168509032084,23.926356738435462,0.7246137611948377,0,Surplus,Healthy,0.1680781406423334,Low Saving
30109.0,9762.0,1757,6325,3323,1283,4594.0,27044.0,3065.0,36.09673125277325,6.496819997041858,23.387812453779027,12.287383523147463,4.744120692205295,16.9871320810531,0.8982031950579561,0,Surplus,Healthy,0.152578963100734,Low Saving
31584.0,8086.0,2071,5969,3737,3095,4890.0,27848.0,3736.0,30.29726754078671,6.909551930070397,23.68464951789944,12.467887765655757,10.32596003069429,16.314683214893407,0.8817122593718338,0,Surplus,Healthy,0.15482522796352582,Low Saving
34050.0,9238.0,1462,3751,2536,1409,5162.0,23558.0,10492.0,40.95947503768733,6.482220448700896,16.631196240134788,11.244125210605658,6.247228872927197,18.43575418994413,0.6918649045521292,0,Surplus,Healthy,0.15160058737151247,Low Saving
30161.0,7248.0,2168,5969,2869,2110,5180.0,25544.0,4617.0,29.645384269295267,8.867438341036443,19.93537567998691,11.73463127326271,7.68221184475491,21.186960611885965,0.8550271613862152,0,Surplus,Healthy,0.17174496866814762,Low Saving
30270.0,6687.0,1771,5419,2700,1129,4925.0,22631.0,7639.0,29.54796518050461,7.82554902567275,23.9450311519597,11.930537757942645,4.9887322698952765,21.76218461402501,0.7476379253386192,0,Surplus,Healthy,0.16270234555665675,Low Saving
30627.0,10538.0,2523,5996,3617,2004,3317.0,27995.0,2632.0,37.91875067467885,7.68669977673486,21.575330142852003,13.01500485768774,6.476916987513944,11.935518693102082,0.9269640447691585,2,Surplus,Healthy,0.10830313122408332,Low Saving
25219.0,7005.0,2386,5854,3047,2210,8365.0,28867.0,-3648.0,24.266463435757093,8.265493470052308,20.27921155644854,10.555305365988843,7.655800741330932,28.97772543042228,1.1446528411118602,5,Deficit,Unhealthy,0.3316943574289226,Healthy Saving
41588.0,8588.0,1752,5878,2990,1587,2025.0,22820.0,18768.0,36.24546298641006,7.394277032160041,24.80796826200726,16.30792605722968,6.697898202076476,8.546467460116485,0.548715975762239,0,Surplus,Healthy,0.04869193036452823,Low Saving
22963.0,8326.0,1936,6408,3206,2293,6436.0,28605.0,-5642.0,29.10679951057508,6.76804754413564,22.401678028316727,11.489829961092749,8.016081104701975,22.499563013459188,1.2421966196490188,5,Deficit,Unhealthy,0.28027696729521406,Healthy Saving
23509.0,10923.0,1724,5096,3121,1865,4797.0,27526.0,-4017.0,39.68248201700211,6.263169367143791,18.51340550752016,11.338370994695923,7.68221184475491,17.42715977621158,1.1603486941170404,5,Deficit,Unhealthy,0.20404951295248627,Healthy Saving
36571.0,9942.0,1290,6934,3034,2580,5162.0,28942.0,7629.0,30.514717166446705,3.959362818820785,21.28234246953746,9.312175807986248,7.68221184475491,27.01267609956724,0.7932682755121956,0,Surplus,Healthy,0.14115009160263597,Low Saving
33566.0,8086.0,1571,6433,3408,2680,5681.0,27859.0,5707.0,30.91315275062832,6.238583114923358,25.5460249384481,13.533476292589947,10.642522436661109,22.55976491144468,0.758430075620283,0,Surplus,Healthy,0.16924864446165763,Low Saving
24870.0,5624.0,2099,5969,2131,1706,4280.0,21809.0,3061.0,26.133828996282528,9.75371747211896,26.394052044609666,9.902416356877325,7.9275092936802976,19.888475836431223,0.876919983916365,0,Surplus,Healthy,0.17209489344591877,Low Saving
33036.0,9157.0,2162,7600,3042,2038,4504.0,28503.0,4533.0,32.12644283057924,7.585166473704523,26.66385994456724,10.672560783075468,7.150124548293162,15.801845419780374,0.8627860515800945,0,Surplus,Healthy,0.1363361181741131,Low Saving
37339.0,7871.0,2074,7556,2964,2091,5079.0,27635.0,9704.0,28.48199746698028,7.504975574452686,27.342138592364755,10.725529220191786,7.566491767685905,18.378867378324586,0.7401108760277458,0,Surplus,Healthy,0.13602399635769571,Low Saving
29848.0,7089.0,1999,5969,3362,2309,5162.0,25890.0,3958.0,29.2269635126778,7.6231704803133375,28.579674293960007,13.861059575345289,9.519686662543805,20.143709574077935,0.7961090898967782,0,Surplus,Healthy,0.1729429107477888,Low Saving
42994.0,10031.0,1999,2981,2906,2007,3466.0,23390.0,19604.0,42.04635955903928,10.336588841849352,12.495284402900616,12.180911262941695,8.41262522530075,14.528230707968312,0.5440293994510862,0,Surplus,Healthy,0.08061589989300832,Low Saving
21379.0,8374.0,2031,7578,2480,2095,1430.0,23988.0,-2609.0,34.9091212272803,8.466733366683341,31.59079539769885,10.338502584625646,8.733533433383359,5.961313990328498,1.1220356424528741,5,Deficit,Unhealthy,0.06688806773001543,Low Saving
30161.0,8104.0,2351,6794,3003,1878,3154.0,25284.0,4877.0,32.05189052365132,9.298370510995095,26.87074829931973,11.877076411960132,7.427622211675368,20.143709574077935,0.7785879561299799,0,Surplus,Healthy,0.10457212957130069,Low Saving
35832.0,9559.0,1113,8006,2458,2057,5162.0,28355.0,7477.0,33.68217054263566,3.921775898520084,28.21000704721635,8.661028893587034,7.2480620155038755,18.276955602537,0.7913317704844831,0,Surplus,Healthy,0.14406117436927884,Low Saving
34456.0,7249.0,38,7237,2037,2648,5600.0,24809.0,9647.0,29.219234955056635,0.1531702204845016,29.170865411745737,8.210729977024467,10.673545890604217,22.572453545084446,0.7200197353146042,0,Surplus,Healthy,0.162526120269329,Low Saving
28978.0,11137.0,1999,7578,3363,2323,1041.0,27441.0,1537.0,40.37631874705435,7.7620273356777725,27.47344378784033,12.19229235398615,8.421854040532212,3.7740637349091832,0.9469597625785078,0,Surplus,Healthy,0.03592380426530471,Low Saving
28547.0,6423.0,1287,6878,3289,2350,4725.0,24952.0,3595.0,25.74142353318371,5.157903174094261,27.564924655338253,13.18130811157422,9.418082718820136,18.93635780698942,0.8740673275650681,0,Surplus,Healthy,0.16551651662171157,Low Saving
32220.0,9313.0,1893,7348,3233,2361,6126.0,30274.0,1946.0,30.762370350796065,6.252890268877585,24.27165224284865,10.679130607121625,7.798771222831473,20.143709574077935,0.9404630266742879,0,Surplus,Healthy,0.19013035381750465,Low Saving
34078.0,10867.0,1999,7994,3651,2004,4674.0,31189.0,2889.0,35.10353070387958,5.969570694834771,25.82291565720192,11.793778466905708,6.211842232774494,15.098362244403528,0.9152238981160866,0,Surplus,Healthy,0.13715593638124304,Low Saving
30161.0,5245.0,2793,6216,2667,2159,3732.0,22812.0,7349.0,22.992284762405752,12.243556023145713,22.7434724203955,11.691215149921094,9.4643170261266,16.359810625986324,0.7920243935574508,0,Surplus,Healthy,0.12373595039952257,Low Saving
35200.0,7313.0,2199,4427,2284,1457,4175.0,21855.0,13345.0,33.46145046900023,10.061770761839396,20.25623427133379,10.450697780828186,6.666666666666667,19.10318005033173,0.6208806818181818,0,Surplus,Healthy,0.11860795454545454,Low Saving
24905.0,10284.0,2082,5969,2964,2634,3918.0,27851.0,-2946.0,37.29600348154058,7.550591136577936,20.642634365706822,10.749256546021616,9.552476971059694,20.143709574077935,1.0556406870347546,5,Deficit,Unhealthy,0.15731780766914275,Low Saving
28861.0,8086.0,2418,6389,2990,608,3726.0,24217.0,4644.0,39.245081998401886,9.200563144476998,24.310338267189223,10.753015486473116,2.3134583919942164,14.177542711464556,0.839090814594089,0,Surplus,Healthy,0.1291015557326496,Low Saving
25299.0,7657.0,2184,6074,2578,1956,5347.0,25796.0,-497.0,29.68289657311211,8.466428903706001,23.5462862459296,9.993797487982633,7.582570941231198,20.728019848038457,1.0196450452587058,5,Deficit,Unhealthy,0.21135222736076525,Healthy Saving
28069.0,6530.0,1771,4753,2960,2570,9615.0,28199.0,-130.0,23.156849533671405,6.280364551934466,16.855207631476294,10.49682612858612,9.11379836164403,34.096953792687685,1.004631443941715,5,Deficit,Unhealthy,0.34254871922761765,Healthy Saving
35076.0,9911.0,2535,4368,2694,1318,3512.0,24338.0,10738.0,40.72232722491577,10.41581066644753,17.947242994494207,11.06911003369217,5.415399786342345,14.43010929410798,0.6938647508267761,0,Surplus,Healthy,0.1001254418975938,Low Saving
30539.0,10367.0,1445,5258,2081,2199,4363.0,25713.0,4826.0,40.31812701746198,5.61972543071598,20.44880021778867,8.093182436899623,8.552094271380236,16.96807062575351,0.8419725596777891,0,Surplus,Healthy,0.14286649857559186,Low Saving
43220.375,5670.0,2161,6807,2990,2004,4896.0,24528.0,18692.375,23.652594693809444,9.01468379776406,28.39562823293843,11.592691473385615,6.920574003003504,20.423827799098948,0.567510115310198,0,Surplus,Healthy,0.11327990560007867,Low Saving
30967.0,5592.0,1226,7580,2431,1815,3625.0,22269.0,8698.0,25.11114104809376,5.505411109614262,34.0383492747766,10.91652072387624,8.150343526875927,16.278234316763214,0.719120353925146,0,Surplus,Healthy,0.11706009623147222,Low Saving
30298.0,8450.0,2101,6916,3115,2472,7196.0,30250.0,48.0,27.933884297520663,6.945454545454545,22.86280991735537,10.297520661157025,8.171900826446281,23.788429752066115,0.9984157370123442,0,Surplus,At Risk,0.23750742623275464,Healthy Saving
30530.0,9258.0,2096,7057,2671,2099,258.0,23439.0,7091.0,39.49827211058492,8.942361022227912,30.10793975852212,11.39553735227612,8.955160203080336,1.1007295533085883,0.7677366524729774,0,Surplus,Healthy,0.008450704225352112,Low Saving
26810.0,7401.0,2838,5919,3555,982,3937.0,24632.0,2178.0,30.0462812601494,11.521597921403052,22.7434724203955,14.432445599220523,3.986683988307892,15.98327379019162,0.9307331650869805,0,Surplus,Healthy,0.14684819097351734,Low Saving
30161.0,9358.0,1217,4257,3801,1511,6636.0,26780.0,3381.0,34.94398805078417,4.544436146377894,15.896191187453324,14.19342793129201,5.642270351008214,24.779686333084392,0.8879015947747091,0,Surplus,Healthy,0.22001923013162694,Healthy Saving
35638.0,6579.0,1699,5544,3339,2004,5162.0,24327.0,11311.0,27.34527619601812,7.061806392618148,23.04335176025604,13.878382310154205,10.33708799201962,18.33409534893387,0.6826140636399349,0,Surplus,Healthy,0.14484538975251138,Low Saving
30569.0,3770.0,2411,5741,2224,2224,3358.0,19728.0,10841.0,19.109894566098944,12.221208434712084,29.100770478507705,11.27331711273317,11.27331711273317,17.021492295214923,0.6453596781052702,0,Surplus,Healthy,0.10984984788511237,Low Saving
26032.0,7152.0,2167,5502,3752,2874,5881.0,27328.0,-1296.0,26.170960187353632,7.929596018735364,20.133196721311474,13.729508196721312,10.516686182669789,21.52005269320843,1.0497848801475107,5,Deficit,Unhealthy,0.2259142593730793,Healthy Saving
43220.375,8126.0,2090,6054,3787,2004,6812.0,28873.0,14347.375,27.351060249074383,7.034668461797375,20.37697744867048,12.746549983170649,9.562436889936048,22.928306967351062,0.6680414040831436,0,Surplus,Healthy,0.15761084904978265,Low Saving
27748.0,7448.0,1521,6441,3009,1828,5421.0,25668.0,2080.0,29.016674458469687,5.925666199158485,25.09350163627864,11.489829961092749,7.12170796322269,21.11968209443665,0.9271994394279996,0,Surplus,Healthy,0.1953654317428283,Low Saving
30369.0,5682.0,1704,6853,3661,3251,3397.0,24548.0,5821.0,23.146488512302422,6.94150236271794,22.7434724203955,14.913638585628158,13.243441420889685,13.838194557601431,0.8524223191607058,0,Surplus,Healthy,0.11185748625242846,Low Saving
30161.0,4368.0,2622,5721,2724,2012,5912.0,23359.0,6802.0,30.91315275062832,11.224795582002654,24.49163063487307,11.661458110364311,8.61338242219273,25.309302624256176,0.6901802728877788,0,Surplus,Healthy,0.1960147209973144,Low Saving
23297.0,6971.0,1974,5969,2066,1518,4195.0,22693.0,604.0,33.48222862632085,9.481268011527376,19.673390970220943,9.923150816522575,7.29106628242075,20.14889529298751,0.9740739150963643,1,Surplus,At Risk,0.18006610293170794,Low Saving
28400.0,9795.0,2187,5517,2619,1683,6490.0,28291.0,109.0,30.91315275062832,7.730373617051359,19.50090134671804,9.257360998197306,5.948888339047754,22.94015764730833,1.0345345690952217,1,Surplus,At Risk,0.22852112676056338,Healthy Saving
30721.0,12878.625,1942,6043,3864,871,7966.0,33564.625,-2843.625,33.69446759407654,6.22475799730752,19.369831399448685,12.385409321110329,2.7918456311302005,25.533688056926728,1.0925629048533576,5,Deficit,Unhealthy,0.25930145503076074,Healthy Saving
20831.0,10375.0,1408,7222,2254,2803,5162.0,29224.0,-8393.0,43.499224351180246,5.903316422791497,30.27965284474445,9.450337512054002,11.752127793383924,20.143709574077935,1.1591572647222668,5,Deficit,Unhealthy,0.2478037540204503,Healthy Saving
25832.0,6368.0,2466,5432,2999,2797,5222.0,25284.0,548.0,25.185888308811897,9.753203607024204,21.48394241417497,11.86125613035912,11.06233190950799,20.653377630121817,0.9787860018581604,0,Surplus,At Risk,0.20215236915453702,Healthy Saving
26600.0,5692.0,2251,6512,3017,1492,1528.0,20492.0,6108.0,30.91315275062832,10.984774546164356,31.778254928752688,14.722818660940856,7.280890103455007,7.456568416943197,0.746948212377941,0,Surplus,Healthy,0.057443609022556394,Low Saving
30161.0,8993.0,3152,6290,2743,1886,9883.0,32947.0,-2786.0,27.29535314292652,9.566880140832248,19.09126779372932,8.325492457583392,5.7243451604091415,29.99666130451937,1.0923709426080037,5,Deficit,Unhealthy,0.32767481184310865,Healthy Saving
30959.0,9270.0,1492,6043,2778,2047,4063.0,25693.0,5266.0,36.07986611139221,5.80702915190908,23.52002490950843,10.81228350134278,7.967150585762658,15.813645740084848,0.8299040666688201,0,Surplus,Healthy,0.13123808908556478,Low Saving
29197.0,8800.0,2411,6930,3036,1519,6492.0,29188.0,9.0,30.14937645607784,8.260243935864054,23.7426339591613,10.401534877346856,5.2041935041798,22.24201726737015,0.9996917491523102,0,Surplus,At Risk,0.22235161146693153,Healthy Saving
27223.0,3971.0,1344,5339,2718,1122,4929.0,19423.0,7800.0,20.44483344488493,6.919631364876692,27.48802965556299,13.993718787005095,5.776656541214025,25.37713020645626,0.7134775741101275,0,Surplus,Healthy,0.18106013297579251,Low Saving
32139.0,6266.0,2078,5424,2288,2004,3393.0,21453.0,10686.0,29.35857189710912,9.736213278358244,25.41348451482921,10.720142435458934,8.874103921660497,15.897483952583984,0.6675067674787641,0,Surplus,Healthy,0.10557266872024643,Low Saving
38615.0,7940.0,2488,5988,3107,1839,3155.0,24517.0,14098.0,32.3856915609577,10.14806052942856,24.42386915201697,12.67283925439491,7.500917730554309,12.86862177264755,0.6349087142302213,0,Surplus,Healthy,0.08170400103586689,Low Saving
38196.0,8086.0,963,5359,3536,1805,8171.0,27920.0,10276.0,31.15106914745904,3.3428214384893087,18.602471535684533,12.274368231046932,6.265620660927521,28.36364898639267,0.7309665933605614,0,Surplus,Healthy,0.21392292386637343,Healthy Saving
20386.0,9534.0,1897,6508,3434,2111,5162.0,28646.0,-8260.0,30.91315275062832,6.241158085211383,21.411416351373585,11.297910840598782,6.9452212534956415,22.73729231781543,1.4115864882114428,5,Deficit,Unhealthy,0.25321298930638675,Healthy Saving
32885.0,8288.0,1718,5286,2595,2714,8887.0,29488.0,3397.0,28.10634834508953,5.826098752034726,17.925935973955507,8.800189907759089,9.20374389582203,30.13768312533912,0.8967006233845216,0,Surplus,Healthy,0.27024479245856775,Healthy Saving
29109.0,8086.0,1649,6226,2374,1848,5110.0,25293.0,3816.0,33.481521571053044,6.374671408690273,24.06834699242307,9.177361991649915,7.143961651461265,19.75413638472244,0.8689065237555396,0,Surplus,Healthy,0.17554708165859356,Low Saving
30775.0,12878.625,2192,5899,2857,2004,5575.0,31405.625,-630.625,30.50752511483736,8.186129887590097,22.03010045934944,10.669604511334354,7.786533218807186,20.143709574077935,1.0274410532142686,1,Deficit,Unhealthy,0.18115353371242893,Low Saving
28008.0,9371.0,2560,6214,3783,2363,5162.0,29453.0,-1445.0,32.58798163861455,8.902489915148143,21.609403254972875,13.155515370705244,8.217415495896509,15.52719432466268,1.0515924021708083,5,Deficit,Unhealthy,0.18430448443301914,Low Saving
30587.0,8086.0,1933,5540,3322,2277,4425.0,25583.0,5004.0,30.91315275062832,7.399892810657684,21.208177015542454,11.489829961092749,8.71679044483577,16.93974427685476,0.8652342622167659,0,Surplus,Healthy,0.14466930395265962,Low Saving
30757.0,8131.0,2102,5660,3351,1692,2916.0,23852.0,6905.0,34.08938453798424,8.812678182123092,23.72966627536475,14.04913634076807,7.093744759349321,12.225389904410532,0.7754982605585721,0,Surplus,Healthy,0.09480768605520694,Low Saving
27105.0,7463.0,2057,6096,3444,2048,5168.0,26276.0,829.0,30.91315275062832,7.828436596133353,23.199878215862384,13.107017810930127,7.794184807428832,19.668138224996195,0.9456712439549863,0,Surplus,At Risk,0.1906659287954252,Low Saving
25518.0,8162.0,2000,6202,3210,2004,10205.5,31783.5,-6265.5,32.301725502612,7.91514959632737,24.544878898211174,12.703815102105429,8.995567516226057,20.143709574077935,1.1683639250633222,0,Deficit,Unhealthy,0.3999333803589623,Healthy Saving
27756.0,8969.0,1455,5995,3060,1435,5162.0,26076.0,1680.0,33.47016457066089,7.68669977673486,22.37190730305631,11.41918871515468,5.355077060865023,21.95395006903757,0.9187367724065753,0,Surplus,Healthy,0.1859778066003747,Low Saving
31171.0,8534.0,2554,7705,3331,2631,5340.0,30095.0,1076.0,28.356869911945505,8.48645954477488,25.60225951154677,11.068283768067785,8.742315999335437,17.743811264329622,0.9654807352988355,0,Surplus,Healthy,0.17131307946488725,Low Saving
32994.0,8761.0,2147,5009,2990,2715,5575.0,27197.0,5797.0,32.5288679315338,7.971633312293469,22.7434724203955,10.121412393717744,10.08057030408792,20.699513607841684,0.7914903916316768,0,Surplus,Healthy,0.16897011577862642,Low Saving
34266.0,10685.0,2197,5935,2292,1638,5162.0,27909.0,6357.0,34.36022767469531,7.064990191979933,19.085442325626268,7.370485898961314,5.267389137215808,26.851464771521368,0.8144808264752232,0,Surplus,Healthy,0.15064495418198798,Low Saving
27529.0,8530.0,1596,4426,2990,2096,4924.0,24562.0,2967.0,34.211687322023025,6.401155095656359,17.751574218906672,13.480126739662296,8.406529499057475,19.74892712469418,0.8922227469214282,0,Surplus,Healthy,0.17886592320825312,Low Saving
31419.0,8086.0,1770,6372,2990,2321,6513.0,28052.0,3367.0,24.553048065650646,6.484466588511137,23.34407971864009,13.254689331770225,8.50307737397421,23.86063892145369,0.8928355453706356,1,Surplus,Healthy,0.20729494891626085,Healthy Saving
34812.0,9767.0,1911,4884,2440,1727,9103.0,29832.0,4980.0,32.740010726736394,6.405872888173773,16.371681415929203,8.179136497720568,5.789085545722713,30.51421292571735,0.8569458807307825,0,Surplus,Healthy,0.2614902907043548,Healthy Saving
35827.0,5267.0,1232,5721,3410,2240,7613.0,25483.0,10344.0,20.66868108150532,4.834595612761449,22.45026095828592,13.381469999607582,8.790173841384451,29.874818506455288,0.7112792028358501,0,Surplus,Healthy,0.21249337092137216,Healthy Saving
29705.0,5837.0,1155,5627,3840,2081,7306.0,25846.0,3859.0,22.58376537955583,4.468776599860713,21.77126054321752,14.85723129304341,8.051536021047745,28.26743016327478,0.8700892105706111,0,Surplus,Healthy,0.24595185995623634,Healthy Saving
28895.0,8671.0,1999,6280,2998,1266,4386.0,25600.0,3295.0,34.27272727272727,6.715415019762847,24.82213438735178,11.849802371541502,5.00395256916996,17.33596837944664,0.8859664301782315,1,Surplus,Healthy,0.15179096729537983,Low Saving
30955.0,9032.0,2261,5447,2590,2229,5459.0,27018.0,3937.0,33.4295654748686,8.368495077355837,20.16063365163965,9.586201791398327,8.250055518543194,20.20504848619439,0.8728153771603943,0,Surplus,Healthy,0.17635277015021805,Low Saving
24251.0,5509.0,1673,5404,3061,1449,2363.0,19459.0,4792.0,28.310807338506606,8.597564109152579,27.771211264710416,15.730510303715503,7.446425818387378,12.14348116552752,0.8023999010350089,0,Surplus,Healthy,0.09743928085439775,Low Saving
29031.0,8086.0,1490,7435,2990,2469,5997.0,28467.0,564.0,26.45069289553549,5.448096822552927,27.18563750045705,9.960144795056491,9.027752385827634,21.927675600570403,0.9805724914746307,2,Surplus,At Risk,0.20657228479900797,Healthy Saving
30161.0,6787.0,1592,6284,2990,1664,5548.0,24865.0,5296.0,27.62761540340308,6.480501506146707,25.58007001546853,10.954164292111049,6.773589513962388,22.584059268908245,0.8244090050064653,0,Surplus,Healthy,0.1839461556314446,Low Saving
33209.0,7026.0,1772,5438,3216,1919,5162.0,24533.0,8676.0,28.775033787934635,7.68669977673486,22.271368308965062,13.17115124708195,7.859278371626326,20.665929475365523,0.7355864640457338,0,Surplus,Healthy,0.15543979041826012,Low Saving
30161.0,9887.0,1823,5749,2198,2686,7054.0,29397.0,764.0,30.91315275062832,6.201313059155696,19.55641732149539,7.4769534306221725,9.136986767357214,23.995645814198728,1.001916708948115,1,Surplus,At Risk,0.23387818706276317,Healthy Saving
30161.0,9413.0,3082,7645,2278,2248,2584.0,27250.0,2911.0,34.543119266055044,11.310091743119266,28.05504587155963,8.359633027522936,8.24954128440367,9.48256880733945,0.9034846324723981,0,Surplus,Healthy,0.08567355193793309,Low Saving
25876.0,7961.0,2527,5764,3009,1460,8269.0,28990.0,-3114.0,27.46119351500517,7.68669977673486,19.882718178682303,10.379441186616074,5.036219385995171,28.523628837530183,1.1320039377376083,5,Deficit,Unhealthy,0.3195625289843871,Healthy Saving
33517.0,6908.0,2512,5310,2988,2004,5162.0,24884.0,8633.0,26.55595279283436,9.65671010648522,20.412870487833008,11.48656441010264,5.735593741590743,26.15230846115404,0.742429215025211,1,Surplus,Healthy,0.15401139720142018,Low Saving
29610.0,5300.0,2584,5315,3171,1700,4858.0,22928.0,6682.0,23.115840893230985,11.270062805303558,23.181263084438243,13.830251221214237,7.414515003489183,21.1880669923238,0.7743329956095912,0,Surplus,Healthy,0.16406619385342788,Low Saving
28620.0,10840.0,1500,5450,3937,2197,4702.0,28626.0,-6.0,37.86767274505694,5.239991616013414,19.03863620484874,13.75323132816321,7.674841053587647,16.42562705233005,1.0002096436058698,5,Deficit,Unhealthy,0.16429070580013977,Low Saving
28191.0,9184.0,1388,5405,3052,2179,5162.0,26370.0,1821.0,33.80323162427767,5.108763664470536,19.8939968346277,11.233390997092274,8.020170046744452,21.94044683278737,0.9354049164627009,0,Surplus,Healthy,0.18310808414032848,Low Saving
29685.0,6586.0,1446,4720,3299,1578,5162.0,22791.0,6894.0,30.91315275062832,5.633034670821971,22.7434724203955,12.851577717179588,6.147253603428126,31.32450331125828,0.7004292688026434,0,Surplus,Healthy,0.17389253831901633,Low Saving
27760.0,9439.0,2667,4875,2990,2004,5203.0,27178.0,582.0,30.91315275062832,10.213694852941178,18.669577205882355,9.620098039215687,5.422794117647059,19.925704656862745,1.0331180907926005,3,Surplus,At Risk,0.1874279538904899,Low Saving
33290.0,7859.0,1726,5170,3383,2140,5288.0,25566.0,7724.0,30.7400453727607,6.751153876241883,20.22217006962372,13.232418055229603,8.370492059766878,20.68372056637722,0.7679783718834485,0,Surplus,Healthy,0.15884650045058576,Low Saving
28023.0,7425.0,1374,6591,2736,1909,5162.0,25197.0,2826.0,29.6158908699294,5.480435563001077,26.289338279286827,10.913007059949743,7.614375174504408,20.086953053328543,0.899154266138529,0,Surplus,Healthy,0.18420583092459766,Low Saving
37964.0,8870.0,1784,5618,3035,3078,8564.0,30949.0,7015.0,30.91315275062832,5.764321949012892,22.7434724203955,9.80645578209312,9.945394035348476,27.671330252996867,0.762999055952313,0,Surplus,Healthy,0.22558213043936362,Healthy Saving
37326.0,6517.0,1999,5792,2990,2018,4262.0,23578.0,13748.0,27.833774664730505,8.029384129153499,24.737336636200563,12.577944819338857,8.618775091825404,18.20278465875117,0.6316776509671542,0,Surplus,Healthy,0.11418314311739806,Low Saving
25542.0,7312.0,2134,7270,3516,2907,4940.0,28079.0,-2537.0,26.04081341928131,7.68669977673486,25.891235442857653,12.521813454895115,10.35293279675202,17.59321913173546,1.0983741549174455,5,Deficit,Unhealthy,0.1934069375929841,Low Saving
30348.0,8242.0,2125,7295,2345,1414,7926.0,29347.0,1001.0,28.08464238252632,7.240944559920946,24.85773673629332,7.990595290830408,4.818209697754456,27.007871332674547,0.9670159483326743,0,Surplus,Healthy,0.2611704230921313,Healthy Saving
26746.0,7001.0,1585,5717,1858,1213,5294.0,22668.0,4078.0,30.88494794423857,6.992235750838185,22.7434724203955,8.196576671960473,5.351155814363861,23.3545085583201,0.8690560136009218,0,Surplus,Healthy,0.19793613998354895,Low Saving
30161.0,9338.0,2342,5369,2893,1439,7274.0,28655.0,1506.0,32.58768103297854,8.173093700924795,18.736695166637585,10.095969289827256,5.021811202233467,25.38474960739836,0.9500679685686814,0,Surplus,Healthy,0.24117237492125593,Healthy Saving
40012.0,8086.0,1680,5135,3234,2594,3177.0,23906.0,16106.0,42.59380216271138,7.68669977673486,18.6334276798026,11.73524929240148,9.412874664344292,11.528412802090138,0.5881169563183103,0,Surplus,Healthy,0.07940117964610617,Low Saving
28462.0,6491.0,1921,6692,3076,2878,4589.0,25647.0,2815.0,25.30900300230046,7.490154793933014,26.09272039614769,11.489829961092749,11.221585370608649,17.89293094708933,0.9056586852711276,0,Surplus,Healthy,0.16123252055372075,Low Saving
31801.0,4669.0,2343,5795,3616,1608,7968.0,25999.0,5802.0,17.958383014731336,7.68669977673486,22.289318819954616,13.908227239509213,6.184853263587061,30.64733258971499,0.8285324979751095,0,Surplus,Healthy,0.2505581585484733,Healthy Saving
32706.0,3996.0,1679,5613,3218,1769,3647.0,19922.0,12784.0,20.058227085633973,8.427868687882743,28.17488203995583,16.15299668707961,8.879630559180805,18.306394940267044,0.6091237081881,0,Surplus,Healthy,0.11150859169571332,Low Saving
24996.0,7699.0,1715,5186,2718,1415,4697.0,23430.0,1566.0,32.85958173282117,7.68669977673486,22.13401621852326,11.600512163892446,6.039265898420828,20.046948356807512,0.933922255801293,0,Surplus,Healthy,0.18791006561049767,Low Saving
30161.0,6673.0,2295,5230,1837,1094,5513.0,22642.0,7519.0,29.47177811147425,10.136030386008304,23.09866619556576,8.113240879780937,4.831728645879339,24.34855578129141,0.7507045522363316,0,Surplus,Healthy,0.1827857166539571,Low Saving
23969.0,8415.0,1571,6320,2881,2359,3021.0,24567.0,-598.0,34.253266577115646,6.394757194610657,25.725566817275208,11.727113607685109,9.602312044612692,12.296983758700696,1.0249488923192458,5,Deficit,Unhealthy,0.12603779882348032,Low Saving
25570.0,8265.0,1807,4684,3513,2111,4172.0,24552.0,1018.0,33.663245356793745,7.359889214727924,22.7434724203955,14.308406647116326,8.598077549690453,16.992505702183124,0.9262356546259163,0,Surplus,Healthy,0.16315995307000392,Low Saving
17329.375,4793.0,2277,6994,2803,2005,5225.0,24097.0,-6767.625,30.91315275062832,9.449309042619412,29.02435987882309,11.632153380088807,7.68221184475491,21.683197078474496,1.2597154027524196,4,Deficit,Unhealthy,0.30151116240487613,Healthy Saving
32722.0,4370.0,3027,5466,3014,1299,5093.0,22269.0,10453.0,19.62369212807041,13.592886972922,24.54533207598006,13.53450985675154,5.83322106964839,22.8703578966276,0.6805513110445571,0,Surplus,Healthy,0.15564452050608155,Low Saving
40270.0,8591.0,1999,5850,3210,2819,7560.0,30029.0,10241.0,28.323222998813137,7.589344586575233,19.28656204668337,10.582882764077542,9.293815112752208,24.92417249109851,0.7456915818226968,0,Surplus,Healthy,0.18773280357586292,Low Saving
30739.0,8270.0,2236,4663,2492,1748,8082.0,27491.0,3248.0,30.08257247826561,7.68669977673486,16.961914808482774,9.064784838674475,6.358444581863155,29.39871230584555,0.8983506557486461,0,Surplus,Healthy,0.26292332216402614,Healthy Saving
22918.0,7148.0,2265,5987,3311,2266,3287.0,24264.0,-1346.0,29.459281239696672,9.334817012858556,24.67441477085394,13.645730300032971,9.338938344873062,13.5468183316848,1.058731128370713,5,Deficit,Unhealthy,0.14342438258137707,Low Saving
26786.0,4685.0,1463,5671,3818,1272,5222.0,22131.0,4655.0,21.169400388595182,6.610636663503683,25.624689349780848,17.251818715828477,5.747593872848041,23.59586100944377,0.8262151870380049,0,Surplus,Healthy,0.1949525871724035,Low Saving
27705.0,8942.0,2057,5949,2913,1904,6348.0,28113.0,-408.0,31.80734891331413,7.316899654963896,21.16102870558105,11.489829961092749,6.77266744922278,22.58030092839612,1.003407389592436,4,Deficit,Unhealthy,0.22912831618841364,Healthy Saving
30161.0,10543.0,1985,5969,2435,2145,8032.0,31109.0,-948.0,32.32958204286897,6.08690319217442,22.909447732360245,7.466805679065345,6.577535187513416,24.6297261660176,1.0314313185902324,4,Deficit,Unhealthy,0.26630416763369913,Healthy Saving
34300.0,8555.0,1999,6177,2966,2163,6436.0,28296.0,6004.0,30.062901922198403,7.68669977673486,21.70643426924834,10.422743086059668,7.600941771796044,22.616579400499,0.8241625977728915,0,Surplus,Healthy,0.1876384839650146,Low Saving
34051.0,6305.0,2058,5205,1887,2077,5581.0,23113.0,10938.0,27.27902046467356,7.68669977673486,22.51979405529356,8.164236576818242,8.98628477480206,24.146584173408904,0.68714107293514,0,Surplus,Healthy,0.1639012070130099,Low Saving
24222.0,8089.0,2189,5288,3168,2247,6333.0,27314.0,-3092.0,29.614849527714725,8.014205169510142,19.36003514681116,11.59844768250714,8.22655048692978,23.185911986527056,1.127652547271076,5,Deficit,Unhealthy,0.26145652712410206,Healthy Saving
33625.0,5267.0,1844,6595,3226,1434,6347.0,24713.0,8912.0,21.31266944523125,7.461659855136972,26.68635940598066,13.053858293206003,5.802614008821268,20.143709574077935,0.7780566739167959,0,Surplus,Healthy,0.18875836431226767,Low Saving
37634.0,8086.0,2029,7298,2990,2098,3144.0,25645.0,11989.0,35.46509589425336,7.114056309386066,22.7434724203955,13.453244977385085,7.68221184475491,11.023456400546966,0.6990366577791353,0,Surplus,Healthy,0.08354147845033746,Low Saving
39512.0,8163.0,1386,6281,2990,2056,5385.0,26261.0,13251.0,31.18743791548865,5.295331244746696,22.7434724203955,11.091159165584168,7.855123404905631,20.57385191411324,0.6730713121212608,0,Surplus,Healthy,0.13628771006276574,Low Saving
43220.375,4463.0,1840,6688,3204,2115,7918.0,26228.0,16992.375,17.01616592954095,7.015403385694677,25.49946621930761,12.215952417263992,8.063901174317522,30.189110873875247,0.6068434158657809,0,Surplus,Healthy,0.18320063164653244,Low Saving
25490.0,7398.0,2695,6609,2569,2036,4585.0,25892.0,-402.0,28.572532056233584,10.408620423296773,25.525258767186777,9.921983624285494,7.8634327205314385,20.143709574077935,0.9916196260122802,5,Deficit,Unhealthy,0.17987446057277365,Low Saving
43220.375,8926.0,1999,7419,2821,1363,5258.0,27786.0,15434.375,31.94017032849066,7.725613683532527,26.54762756745152,10.094467902383167,7.68221184475491,18.814857224647536,0.6253504700142278,0,Surplus,Healthy,0.12165558489485573,Low Saving
28228.0,7333.0,1989,4050,2237,1341,4514.0,21464.0,6764.0,34.164181885948565,9.266679090570255,18.86880357808424,11.489829961092749,6.24767051807678,21.03056280283265,0.752346749104582,0,Surplus,Healthy,0.15991214397052572,Low Saving
27037.0,7448.0,2948,6667,2902,892,372.0,21229.0,5808.0,35.08408309388101,13.886664468415846,31.40515332799472,13.669979744688868,4.201799425314428,1.7523199397051203,0.785183267374339,0,Surplus,Healthy,0.013758922957428709,Low Saving
31635.0,5551.0,1319,6983,2847,2408,5041.0,24149.0,7486.0,22.98645906662802,5.461923889187958,28.916311234419645,11.789308045881818,9.971427388297652,20.87457037558491,0.7633633633633634,0,Surplus,Healthy,0.15934882250671725,Low Saving
27089.0,8086.0,1999,4661,3149,2413,5603.0,25911.0,1178.0,30.91315275062832,5.472655658233601,17.652628389637933,11.926223299500077,9.138766853507043,21.22026965611272,0.9930201474203075,1,Surplus,Healthy,0.20683672339325926,Healthy Saving
31995.0,6703.0,2856,5114,2688,2421,3975.0,23757.0,8238.0,28.21484194132256,12.021719914130571,21.52628698909795,11.489829961092749,10.190680641495138,16.731910594772067,0.7412231270191667,0,Surplus,Healthy,0.12423816221284575,Low Saving
23399.0,3687.0,2022,5149,3041,2153,2690.0,18742.0,4657.0,19.67239355458329,10.788603137338598,22.7434724203955,16.22558958488955,11.487568029025716,14.352790523956887,0.8407377901074715,0,Surplus,Healthy,0.11496217787084918,Low Saving
28806.0,7257.0,1999,5271,2833,2004,3238.0,22602.0,6204.0,33.89537599252685,8.771602055114434,24.619336758524053,13.232134516581038,4.357776739841196,15.123773937412423,0.7846282024578213,1,Surplus,Healthy,0.11240713740193016,Low Saving
36427.0,9962.0,1400,5518,2834,2004,6528.0,28246.0,8181.0,35.927582227351415,5.049047893825736,19.90046162723601,10.22071552221581,5.359203693017888,23.542989036353145,0.7754138413813929,1,Surplus,Healthy,0.17920773052955224,Low Saving
29714.0,7226.0,2223,6242,2990,2085,8945.0,29711.0,3.0,24.280098114982696,7.469507073015019,20.973757602231107,10.214710527200028,7.005812976714493,30.056113705856657,0.9998990374907452,4,Surplus,At Risk,0.30103654842835026,Healthy Saving
30707.0,11475.0,2272,6865,3020,2067,7764.0,33463.0,-2756.0,34.29160565400592,7.68669977673486,20.51519588799569,9.02489316558587,7.68221184475491,23.20174521112871,1.0641860329020836,3,Deficit,Unhealthy,0.2528413716742111,Healthy Saving
32376.0,8857.0,1452,7081,3380,1888,2311.0,24969.0,7407.0,35.471985261724534,5.815210861468221,28.359165365052664,13.536785614161564,7.561376106371902,20.143709574077935,0.695492571609592,0,Surplus,Healthy,0.07138003459352607,Low Saving
35853.0,8677.0,1929,5162,2939,2184,6709.0,27600.0,8253.0,31.43840579710145,6.989130434782609,18.70289855072464,11.489829961092749,7.91304347826087,24.30797101449276,0.7633878343913955,0,Surplus,Healthy,0.1871252057010571,Low Saving
21723.0,7743.0,1832,5155,2825,2005,3673.0,23233.0,-1510.0,33.327594370077044,7.885335514139371,22.7434724203955,12.159428399259674,8.629965996642706,15.809409030258683,1.0636063740489856,5,Deficit,Unhealthy,0.16908345992726603,Low Saving
32922.0,7863.0,2127,5969,2909,2004,3835.0,24707.0,8215.0,30.116051936113987,8.146616109387567,28.017158834118504,11.141751886322725,7.68221184475491,14.688421617066911,0.7520334433312066,0,Surplus,Healthy,0.11648745519713262,Low Saving
28659.0,7473.0,1440,6646,2642,1680,4076.0,23957.0,4702.0,31.19338815377552,6.010769294986852,27.741369954501817,11.028091998163376,7.012564177484661,20.143709574077935,0.8105631065925223,0,Surplus,Healthy,0.14222408318503785,Low Saving
30833.0,7395.0,2625,6082,2820,2491,6412.0,27825.0,3008.0,26.576819407008085,9.433962264150944,21.858041329739443,10.134770889487871,8.952380952380953,23.044025157232703,0.9024421885642007,0,Surplus,Healthy,0.2079590049622158,Healthy Saving
30161.0,9061.0,2457,6473,4015,1784,6918.0,30708.0,-547.0,29.50696886804741,8.001172332942556,21.07919760323043,11.489829961092749,5.809561026442621,20.143709574077935,1.060222165150689,5,Deficit,Unhealthy,0.2293690527502404,Healthy Saving
24029.0,6128.0,1818,5969,2543,1334,4803.0,22595.0,1434.0,27.119844220215967,8.04567180031864,26.420605416887945,11.25420428394406,5.903699769870774,21.255974508762613,0.9403221107828041,0,Surplus,Healthy,0.1998834741354197,Low Saving
24936.0,5848.0,1891,6524,2860,1614,4837.0,23574.0,1362.0,24.80699075252397,8.021549164333589,27.674556715025027,12.13200984135064,6.846525833545432,20.518367693221347,0.9453801732435033,0,Surplus,Healthy,0.19397658004491497,Low Saving
20322.0,5753.0,1931,5663,2806,1825,5928.0,23906.0,-3584.0,24.06508826236092,7.68669977673486,22.7434724203955,11.73763908642182,7.634066761482473,24.79712206140718,1.1922885153841276,5,Deficit,Unhealthy,0.2917035724830233,Healthy Saving
27254.0,12091.0,1610,6268,2990,2497,6135.0,31591.0,-4337.0,38.41217396829431,5.114845760396481,19.91295231438828,9.136830066397687,7.93277631286336,19.49042157765988,1.1591326043883468,5,Deficit,Unhealthy,0.22510457180597343,Healthy Saving
36652.0,9060.0,1778,4489,2834,1978,7352.0,27491.0,9161.0,32.95624022407333,6.4675712051216765,16.328980393583354,10.308828343821617,7.195082026845149,26.74329780655487,0.750054567281458,0,Surplus,Healthy,0.2005893266397468,Healthy Saving
29397.0,8608.0,1864,5312,3139,1906,2431.0,23260.0,6137.0,37.00773860705073,8.013757523645744,22.83748925193465,13.495270851246776,8.19432502149613,10.451418744625968,0.7912372010749397,0,Surplus,Healthy,0.0826955131476001,Low Saving
23299.0,5884.0,2806,5322,2144,1375,5040.0,22571.0,728.0,26.068849408533072,12.431881618005406,23.57892871383634,11.489829961092749,7.68221184475491,22.329537902618405,0.9352601194314877,0,Surplus,At Risk,0.2163182969226147,Healthy Saving
27571.0,9246.0,2473,5625,3518,2392,2863.0,26117.0,1454.0,35.40222843358732,9.468928284259295,21.53769575372363,13.470153539839952,9.158785465405677,10.962208523184133,0.947263428965217,0,Surplus,Healthy,0.1038409923470313,Low Saving
22560.0,8086.0,2467,5073,3316,1674,4898.0,25514.0,-2954.0,30.82479955544971,9.792013971580534,20.13574660633484,13.161863935857742,6.644439152179091,19.44113677859808,1.130939716312057,5,Deficit,Unhealthy,0.21710992907801419,Healthy Saving
24374.0,8428.0,1999,5466,2378,1949,4547.0,24767.0,-393.0,33.77685155498557,8.752805386341777,21.90605963449824,9.530298172491184,7.810997114459763,18.22298813722347,1.0161237384097808,4,Deficit,Unhealthy,0.1865512431279232,Low Saving
31944.0,6046.0,1441,4485,1865,2740,4906.0,21483.0,10461.0,28.14318298189266,6.7076292882744495,20.876972489875715,8.681282874831261,12.754270818786948,22.836661546338966,0.6725206611570248,0,Surplus,Healthy,0.15358126721763085,Low Saving
24130.0,8320.0,1999,6548,2511,2254,3400.0,25032.0,-902.0,33.264033264033266,7.912202142971374,26.17943387174157,10.039181193027346,9.01167439628978,13.59347513193667,1.0373808537090758,5,Deficit,Unhealthy,0.14090343970161626,Low Saving
35563.0,7152.0,2485,5917,2878,1185,2025.0,21642.0,13921.0,33.046853340726365,11.482302929488956,27.34035671379725,13.29821643101377,5.475464374826726,9.356806210146935,0.6085538340409977,0,Surplus,Healthy,0.05694120293563535,Low Saving
29644.0,6468.0,1370,4294,4290,1115,811.0,18348.0,11296.0,35.25179856115108,7.466753869631567,23.40309570525398,23.38129496402877,6.076956616524962,4.420100283409636,0.6189448117662935,0,Surplus,Healthy,0.02735798137903117,Low Saving
30427.0,9468.0,2318,5165,3271,1967,4737.0,26926.0,3501.0,35.16303944143208,8.608779618212878,19.1822030750947,12.148109633811186,7.305206863254847,17.59266136819431,0.8849377197883459,0,Surplus,Healthy,0.15568409636178393,Low Saving
28608.0,4924.0,3161,6336,2096,1393,4137.0,22047.0,6561.0,22.33410441329886,14.337551594321225,28.738603891685944,9.50696239851227,6.31831995282805,18.764457749353653,0.7706585570469797,0,Surplus,Healthy,0.14460989932885907,Low Saving
33864.0,9129.0,2530,5456,2655,2324,3648.0,25742.0,8122.0,35.46344495377205,9.828296169683783,21.19493434853547,10.313883925102944,9.028047548753012,14.171393054152748,0.7601582801795416,0,Surplus,Healthy,0.10772501771793054,Low Saving
33915.0,9368.0,2707,5303,2973,2021,7645.0,30017.0,3898.0,31.208981577106304,9.01822300696272,17.666655561848284,9.904387513742211,6.732851384215612,25.468900956124862,0.8850656051894442,0,Surplus,Healthy,0.22541648238242665,Healthy Saving
31675.0,6240.0,2109,5925,3126,2082,3281.0,22763.0,8912.0,27.412906910336947,9.265035364407153,26.02908228265167,13.73281201950534,9.14642182489127,14.413741598207618,0.7186424625098659,0,Surplus,Healthy,0.10358326756116812,Low Saving
32823.0,6359.0,1999,6343,2342,1646,7833.0,26522.0,6301.0,23.5466192697919,9.194253128934312,23.487373176331182,8.672146930311783,6.094941864770791,29.004665629860032,0.8080309539042745,0,Surplus,Healthy,0.23864363403710812,Healthy Saving
28939.0,7553.0,1641,4563,2932,2004,8247.0,26940.0,1999.0,27.16320218657844,5.901603970366108,16.410127310652378,10.544486801409768,10.321513342444078,29.65906638854923,0.9309236670237396,0,Surplus,Healthy,0.2849787484018107,Healthy Saving
32711.0,8564.0,2397,6550,2641,3421,1098.0,24671.0,8040.0,34.712820720684206,9.71586072716955,26.54938997203194,10.704876170402496,13.866482915163552,20.143709574077935,0.6519065185045363,0,Surplus,Healthy,0.03356669010424628,Low Saving
28310.0,7694.0,1999,5199,2448,1860,5184.0,24384.0,3926.0,31.134671414697312,9.416477824538685,21.038361929427,9.906118484946584,7.526707672385885,20.97766267400453,0.8613210879547863,0,Surplus,Healthy,0.18311550688802544,Low Saving
30011.0,8867.0,2144,5982,3129,2176,4200.0,26498.0,3513.0,33.46290286059325,8.091176692580571,22.7434724203955,11.808438372707371,8.211940523813118,15.850252849271644,0.8814604479629087,0,Surplus,Healthy,0.13994868548198994,Low Saving
28626.0,11525.0,1999,5964,3386,2048,10205.5,35127.5,-6501.5,46.55060990386946,10.735923741820825,24.08918329428872,13.676387430325551,8.27207367315615,20.143709574077935,0.9938768103637896,0,Deficit,Unhealthy,0.35651156291483266,Healthy Saving
27713.0,6984.0,1730,5472,3420,1870,2110.0,21586.0,6127.0,32.354303715371074,8.01445381265635,25.349763735754653,15.84360233484666,8.6630223292875,9.774854072083755,0.7789124237722369,0,Surplus,Healthy,0.07613755277306679,Low Saving
26554.0,4569.0,1906,4976,3287,1583,6549.0,22870.0,3684.0,19.978137297770004,8.334062090074333,21.757761259291648,14.372540445999126,6.921731526016616,28.63576738084827,0.8612638397228289,0,Surplus,Healthy,0.2466295096783912,Healthy Saving
32338.0,9651.0,2047,5714,2751,1457,9038.0,30658.0,1680.0,31.479548568073582,6.676886946310915,18.63787592145606,8.97318807489073,4.752430034574989,29.48007045469372,0.94804873523409,0,Surplus,Healthy,0.2794854350918424,Healthy Saving
36553.0,8086.0,1485,7625,3357,1432,6805.0,28790.0,7763.0,35.44122232616152,4.630495790458372,23.7761147489866,10.467726847521048,4.465232304334269,21.2192079825382,0.7876234508795448,0,Surplus,Healthy,0.18616802998385906,Low Saving
35855.0,8785.0,2113,4638,3154,2202,5647.0,26539.0,9316.0,33.10222691133803,7.961867440370775,17.476167150231735,11.489829961092749,8.297222954896567,21.278118994687063,0.7431077626512883,0,Surplus,Healthy,0.1574954678566448,Low Saving
23717.0,5824.0,1999,7692,3066,1740,4957.0,25278.0,-1561.0,23.850280519267784,4.668495843400631,31.500061427576888,12.55579671567222,7.125598918874647,20.29976657520783,1.065817767845849,5,Deficit,Unhealthy,0.20900619808576126,Healthy Saving
36446.0,7752.0,2523,5740,2694,710,8365.0,27784.0,8662.0,27.90095018715808,9.08076590843651,20.659372300604662,9.69622804491794,2.5554275842211345,30.10725597466168,0.7623333150414312,0,Surplus,Healthy,0.2295176425396477,Healthy Saving
28409.0,5762.0,2023,6035,2751,2004,9296.0,27871.0,538.0,20.51336822243583,7.202107586599736,21.48527893481434,9.793869486275767,7.910569974011179,33.094805795863145,0.9810623393994861,0,Surplus,At Risk,0.32722024710479075,Healthy Saving
33003.0,9285.0,1739,4913,3036,1980,3826.0,24779.0,8224.0,37.4712458129868,7.018039468905121,19.827273094152307,12.25231042414948,7.9906372331409665,20.143709574077935,0.7170845021522815,0,Surplus,Healthy,0.11592885495258007,Low Saving
25468.0,5297.0,1582,5228,4219,2004,1000.0,19330.0,6138.0,26.48632431621581,7.910395519775988,26.14130706535327,21.09605480274013,13.36566828341417,5.000250012500626,0.7589916758284907,0,Surplus,Healthy,0.03926495994974085,Low Saving
30709.0,8086.0,1882,5969,3150,2186,803.0,22076.0,8633.0,35.373141463881055,8.997466175837836,26.2800592819238,15.059520963809344,10.450829468853088,3.838982645694889,0.7188772021231559,0,Surplus,Healthy,0.026148686052948646,Low Saving
31568.0,5991.0,2344,4954,2694,1260,7643.0,24886.0,6682.0,24.073776420477376,9.418950413887329,19.906774893514427,10.825363658281765,5.063087679819979,30.712046934019128,0.7883299543841864,0,Surplus,Healthy,0.24211226558540294,Healthy Saving
22576.0,8253.0,2273,5791,2583,885,4905.0,24690.0,-2114.0,33.42648845686513,9.206156338598625,23.45484001620089,10.46172539489672,3.5844471445929527,19.866342648845688,1.0936392629340892,5,Deficit,Unhealthy,0.2172661233167966,Healthy Saving
33041.0,7267.0,1647,5592,2754,1640,5366.0,24266.0,8775.0,29.947251298112587,7.68669977673486,23.044589137064207,11.349212890464024,6.758427429324981,22.113244869364543,0.7278741857248068,0,Surplus,Healthy,0.16240428558457673,Low Saving
36729.0,8353.0,1576,7850,4088,1687,1418.0,24972.0,11757.0,33.44946339900689,6.311068396604197,31.4352074323242,16.370334774947942,6.755566234182283,5.678359762934487,0.6798987176345668,0,Surplus,Healthy,0.038607095210868796,Low Saving
29126.0,8044.0,2328,4834,2800,2471,3493.0,23970.0,5156.0,33.55861493533583,9.712140175219025,20.1668752607426,11.489829961092749,10.3087192323738,14.5723821443471,0.8245545482922885,0,Surplus,Healthy,0.11992721279956053,Low Saving
36800.0,6026.0,1638,6102,3453,1995,4409.0,23623.0,13177.0,25.509037802141982,6.933920331879947,25.830758159420903,14.617110443212123,8.44515937857173,18.664013884773315,0.6419293478260869,0,Surplus,Healthy,0.11980978260869565,Low Saving
29051.0,8086.0,2029,6247,2812,2566,5415.0,27155.0,1896.0,32.670715344961515,7.164042087423204,22.05705811736459,9.928677353294258,7.68221184475491,20.143709574077935,0.9380522837449772,1,Surplus,Healthy,0.18639633747547416,Low Saving
34247.0,7902.0,1999,4929,3130,1337,4202.0,23499.0,10748.0,30.91315275062832,8.747506472560588,22.7434724203955,13.284665336785364,5.674631806799372,17.83455710708374,0.6917099025771022,0,Surplus,Healthy,0.12269687855870587,Low Saving
30161.0,6022.0,2156,6686,2990,2482,2925.0,23261.0,6900.0,25.44578720527339,9.110115777909236,28.251500042254712,14.345474520409027,10.487619369559706,12.359503084593932,0.7712277444381817,0,Surplus,Healthy,0.09697954311859687,Low Saving
42093.0,12481.0,1999,5969,2714,2360,3430.0,28953.0,13140.0,43.01568154402895,8.371531966224367,19.30380837497846,9.353782526279511,8.133723935895226,11.821471652593486,0.6878340816762881,0,Surplus,Healthy,0.08148623286532203,Low Saving
37477.0,8952.0,1368,5969,2679,990,7416.0,27374.0,10103.0,35.934489402697494,5.491329479768786,14.077552986512524,10.753853564547205,3.973988439306359,20.143709574077935,0.8082123859374104,1,Surplus,Healthy,0.197881367238573,Low Saving
28576.0,7693.0,1044,6659,3829,2661,5489.0,27375.0,1201.0,28.102283105022828,3.813698630136986,24.32511415525114,13.987214611872146,9.72054794520548,20.05114155251141,0.9579717245240763,0,Surplus,Healthy,0.19208426651735722,Low Saving
20139.0,10830.0,1716,4883,2990,2046,6224.0,28689.0,-8550.0,37.10047617416327,5.878524202665205,16.72775855571923,11.962591209619402,7.009009626254667,21.321640231578225,1.4245493817965145,5,Deficit,Unhealthy,0.30905208798848005,Healthy Saving
31440.0,11683.0,2900,4952,3395,2196,10205.5,35331.5,-3891.5,41.24188082462581,10.237221123976278,17.48093758825191,11.98460886755154,7.752047444224795,11.30330415136967,1.123775445292621,0,Deficit,Unhealthy,0.324602417302799,Healthy Saving
30161.0,7709.0,3011,6687,3393,1567,5162.0,27529.0,2632.0,35.92264678471575,14.030754892823856,31.160298229263745,15.81081081081081,7.301957129543337,20.143709574077935,0.7338857335561679,0,Surplus,Healthy,0.17114817147972547,Low Saving
32224.0,8694.0,2915,5652,3229,2637,3953.0,27080.0,5144.0,32.104874446085674,10.764401772525847,20.87149187592319,11.923929098966028,9.73781388478582,14.597488921713442,0.8403674280039722,0,Surplus,Healthy,0.12267254220456802,Low Saving
30161.0,6023.0,1903,6917,4008,1407,3266.0,23524.0,6637.0,25.603638836932497,8.0896106104404,29.404012922972285,17.0379187213059,5.981125658901547,13.883693249447374,0.7799476144690163,0,Surplus,Healthy,0.10828553429926063,Low Saving
25292.0,7705.0,1108,7210,3021,2416,5698.0,27158.0,-1866.0,28.37101406583696,4.079829147949039,26.54834671183445,11.123794093821342,8.896089550040504,20.143709574077935,1.0828440224939047,5,Deficit,Unhealthy,0.2252886288154357,Healthy Saving
35604.0,7601.0,828,5355,3288,2410,10205.5,29687.5,5916.5,24.477506199078995,2.6664090426045792,17.24471065597527,10.588348951792096,7.760924870382893,37.262100280166166,0.8338248511403213,0,Surplus,Healthy,0.28663914166947535,Healthy Saving
34027.0,8369.0,1692,6793,2990,1512,6390.0,27746.0,6281.0,30.961894191638923,6.259711431742508,22.7434724203955,8.412874583795782,7.68221184475491,23.64039955604884,0.8178602588461898,1,Surplus,Healthy,0.18779204749169776,Low Saving
34879.0,8665.0,1900,5244,2587,2991,10205.5,31592.5,3286.5,27.198819762696967,5.963965095109549,16.460543662502356,8.120409316341265,7.68221184475491,32.86772553204847,0.9214979968425656,1,Surplus,Healthy,0.29259726482984033,Healthy Saving
30044.0,9119.0,2650,8233,2399,2115,6137.0,30653.0,-609.0,29.749127328483343,8.645157080872998,26.858708772387697,7.826313900760121,6.899814047564676,20.020878869931167,1.0202702702702702,5,Deficit,Unhealthy,0.20426707495673013,Healthy Saving
30161.0,8475.0,2433,5307,3637,2004,3740.0,25596.0,4565.0,32.699282352033336,9.387298402654526,20.47611698433521,11.489829961092749,8.9744579057026,14.430125781310284,0.8707887909433331,1,Surplus,Healthy,0.12400119359437685,Low Saving
34889.0,5578.0,2113,7026,1723,1236,5695.0,23371.0,11518.0,23.86718582859099,9.041119335929142,30.06289846390826,7.372384579179325,5.2886055367763465,24.36780625561593,0.6698672934162632,0,Surplus,Healthy,0.16323196422941327,Low Saving
28648.0,6123.0,1555,6843,2798,3058,8561.0,28938.0,-290.0,21.159029649595688,5.373557260349713,23.64710760937176,9.668947404796462,10.567420001382269,29.58393807450411,1.0101228707065066,5,Deficit,Unhealthy,0.29883412454621616,Healthy Saving
23051.0,6907.0,1519,6316,1503,1387,8659.0,26291.0,-3240.0,26.2713476094481,7.68669977673486,24.023430071127,5.716785211669392,5.275569586550531,32.93522498193298,1.1191918797847547,4,Deficit,Unhealthy,0.37564530822957787,Healthy Saving
30161.0,7435.0,2127,5329,2584,2512,3849.0,23836.0,6325.0,31.192314146668902,8.92347709347206,22.356939083738883,10.8407450914583,10.538680986742742,16.147843597919113,0.7902920990683333,0,Surplus,Healthy,0.12761513212426645,Low Saving
40497.0,10101.0,2348,5848,2754,1502,5506.0,28059.0,12438.0,35.999144659467554,8.368081542464093,20.84179764068569,9.8150326098578,5.353006165579672,19.62293738194519,0.6928661382324616,0,Surplus,Healthy,0.13596068844605774,Low Saving
29793.0,5674.0,2195,3846,3692,1690,5162.0,22259.0,7534.0,29.4937103649028,11.409709949059152,19.9916831271442,19.191184114772845,8.784696953945316,20.143709574077935,0.6853404611316786,0,Surplus,Healthy,0.17326217567885074,Low Saving
40795.0,7285.0,1482,6224,3198,2004,6649.0,26842.0,13953.0,26.751615746180963,5.442126909518215,22.855464159811987,11.743537015276145,8.791128084606346,24.416128084606346,0.6579727907831843,0,Surplus,Healthy,0.16298566000735384,Low Saving
30456.0,8086.0,2325,5969,2583,2513,8106.0,29582.0,874.0,31.168585992070984,7.315461582027563,19.97671638034108,8.127241835000945,7.906991378767857,25.50500283179158,0.9713028631468348,3,Surplus,At Risk,0.2661544523246651,Healthy Saving
28097.0,7400.0,2212,6133,3532,1364,5079.0,25720.0,2377.0,28.77138413685848,8.600311041990668,23.845256609642306,13.732503888024883,5.303265940902022,19.747278382581648,0.9154002206641276,0,Surplus,Healthy,0.18076662988931202,Low Saving
26847.0,8920.0,1464,3026,3008,2545,3665.0,22628.0,4219.0,39.42018737846915,6.469860350008839,13.372812444758706,13.293264981438927,11.247127452713451,20.143709574077935,0.8108464236594474,0,Surplus,Healthy,0.13651432189816368,Low Saving
38185.0,8086.0,1607,4734,3018,2522,5720.0,25687.0,12498.0,30.488527309347973,7.68669977673486,18.695944078038,11.91896054658189,7.68221184475491,22.58994510485368,0.6790663861867425,0,Surplus,Healthy,0.1497970407227969,Low Saving
30161.0,8513.0,2344,5251,2398,1531,5834.0,25871.0,4290.0,32.90556994317962,9.060337830002704,20.296857485215103,9.269065749294576,5.917823045108422,22.550345947199567,0.8577633367593913,0,Surplus,Healthy,0.19342859984748517,Low Saving
33676.0,7543.0,1882,6291,2504,2799,5162.0,26181.0,7495.0,28.810969787250297,7.188419082540774,24.02887590237195,9.564187769756693,7.68221184475491,19.716588365608647,0.8015546927545847,1,Surplus,Healthy,0.15328423803302055,Low Saving
27204.0,9334.0,2794,6289,2587,1271,5357.0,27632.0,-428.0,33.77967573827446,10.111464968152866,22.75984365952519,9.362333526346266,4.5997394325419805,19.38694267515924,1.0157329804440522,5,Deficit,Unhealthy,0.1969195706513748,Low Saving
27698.0,4909.0,2250,5829,3023,1687,4652.0,22350.0,5348.0,21.96420581655481,10.06711409395973,26.08053691275168,13.525727069351232,7.548098434004474,20.81431767337808,0.8069174669651238,0,Surplus,Healthy,0.16795436493609647,Low Saving
35151.0,7273.0,1756,6635,3038,2239,6991.0,27932.0,7219.0,26.038235715308605,6.286696262351425,23.75411714162967,10.876414148646711,8.01589574681369,25.028640985249893,0.7946288868026514,0,Surplus,Healthy,0.1988848112429234,Low Saving
28099.0,8593.0,1994,4973,3772,1573,6472.0,27377.0,722.0,30.91315275062832,7.283486137999049,18.16488293092742,13.777988822734413,5.745698944369361,23.64028198853052,0.9789503372389855,0,Surplus,At Risk,0.23032848144062065,Healthy Saving
27976.0,9067.0,2031,6610,3192,2131,3033.0,26064.0,1912.0,34.78744628606507,7.792357274401473,25.360650705954573,12.246777163904236,8.176028238182935,11.636740331491712,0.9316557048899057,0,Surplus,Healthy,0.10841435516156706,Low Saving
35664.0,10985.0,1635,6474,1646,2120,2978.0,25838.0,9826.0,42.514900534097066,6.327889155507392,25.05611889465129,6.370462110070439,8.204969424878087,11.525659880795727,0.7244840735755944,0,Surplus,Healthy,0.08350157021085688,Low Saving
37986.0,7217.0,1543,6377,3131,1906,4491.0,24665.0,13321.0,29.2600851408879,6.255828096493006,25.854449624974663,12.694100952767078,7.727549158726942,18.207987026150416,0.6493181698520507,0,Surplus,Healthy,0.11822776812509872,Low Saving
33223.0,10958.0,2350,5817,2274,2416,6473.0,30288.0,2935.0,36.17934495509773,7.758848388800846,19.205625990491285,7.507923930269414,7.97675647120972,21.37150026413101,0.9116575866116847,0,Surplus,Healthy,0.19483490353068658,Low Saving
26726.0,6681.0,2422,5969,2517,1885,5296.0,24770.0,1956.0,25.087304269460404,9.094664113251474,29.4018249408584,9.451391235777852,7.078217115391837,19.886598325260035,0.926812841427823,0,Surplus,Healthy,0.19815909601137469,Low Saving
27446.0,10657.0,2301,6493,2593,2115,3713.0,27872.0,-426.0,38.23550516647531,8.255597014925373,23.295780711825486,9.303243398392652,7.588260619977037,13.321613088404131,1.0155213874517235,5,Deficit,Unhealthy,0.13528383006631203,Low Saving
30399.0,9634.0,2757,5031,2668,2573,5523.0,28186.0,2213.0,34.18008940608813,9.781451784573903,17.849286880011352,9.46569218761087,9.128645426807635,19.59483431490811,0.927201552682654,0,Surplus,Healthy,0.18168360801342148,Low Saving
31604.0,6173.0,1729,6248,2312,2395,4338.0,23195.0,8409.0,26.613494287561974,7.454192713946971,26.93683983617159,9.96766544513904,10.325501185600343,20.143709574077935,0.7234975693289519,0,Surplus,Healthy,0.13726110618909,Low Saving
25060.0,8086.0,2837,6752,3101,2393,6760.0,29929.0,-4869.0,28.282496634599603,9.31477164527038,22.16895951669567,10.181567455757296,7.856978691269659,22.195226056407392,1.194293695131684,5,Deficit,Unhealthy,0.26975259377494015,Healthy Saving
33615.0,7897.0,1549,5969,2294,1425,5666.0,24800.0,8815.0,32.575695074663805,6.389736820394357,22.32076561339824,9.46291560102302,5.878227868987707,23.37265902153288,0.7377658783281271,0,Surplus,Healthy,0.1685557042986762,Low Saving
30427.0,9251.0,1493,7089,3178,2262,4369.0,27642.0,2785.0,33.4671876130526,5.4012010708342375,25.645756457564577,11.496997322914403,8.183199479053615,15.805658056580564,0.9084694514740198,0,Surplus,Healthy,0.1435895750484767,Low Saving
43220.375,7553.0,1120,6382,4118,1560,5463.0,26196.0,17024.375,28.832646205527563,4.275461902580547,24.36249809131165,15.719957245380977,7.68221184475491,20.854328905176363,0.5958127178826137,0,Surplus,Healthy,0.1263987181971466,Low Saving
25355.0,7385.0,1777,3657,2335,1359,7630.0,24143.0,1212.0,30.588576398956217,7.36031147744688,15.147247649422194,9.67154040508636,5.628960775380027,31.60336329370832,0.9521987773614673,0,Surplus,Healthy,0.3009268388877933,Healthy Saving
27479.0,10738.0,1748,6299,2857,1964,3860.0,27466.0,13.0,39.09560911672613,6.364232141556834,22.93380907303576,11.489829961092749,7.150658996577588,14.053739168426418,0.988770292454721,0,Surplus,At Risk,0.14047090505476909,Low Saving
29635.0,7802.0,2262,5593,1738,1547,5805.0,24747.0,4888.0,31.527053784297088,9.14050187901564,22.60071927910454,7.023073503859053,6.251262779326787,23.457388774396897,0.8350598953939598,0,Surplus,Healthy,0.19588324616163322,Low Saving
30161.0,9652.0,2121,6537,2849,2395,4859.0,28413.0,1748.0,33.97036567768275,7.68669977673486,23.007074226586425,10.02710027100271,8.42924013655721,17.101326857424418,0.9399594665380826,0,Surplus,Healthy,0.16110208547461954,Low Saving
31190.0,7549.0,1999,6944,3321,2407,5853.0,28073.0,3117.0,30.91315275062832,5.106088728754958,25.272045710958256,12.086472322305928,8.760053863231064,21.30145212359428,0.8701377748288155,1,Surplus,Healthy,0.18765630009618467,Low Saving
30161.0,11333.0,1803,6195,3360,1048,3690.0,27429.0,2732.0,41.31758357942324,6.573334791643881,22.585584600240622,12.249808596740676,3.820773633745306,13.452914798206278,0.9094194489572626,0,Surplus,Healthy,0.12234342362653758,Low Saving
30161.0,6643.0,1814,7665,3038,1585,5162.0,25907.0,4254.0,25.584440593106105,6.98632774889274,29.52050837666089,11.700365877142309,6.104371269015983,20.103986135181977,0.8589569311362355,0,Surplus,Healthy,0.17114817147972547,Low Saving
28239.0,6771.0,1112,5821,3444,1270,5162.0,23580.0,4659.0,26.415167947567586,4.338157843404986,22.7090079194788,13.43580540709242,4.954550774392385,28.147310108063824,0.8350154042281951,0,Surplus,Healthy,0.18279684124791953,Low Saving
31623.0,11049.0,1509,6624,4273,1768,3125.0,28348.0,3275.0,38.97629462395936,7.68669977673486,23.36672781148582,15.073373782982928,6.236771553548751,11.023705376040638,0.8757374451092816,0,Surplus,Healthy,0.09882047876545552,Low Saving
32902.0,7110.0,1614,6804,3856,2227,2341.0,23952.0,8950.0,29.684368737474948,7.68669977673486,28.406813627254508,16.098864395457582,9.297762191048763,9.77371409485638,0.7211420287011674,0,Surplus,Healthy,0.07115068992766398,Low Saving
36046.0,11202.0,2716,5902,2738,2004,2417.0,26979.0,9067.0,41.71600938442632,10.114326146054443,22.7434724203955,10.196253677428963,6.9936319964249805,9.000856515100732,0.7427813647639085,0,Surplus,Healthy,0.06705320978749375,Low Saving
29878.0,9783.0,2095,6778,2274,2004,2658.0,25592.0,4286.0,38.67868580239592,8.282924129205709,26.79792828055193,8.990629818526866,6.740995532360733,10.50883643695884,0.8565499698775019,0,Surplus,Healthy,0.08896177789678024,Low Saving
38194.0,7690.0,2331,5405,2796,2650,5162.0,26034.0,12160.0,28.416229399157487,8.613554061045008,19.97265538393319,10.331830611189122,9.792328726627744,22.873401818047448,0.681625386186312,0,Surplus,Healthy,0.13515211813373829,Low Saving
34540.0,4373.0,1250,5577,2526,847,5162.0,19735.0,14805.0,26.09032873933536,7.457788914742556,33.27367102201539,15.07069983891176,5.053397768629557,13.054113716365372,0.5713665315576144,0,Surplus,Healthy,0.14944991314418066,Low Saving
26462.0,7961.0,2597,4687,3225,2618,4404.0,25492.0,970.0,31.22940530362467,10.187509806998277,18.38616036403577,12.651027773419113,10.269888592499608,17.276008159422567,0.9633436626105358,0,Surplus,At Risk,0.16642732975587635,Low Saving
41049.0,8203.0,2650,6241,2409,1727,6236.0,27466.0,13583.0,29.866016165440907,9.648292434282386,22.722638899002405,8.77084395252312,6.287773975096483,22.7044345736547,0.6691027796048625,0,Surplus,Healthy,0.15191600282589102,Low Saving
31634.0,10334.0,1000,6325,2963,1960,5833.0,28415.0,3219.0,36.36811543199015,3.5192679922576104,22.259370051029386,10.4275910610593,6.897765264824916,20.143709574077935,0.9017065793907086,0,Surplus,Healthy,0.18439021306189543,Low Saving
25824.0,11176.0,1647,7179,3419,1736,4228.0,29385.0,-3561.0,38.03301003913561,5.604900459418071,24.43083205717203,11.6351880210992,5.907776076229369,14.38829334694572,1.1378949814126393,5,Deficit,Unhealthy,0.16372366790582404,Low Saving
38264.0,6630.0,2247,6791,2949,2771,5381.0,26769.0,11495.0,24.76745489185252,8.394037879636894,22.7434724203955,11.016474279950687,10.351526018902462,20.10161007135119,0.7184494260443697,0,Surplus,Healthy,0.1406282667781727,Low Saving
40388.0,9602.0,2322,5715,2526,1384,5214.0,26763.0,13625.0,35.877891118335015,8.676157381459477,21.354108283824683,9.438403766393902,5.171318611515899,19.482120838471022,0.6626473209864316,0,Surplus,Healthy,0.12909775180746758,Low Saving
30487.0,8086.0,1999,6177,1986,2004,5836.0,26088.0,4399.0,36.81423738785116,7.68669977673486,22.712898955728782,7.302544491837034,6.026621561994411,21.45903809383733,0.8389136025801096,1,Surplus,Healthy,0.19142585364253617,Low Saving
32722.0,4370.0,3027,5466,3014,1299,10205.5,27381.5,5340.5,19.62369212807041,13.592886972922,24.54533207598006,13.53450985675154,5.83322106964839,22.8703578966276,0.8367917608948108,0,Surplus,Healthy,0.31188497035633517,Healthy Saving
